Handle,REF,Nombre,Categoria,Descripción,Vendido por peso,Opción 1 nombre,Opción 1 valor,Opción 2 nombre,Opción 2 valor,Opción 3 nombre,Opción 3 valor,Coste,Codigo de barras,REF del componente,Cantidad del componente,Seguir el Inventario,Disponibles para la venta [Vecindario],Precio [Vecindario],En inventario [Vecindario],Existencias bajas [Vecindario],"modificador - ""Hamburguesas""","modificador - ""Icono""","modificador - ""Tebana""","modificador - ""Wendlandt""","modificador - ""Caudillo""","modificador - ""Cuatro palos""","modificador - ""Hamburguesa Vecindario""","modificador - ""Hamburguesa Teopanzolco""","modificador - ""Tiras empanizadas""","modificador - ""Ayinger""","modificador - ""Pilsner Urquel""","modificador - ""Bruer""","modificador - ""Punto Rojo""","modificador - ""Rámuri""","modificador - ""Volfas""","modificador - ""Moldova""","modificador - ""Chato""","modificador - ""Aquelarre""","modificador - ""Etienne""","modificador - ""Mac and Cheese""","modificador - ""Ensalada primavera""","modificador - ""Pizza""","modificador - ""Chicatana""","modificador - ""ABK""","modificador - ""Oveja Mística""","modificador - ""Nuevo Imperio""","modificador - ""Nómada""","modificador - ""tocino extra""","modificador - ""Perruchona""","modificador - ""St. Peter's""","modificador - ""Knee Deep""","modificador - ""Alesmith""","modificador - ""De Halve Maan""","modificador - ""Insurgente""","modificador - ""Vecindario""","modificador - ""Principia""","modificador - ""Pizza calabaza""","modificador - ""Cardera""","modificador - ""Ensalada caprese""","modificador - ""Farland""","modificador - ""Dos Aves""","modificador - ""Buqui Bichi""","modificador - ""Straffe Hendrik""","modificador - ""Santa Sabina""","modificador - ""Madueño""","modificador - ""Sacro""","modificador - ""Copete de Hueso""","modificador - ""Con Chicharrón""","modificador - ""Chaneque""","modificador - ""Arrachera""","modificador - ""Monkey Waves""","modificador - ""Crepa""","modificador - ""Guacamole""","modificador - ""Bichola""","modificador - ""Sierra Nevada""","modificador - ""Hercules""","modificador - ""Ludica"""
1906-black-coupage,11164,1906 Black Coupage,Lata/Botella,,N,,,,,,,45.00,,,,Y,Y,86.00,4.000,,N,N,N,N,N,N,N,N,N,N,N,N,N,N,N,N,N,N,N,N,N,N,N,N,N,N,N,N,N,N,N,N,N,N,N,N,N,N,N,N,N,N,N,N,N,N,N,N,N,N,N,N,N,N,N,N,N
1906-helles-bock,10463,1906 Helles Bock,Lata/Botella,,N,,,,,,,42.00,,,,Y,Y,90.00,0.000,,N,N,N,N,N,N,N,N,N,N,N,N,N,N,N,N,N,N,N,N,N,N,N,N,N,N,N,N,N,N,N,N,N,N,N,N,N,N,N,N,N,N,N,N,N,N,N,N,N,N,N,N,N,N,N,N,N
1906-la-milnueve-original,11165,1906 La Milnueve Original,Lata/Botella,,N,,,,,,,45.00,,,,Y,Y,86.00,3.000,,N,N,N,N,N,N,N,N,N,N,N,N,N,N,N,N,N,N,N,N,N,N,N,N,N,N,N,N,N,N,N,N,N,N,N,N,N,N,N,N,N,N,N,N,N,N,N,N,N,N,N,N,N,N,N,N,N
1906-la-pelirroja,11026,1906 La Pelirroja,Lata/Botella,,N,,,,,,,45.00,,,,Y,Y,86.00,5.000,,N,N,N,N,N,N,N,N,N,N,N,N,N,N,N,N,N,N,N,N,N,N,N,N,N,N,N,N,N,N,N,N,N,N,N,N,N,N,N,N,N,N,N,N,N,N,N,N,N,N,N,N,N,N,N,N,N
8-bit-cyberfunk,11180,8 Bit Cyberfunk,Lata/Botella,,N,,,,,,,195.00,,,,Y,Y,322.00,0.000,,N,N,N,N,N,N,N,N,N,N,N,N,N,N,N,N,N,N,N,N,N,N,N,N,N,N,N,N,N,N,N,N,N,N,N,N,N,N,N,N,N,N,N,N,N,N,N,N,N,N,N,N,N,N,N,N,N
8-bit-final-horizon,11056,8 Bit Final Horizon,Lata/Botella,,N,,,,,,,169.75,,,,Y,Y,297.00,1.000,,N,N,N,N,N,N,N,N,N,N,N,N,N,N,N,N,N,N,N,N,N,N,N,N,N,N,N,N,N,N,N,N,N,N,N,N,N,N,N,N,N,N,N,N,N,N,N,N,N,N,N,N,N,N,N,N,N
8-bit-god-of-pour,10812,8 Bit God of Pour,Lata/Botella,,N,,,,,,,172.00,,,,Y,Y,287.00,0.000,,N,N,N,N,N,N,N,N,N,N,N,N,N,N,N,N,N,N,N,N,N,N,N,N,N,N,N,N,N,N,N,N,N,N,N,N,N,N,N,N,N,N,N,N,N,N,N,N,N,N,N,N,N,N,N,N,N
8-bit-high-velocity,11074,8 Bit High Velocity,Lata/Botella,,N,,,,,,,160.00,,,,Y,Y,269.00,0.000,,N,N,N,N,N,N,N,N,N,N,N,N,N,N,N,N,N,N,N,N,N,N,N,N,N,N,N,N,N,N,N,N,N,N,N,N,N,N,N,N,N,N,N,N,N,N,N,N,N,N,N,N,N,N,N,N,N
8-bit-mario-tart,10813,8 Bit Mario Tart,Lata/Botella,,N,,,,,,,194.00,,,,Y,Y,321.00,0.000,,N,N,N,N,N,N,N,N,N,N,N,N,N,N,N,N,N,N,N,N,N,N,N,N,N,N,N,N,N,N,N,N,N,N,N,N,N,N,N,N,N,N,N,N,N,N,N,N,N,N,N,N,N,N,N,N,N
8-bit-master-of-illusion,10814,8 Bit Master Of Illusion,Lata/Botella,,N,,,,,,,194.00,,,,Y,Y,321.00,0.000,,N,N,N,N,N,N,N,N,N,N,N,N,N,N,N,N,N,N,N,N,N,N,N,N,N,N,N,N,N,N,N,N,N,N,N,N,N,N,N,N,N,N,N,N,N,N,N,N,N,N,N,N,N,N,N,N,N
8-bit-masterplan,10815,8 Bit Masterplan,Lata/Botella,,N,,,,,,,205.00,,,,Y,Y,337.00,0.000,,N,N,N,N,N,N,N,N,N,N,N,N,N,N,N,N,N,N,N,N,N,N,N,N,N,N,N,N,N,N,N,N,N,N,N,N,N,N,N,N,N,N,N,N,N,N,N,N,N,N,N,N,N,N,N,N,N
8-bit-swirling-me-softly,11076,8 Bit Swirling me Softly,Lata/Botella,,N,,,,,,,190.00,,,,Y,Y,315.00,2.000,,N,N,N,N,N,N,N,N,N,N,N,N,N,N,N,N,N,N,N,N,N,N,N,N,N,N,N,N,N,N,N,N,N,N,N,N,N,N,N,N,N,N,N,N,N,N,N,N,N,N,N,N,N,N,N,N,N
8-bit-the-nature-of-revenge,11075,8 Bit The Nature of Revenge,Lata/Botella,,N,,,,,,,180.00,,,,Y,Y,299.00,2.000,,N,N,N,N,N,N,N,N,N,N,N,N,N,N,N,N,N,N,N,N,N,N,N,N,N,N,N,N,N,N,N,N,N,N,N,N,N,N,N,N,N,N,N,N,N,N,N,N,N,N,N,N,N,N,N,N,N
8-bit-true-brewmance,10816,8 Bit True Brewmance,Lata/Botella,,N,,,,,,,161.00,,,,Y,Y,270.00,0.000,,N,N,N,N,N,N,N,N,N,N,N,N,N,N,N,N,N,N,N,N,N,N,N,N,N,N,N,N,N,N,N,N,N,N,N,N,N,N,N,N,N,N,N,N,N,N,N,N,N,N,N,N,N,N,N,N,N
8bit-chateau-de-la-dank,10962,8bit Chateau de la Dank,Lata/Botella,,N,,,,,,,174.60,,,,Y,Y,291.00,0.000,,N,N,N,N,N,N,N,N,N,N,N,N,N,N,N,N,N,N,N,N,N,N,N,N,N,N,N,N,N,N,N,N,N,N,N,N,N,N,N,N,N,N,N,N,N,N,N,N,N,N,N,N,N,N,N,N,N
8bit-mr-cheezle's-connect,11022,8bit Mr Cheezle's Connect,Lata/Botella,,N,,,,,,,150.34,,,,Y,Y,254.00,0.000,,N,N,N,N,N,N,N,N,N,N,N,N,N,N,N,N,N,N,N,N,N,N,N,N,N,N,N,N,N,N,N,N,N,N,N,N,N,N,N,N,N,N,N,N,N,N,N,N,N,N,N,N,N,N,N,N,N
8bit-size-matters-not-473-ml-lata-2,10178,8Bit Size Matters Not 473 ml lata,Lata/Botella,,N,,,,,,,0.00,,,,Y,Y,239.00,0.000,,N,N,N,N,N,N,N,N,N,N,N,N,N,N,N,N,N,N,N,N,N,N,N,N,N,N,N,N,N,N,N,N,N,N,N,N,N,N,N,N,N,N,N,N,N,N,N,N,N,N,N,N,N,N,N,N,N
903-brewers-brunch-buzz-stout-355-ml-lat-2,10170,903 Brewers Brunch Buzz Stout 355 ml lat,Lata/Botella,,N,,,,,,,0.00,,,,Y,Y,172.00,0.000,,N,N,N,N,N,N,N,N,N,N,N,N,N,N,N,N,N,N,N,N,N,N,N,N,N,N,N,N,N,N,N,N,N,N,N,N,N,N,N,N,N,N,N,N,N,N,N,N,N,N,N,N,N,N,N,N,N
903-brewers-pineapple-magic,10490,903 Brewers Pineapple Magic,Lata/Botella,,N,,,,,,,139.99,,,,Y,Y,238.00,0.000,,N,N,N,N,N,N,N,N,N,N,N,N,N,N,N,N,N,N,N,N,N,N,N,N,N,N,N,N,N,N,N,N,N,N,N,N,N,N,N,N,N,N,N,N,N,N,N,N,N,N,N,N,N,N,N,N,N
903-brewers-texas-bourbon-pie-1,3,903 Brewers Texas Bourbon Pie,Lata/Botella,,N,,,,,,,0.00,,,,Y,Y,279.00,0.000,1000.000,N,N,N,N,N,N,N,N,N,N,N,N,N,N,N,N,N,N,N,N,N,N,N,N,N,N,N,N,N,N,N,N,N,N,N,N,N,N,N,N,N,N,N,N,N,N,N,N,N,N,N,N,N,N,N,N,N
a.-le-coq-imperial-extra-double-stout,10507,A. Le Coq Imperial Extra Double Stout,Lata/Botella,,N,,,,,,,57.00,,,,Y,Y,115.00,10.000,0.000,N,N,N,N,N,N,N,N,N,N,N,N,N,N,N,N,N,N,N,N,N,N,N,N,N,N,N,N,N,N,N,N,N,N,N,N,N,N,N,N,N,N,N,N,N,N,N,N,N,N,N,N,N,N,N,N,N
abk-hefeweizen,10829,ABK Hefeweizen,Lata/Botella,,N,,,,,,,70.00,,,,Y,Y,133.00,0.000,,N,N,N,N,N,N,N,N,N,N,N,N,N,N,N,N,N,N,N,N,N,N,N,N,N,N,N,N,N,N,N,N,N,N,N,N,N,N,N,N,N,N,N,N,N,N,N,N,N,N,N,N,N,N,N,N,N
abk-schwarzbier,10828,ABK Schwarzbier,Lata/Botella,,N,,,,,,,70.00,,,,Y,Y,133.00,0.000,,N,N,N,N,N,N,N,N,N,N,N,N,N,N,N,N,N,N,N,N,N,N,N,N,N,N,N,N,N,N,N,N,N,N,N,N,N,N,N,N,N,N,N,N,N,N,N,N,N,N,N,N,N,N,N,N,N
achel-dubbel,11220,Achel Dubbel,Lata/Botella,,N,,,,,,,96.02,,,,Y,Y,175.00,5.000,,N,N,N,N,N,N,N,N,N,N,N,N,N,N,N,N,N,N,N,N,N,N,N,N,N,N,N,N,N,N,N,N,N,N,N,N,N,N,N,N,N,N,N,N,N,N,N,N,N,N,N,N,N,N,N,N,N
adriaen-brouwer-tripel,11221,Adriaen Brouwer Tripel,Lata/Botella,,N,,,,,,,97.96,,,,Y,Y,178.00,3.000,,N,N,N,N,N,N,N,N,N,N,N,N,N,N,N,N,N,N,N,N,N,N,N,N,N,N,N,N,N,N,N,N,N,N,N,N,N,N,N,N,N,N,N,N,N,N,N,N,N,N,N,N,N,N,N,N,N
agua-mala-astillero-355-ml-1,4,Agua Mala Astillero 355 ml,Lata/Botella,,N,,,,,,,0.00,,,,Y,Y,105.00,0.000,1000000.000,N,N,N,N,N,N,N,N,N,N,N,N,N,N,N,N,N,N,N,N,N,N,N,N,N,N,N,N,N,N,N,N,N,N,N,N,N,N,N,N,N,N,N,N,N,N,N,N,N,N,N,N,N,N,N,N,N
agua-mala-fugu-355-ml-2,43,Agua Mala Fugu 355 ml,Lata/Botella,,N,,,,,,,0.00,,,,Y,Y,100.00,0.000,1000000.000,N,N,N,N,N,N,N,N,N,N,N,N,N,N,N,N,N,N,N,N,N,N,N,N,N,N,N,N,N,N,N,N,N,N,N,N,N,N,N,N,N,N,N,N,N,N,N,N,N,N,N,N,N,N,N,N,N
agua-mala-mantarraya-355-ml-2,44,Agua Mala Mantarraya 355 ml,Lata/Botella,,N,,,,,,,0.00,,,,Y,Y,100.00,0.000,1000000.000,N,N,N,N,N,N,N,N,N,N,N,N,N,N,N,N,N,N,N,N,N,N,N,N,N,N,N,N,N,N,N,N,N,N,N,N,N,N,N,N,N,N,N,N,N,N,N,N,N,N,N,N,N,N,N,N,N
agua-mala-sirena-355-ml-2,45,Agua Mala Sirena 355 ml,Lata/Botella,,N,,,,,,,0.00,,,,Y,Y,100.00,0.000,1000000.000,N,N,N,N,N,N,N,N,N,N,N,N,N,N,N,N,N,N,N,N,N,N,N,N,N,N,N,N,N,N,N,N,N,N,N,N,N,N,N,N,N,N,N,N,N,N,N,N,N,N,N,N,N,N,N,N,N
agua-mala-triple-ipa-355-ml-2,40,Agua Mala Triple IPA 355 ml,Lata/Botella,,N,,,,,,,0.00,,,,Y,Y,110.00,0.000,1000000.000,N,N,N,N,N,N,N,N,N,N,N,N,N,N,N,N,N,N,N,N,N,N,N,N,N,N,N,N,N,N,N,N,N,N,N,N,N,N,N,N,N,N,N,N,N,N,N,N,N,N,N,N,N,N,N,N,N
agua-mala-vieja-355-ml-2,41,Agua Mala Vieja 355 ml,Lata/Botella,,N,,,,,,,0.00,,,,Y,Y,100.00,0.000,1000000.000,N,N,N,N,N,N,N,N,N,N,N,N,N,N,N,N,N,N,N,N,N,N,N,N,N,N,N,N,N,N,N,N,N,N,N,N,N,N,N,N,N,N,N,N,N,N,N,N,N,N,N,N,N,N,N,N,N
alesmith---barrel-aged-speedway-stout-coffee-cake-edition-2024-2,10324,Alesmith - Barrel Aged Speedway Stout Coffee Cake Edition 2024,Lata/Botella,,N,,,,,,,0.00,,,,Y,Y,464.00,0.000,,N,N,N,N,N,N,N,N,N,N,N,N,N,N,N,N,N,N,N,N,N,N,N,N,N,N,N,N,N,N,N,N,N,N,N,N,N,N,N,N,N,N,N,N,N,N,N,N,N,N,N,N,N,N,N,N,N
alesmith---barrel-aged-speedway-stout-vietnamese-coffee-2,10135,Alesmith - Barrel Aged Speedway Stout Vietnamese Coffee,Lata/Botella,,N,,,,,,,0.00,,,,Y,Y,390.00,0.000,1000000.000,N,N,N,N,N,N,N,N,N,N,N,N,N,N,N,N,N,N,N,N,N,N,N,N,N,N,N,N,N,N,N,N,N,N,N,N,N,N,N,N,N,N,N,N,N,N,N,N,N,N,N,N,N,N,N,N,N
alesmith---speedway-stout-botella-2,10323,Alesmith - Speedway Stout Botella,Lata/Botella,,N,,,,,,,0.00,,,,Y,Y,435.00,0.000,,N,N,N,N,N,N,N,N,N,N,N,N,N,N,N,N,N,N,N,N,N,N,N,N,N,N,N,N,N,N,N,N,N,N,N,N,N,N,N,N,N,N,N,N,N,N,N,N,N,N,N,N,N,N,N,N,N
alesmith-hazy-.394,10743,Alesmith Hazy .394,Lata/Botella,,N,,,,,,,60.66,,,,Y,Y,125.00,0.000,,N,N,N,N,N,N,N,N,N,N,N,N,N,N,N,N,N,N,N,N,N,N,N,N,N,N,N,N,N,N,N,N,N,N,N,N,N,N,N,N,N,N,N,N,N,N,N,N,N,N,N,N,N,N,N,N,N
alesmith-paquete-grand-prix,10515,Alesmith Paquete Grand prix,Lata/Botella,,N,,,,,,,0.00,,,,Y,Y,907.00,0.000,0.000,N,N,N,N,N,N,N,N,N,N,N,N,N,N,N,N,N,N,N,N,N,N,N,N,N,N,N,N,N,N,N,N,N,N,N,N,N,N,N,N,N,N,N,N,N,N,N,N,N,N,N,N,N,N,N,N,N
alesmith-party-tricks,10742,Alesmith Party Tricks,Lata/Botella,,N,,,,,,,69.83,,,,Y,Y,140.00,0.000,,N,N,N,N,N,N,N,N,N,N,N,N,N,N,N,N,N,N,N,N,N,N,N,N,N,N,N,N,N,N,N,N,N,N,N,N,N,N,N,N,N,N,N,N,N,N,N,N,N,N,N,N,N,N,N,N,N
alesmith-speedway-gp-pack,10530,Alesmith Speedway GP Pack,Lata/Botella,,N,,,,,,,567.00,,,,Y,Y,851.00,0.000,,N,N,N,N,N,N,N,N,N,N,N,N,N,N,N,N,N,N,N,N,N,N,N,N,N,N,N,N,N,N,N,N,N,N,N,N,N,N,N,N,N,N,N,N,N,N,N,N,N,N,N,N,N,N,N,N,N
alesmith-speedway-stout,10745,Alesmith Speedway Stout,Lata/Botella,,N,,,,,,,97.22,,,,Y,Y,205.00,0.000,,N,N,N,N,N,N,N,N,N,N,N,N,N,N,N,N,N,N,N,N,N,N,N,N,N,N,N,N,N,N,N,N,N,N,N,N,N,N,N,N,N,N,N,N,N,N,N,N,N,N,N,N,N,N,N,N,N
alesmith-tropical-party-tricks,10741,Alesmith Tropical Party Tricks,Lata/Botella,,N,,,,,,,69.83,,,,Y,Y,140.00,0.000,,N,N,N,N,N,N,N,N,N,N,N,N,N,N,N,N,N,N,N,N,N,N,N,N,N,N,N,N,N,N,N,N,N,N,N,N,N,N,N,N,N,N,N,N,N,N,N,N,N,N,N,N,N,N,N,N,N
alesmith.-394,10744,Alesmith. 394,Lata/Botella,,N,,,,,,,60.66,,,,Y,Y,125.00,0.000,,N,N,N,N,N,N,N,N,N,N,N,N,N,N,N,N,N,N,N,N,N,N,N,N,N,N,N,N,N,N,N,N,N,N,N,N,N,N,N,N,N,N,N,N,N,N,N,N,N,N,N,N,N,N,N,N,N
allagash-hop-reach-(lata)-12-oz-2,70,Allagash Hop Reach (Lata) 12 oz,Lata/Botella,,N,,,,,,,0.00,,,,Y,Y,125.00,0.000,1000000.000,N,N,N,N,N,N,N,N,N,N,N,N,N,N,N,N,N,N,N,N,N,N,N,N,N,N,N,N,N,N,N,N,N,N,N,N,N,N,N,N,N,N,N,N,N,N,N,N,N,N,N,N,N,N,N,N,N
allagash-tripel-355-ml-2,71,Allagash Tripel 355 ml,Lata/Botella,,N,,,,,,,0.00,,,,Y,Y,135.00,0.000,1000000.000,N,N,N,N,N,N,N,N,N,N,N,N,N,N,N,N,N,N,N,N,N,N,N,N,N,N,N,N,N,N,N,N,N,N,N,N,N,N,N,N,N,N,N,N,N,N,N,N,N,N,N,N,N,N,N,N,N
allagash-white-(lata)-12-oz-2,69,Allagash White (Lata) 12 oz,Lata/Botella,,N,,,,,,,0.00,,,,Y,Y,115.00,0.000,1000000.000,N,N,N,N,N,N,N,N,N,N,N,N,N,N,N,N,N,N,N,N,N,N,N,N,N,N,N,N,N,N,N,N,N,N,N,N,N,N,N,N,N,N,N,N,N,N,N,N,N,N,N,N,N,N,N,N,N
allende-baltic-porter-2,10222,Allende baltic porter,Lata/Botella,,N,,,,,,,0.00,,,,Y,Y,95.00,0.000,0.000,N,N,N,N,N,N,N,N,N,N,N,N,N,N,N,N,N,N,N,N,N,N,N,N,N,N,N,N,N,N,N,N,N,N,N,N,N,N,N,N,N,N,N,N,N,N,N,N,N,N,N,N,N,N,N,N,N
arellano---sr-ollin-stout-2,10215,Arellano - Sr Ollin Stout,Lata/Botella,,N,,,,,,,0.00,,,,Y,Y,72.00,0.000,,N,N,N,N,N,N,N,N,N,N,N,N,N,N,N,N,N,N,N,N,N,N,N,N,N,N,N,N,N,N,N,N,N,N,N,N,N,N,N,N,N,N,N,N,N,N,N,N,N,N,N,N,N,N,N,N,N
arellanos---sra.-ollín-lager,10191,Arellanos - Sra. Ollín Lager,Lata/Botella,,N,,,,,,,0.00,,,,Y,Y,72.00,0.000,,N,N,N,N,N,N,N,N,N,N,N,N,N,N,N,N,N,N,N,N,N,N,N,N,N,N,N,N,N,N,N,N,N,N,N,N,N,N,N,N,N,N,N,N,N,N,N,N,N,N,N,N,N,N,N,N,N
asahi---asahi-2,10265,Asahi - Asahi,Lata/Botella,,N,,,,,,,64.00,,,,Y,Y,122.00,0.000,,N,N,N,N,N,N,N,N,N,N,N,N,N,N,N,N,N,N,N,N,N,N,N,N,N,N,N,N,N,N,N,N,N,N,N,N,N,N,N,N,N,N,N,N,N,N,N,N,N,N,N,N,N,N,N,N,N
augustiner-lager,10517,Augustiner Lager,Lata/Botella,,N,,,,,,,81.99,,,,Y,Y,152.00,0.000,,N,N,N,N,N,N,N,N,N,N,N,N,N,N,N,N,N,N,N,N,N,N,N,N,N,N,N,N,N,N,N,N,N,N,N,N,N,N,N,N,N,N,N,N,N,N,N,N,N,N,N,N,N,N,N,N,N
augustiner-maximator,10518,Augustiner Maximator,Lata/Botella,,N,,,,,,,81.99,,,,Y,Y,152.00,0.000,,N,N,N,N,N,N,N,N,N,N,N,N,N,N,N,N,N,N,N,N,N,N,N,N,N,N,N,N,N,N,N,N,N,N,N,N,N,N,N,N,N,N,N,N,N,N,N,N,N,N,N,N,N,N,N,N,N
augustiner-weissbier,10519,Augustiner Weissbier,Lata/Botella,,N,,,,,,,81.99,,,,Y,Y,152.00,0.000,,N,N,N,N,N,N,N,N,N,N,N,N,N,N,N,N,N,N,N,N,N,N,N,N,N,N,N,N,N,N,N,N,N,N,N,N,N,N,N,N,N,N,N,N,N,N,N,N,N,N,N,N,N,N,N,N,N
ayinger-altbarisch-dunkel,10731,Ayinger Altbarisch Dunkel,Lata/Botella,,N,,,,,,,71.77,,,,Y,Y,136.00,4.000,,N,N,N,N,N,N,N,N,N,N,N,N,N,N,N,N,N,N,N,N,N,N,N,N,N,N,N,N,N,N,N,N,N,N,N,N,N,N,N,N,N,N,N,N,N,N,N,N,N,N,N,N,N,N,N,N,N
ayinger-brauweisse,10732,Ayinger Brauweisse,Lata/Botella,,N,,,,,,,70.80,,,,Y,Y,135.00,0.000,,N,N,N,N,N,N,N,N,N,N,N,N,N,N,N,N,N,N,N,N,N,N,N,N,N,N,N,N,N,N,N,N,N,N,N,N,N,N,N,N,N,N,N,N,N,N,N,N,N,N,N,N,N,N,N,N,N
ayinger-celebrator-2,10357,Ayinger Celebrator,Lata/Botella,,N,,,,,,,58.20,,,,Y,Y,128.00,6.000,,N,N,N,N,N,N,N,N,N,N,N,N,N,N,N,N,N,N,N,N,N,N,N,N,N,N,N,N,N,N,N,N,N,N,N,N,N,N,N,N,N,N,N,N,N,N,N,N,N,N,N,N,N,N,N,N,N
ayinger-fruhlingsbier,11212,Ayinger Fruhlingsbier,Lata/Botella,,N,,,,,,,71.77,,,,Y,Y,136.00,2.000,,N,N,N,N,N,N,N,N,N,N,N,N,N,N,N,N,N,N,N,N,N,N,N,N,N,N,N,N,N,N,N,N,N,N,N,N,N,N,N,N,N,N,N,N,N,N,N,N,N,N,N,N,N,N,N,N,N
ayinger-jahrhundertbier,10730,Ayinger Jahrhundertbier,Lata/Botella,,N,,,,,,,69.83,,,,Y,Y,134.00,0.000,,N,N,N,N,N,N,N,N,N,N,N,N,N,N,N,N,N,N,N,N,N,N,N,N,N,N,N,N,N,N,N,N,N,N,N,N,N,N,N,N,N,N,N,N,N,N,N,N,N,N,N,N,N,N,N,N,N
ayinger-urweisse,10967,Ayinger Urweisse,Lata/Botella,,N,,,,,,,70.80,,,,Y,Y,135.00,0.000,,N,N,N,N,N,N,N,N,N,N,N,N,N,N,N,N,N,N,N,N,N,N,N,N,N,N,N,N,N,N,N,N,N,N,N,N,N,N,N,N,N,N,N,N,N,N,N,N,N,N,N,N,N,N,N,N,N
baja-brewing---peyote-2,10276,Baja Brewing - Peyote,Lata/Botella,,N,,,,,,,0.00,,,,Y,Y,86.00,0.000,,N,N,N,N,N,N,N,N,N,N,N,N,N,N,N,N,N,N,N,N,N,N,N,N,N,N,N,N,N,N,N,N,N,N,N,N,N,N,N,N,N,N,N,N,N,N,N,N,N,N,N,N,N,N,N,N,N
baja-brewing---peyote-añeja,10217,Baja Brewing - Peyote Añeja,Lata/Botella,,N,,,,,,,0.00,,,,Y,Y,635.00,0.000,0.000,N,N,N,N,N,N,N,N,N,N,N,N,N,N,N,N,N,N,N,N,N,N,N,N,N,N,N,N,N,N,N,N,N,N,N,N,N,N,N,N,N,N,N,N,N,N,N,N,N,N,N,N,N,N,N,N,N
baja-brewing-arena-355-ml-2,28,Baja Brewing Arena 355 ml,Lata/Botella,,N,,,,,,,0.00,,,,Y,Y,110.00,0.000,1000000.000,N,N,N,N,N,N,N,N,N,N,N,N,N,N,N,N,N,N,N,N,N,N,N,N,N,N,N,N,N,N,N,N,N,N,N,N,N,N,N,N,N,N,N,N,N,N,N,N,N,N,N,N,N,N,N,N,N
baja-brewing-ay-ay-ipa-355-ml-2,36,Baja Brewing Ay Ay IPA 355 ml,Lata/Botella,,N,,,,,,,0.00,,,,Y,Y,100.00,0.000,1000000.000,N,N,N,N,N,N,N,N,N,N,N,N,N,N,N,N,N,N,N,N,N,N,N,N,N,N,N,N,N,N,N,N,N,N,N,N,N,N,N,N,N,N,N,N,N,N,N,N,N,N,N,N,N,N,N,N,N
baja-brewing-baja-razz-355-ml-2,32,Baja Brewing Baja Razz 355 ml,Lata/Botella,,N,,,,,,,48.00,,,,Y,Y,98.00,0.000,1000000.000,N,N,N,N,N,N,N,N,N,N,N,N,N,N,N,N,N,N,N,N,N,N,N,N,N,N,N,N,N,N,N,N,N,N,N,N,N,N,N,N,N,N,N,N,N,N,N,N,N,N,N,N,N,N,N,N,N
baja-brewing-baja-stout-355-ml-2,31,Baja Brewing Baja Stout 355 ml,Lata/Botella,,N,,,,,,,0.00,,,,Y,Y,100.00,0.000,1000000.000,N,N,N,N,N,N,N,N,N,N,N,N,N,N,N,N,N,N,N,N,N,N,N,N,N,N,N,N,N,N,N,N,N,N,N,N,N,N,N,N,N,N,N,N,N,N,N,N,N,N,N,N,N,N,N,N,N
baja-brewing-cabotella-355-ml-2,33,Baja Brewing Cabotella 355 ml,Lata/Botella,,N,,,,,,,0.00,,,,Y,Y,100.00,0.000,1000000.000,N,N,N,N,N,N,N,N,N,N,N,N,N,N,N,N,N,N,N,N,N,N,N,N,N,N,N,N,N,N,N,N,N,N,N,N,N,N,N,N,N,N,N,N,N,N,N,N,N,N,N,N,N,N,N,N,N
baja-brewing-escorpión-negro-355-ml,34,Baja Brewing Escorpión Negro 355 ml,Lata/Botella,,N,,,,,,,0.00,,,,Y,Y,100.00,0.000,1000000.000,N,N,N,N,N,N,N,N,N,N,N,N,N,N,N,N,N,N,N,N,N,N,N,N,N,N,N,N,N,N,N,N,N,N,N,N,N,N,N,N,N,N,N,N,N,N,N,N,N,N,N,N,N,N,N,N,N
baja-brewing-lolobrije,10480,Baja Brewing Lolobrije,Lata/Botella,,N,,,,,,,48.00,,,,Y,Y,98.00,0.000,,N,N,N,N,N,N,N,N,N,N,N,N,N,N,N,N,N,N,N,N,N,N,N,N,N,N,N,N,N,N,N,N,N,N,N,N,N,N,N,N,N,N,N,N,N,N,N,N,N,N,N,N,N,N,N,N,N
baja-brewing-mango-wheat-355-ml-2,30,Baja Brewing Mango Wheat 355 ml,Lata/Botella,,N,,,,,,,48.00,,,,Y,Y,98.00,0.000,1000000.000,N,N,N,N,N,N,N,N,N,N,N,N,N,N,N,N,N,N,N,N,N,N,N,N,N,N,N,N,N,N,N,N,N,N,N,N,N,N,N,N,N,N,N,N,N,N,N,N,N,N,N,N,N,N,N,N,N
baja-brewing-pelirroja-355-ml-2,35,Baja Brewing Pelirroja 355 ml,Lata/Botella,,N,,,,,,,0.00,,,,Y,Y,100.00,0.000,1000000.000,N,N,N,N,N,N,N,N,N,N,N,N,N,N,N,N,N,N,N,N,N,N,N,N,N,N,N,N,N,N,N,N,N,N,N,N,N,N,N,N,N,N,N,N,N,N,N,N,N,N,N,N,N,N,N,N,N
baja-brewing-sidra-estero-355-ml-2,29,Baja Brewing Sidra Estero 355 ml,Lata/Botella,,N,,,,,,,0.00,,,,Y,Y,110.00,0.000,1000000.000,N,N,N,N,N,N,N,N,N,N,N,N,N,N,N,N,N,N,N,N,N,N,N,N,N,N,N,N,N,N,N,N,N,N,N,N,N,N,N,N,N,N,N,N,N,N,N,N,N,N,N,N,N,N,N,N,N
baja-brewing-suculenta,10481,Baja Brewing Suculenta,Lata/Botella,,N,,,,,,,48.00,,,,Y,Y,91.00,0.000,0.000,N,N,N,N,N,N,N,N,N,N,N,N,N,N,N,N,N,N,N,N,N,N,N,N,N,N,N,N,N,N,N,N,N,N,N,N,N,N,N,N,N,N,N,N,N,N,N,N,N,N,N,N,N,N,N,N,N
baja-lolobrije,10919,Baja Lolobrije,Lata/Botella,,N,,,,,,,48.00,,,,Y,Y,91.00,0.000,,N,N,N,N,N,N,N,N,N,N,N,N,N,N,N,N,N,N,N,N,N,N,N,N,N,N,N,N,N,N,N,N,N,N,N,N,N,N,N,N,N,N,N,N,N,N,N,N,N,N,N,N,N,N,N,N,N
baltika---no.6-2,10131,Baltika - No.6,Lata/Botella,,N,,,,,,,91.00,,,,Y,Y,167.00,2.000,1000000.000,N,N,N,N,N,N,N,N,N,N,N,N,N,N,N,N,N,N,N,N,N,N,N,N,N,N,N,N,N,N,N,N,N,N,N,N,N,N,N,N,N,N,N,N,N,N,N,N,N,N,N,N,N,N,N,N,N
baltika---no.7-2,10132,Baltika - No.7,Lata/Botella,,N,,,,,,,91.00,,,,Y,Y,167.00,0.000,1000000.000,N,N,N,N,N,N,N,N,N,N,N,N,N,N,N,N,N,N,N,N,N,N,N,N,N,N,N,N,N,N,N,N,N,N,N,N,N,N,N,N,N,N,N,N,N,N,N,N,N,N,N,N,N,N,N,N,N
baltika---no.9-2,10133,Baltika - No.9,Lata/Botella,,N,,,,,,,91.00,,,,Y,Y,167.00,1.000,1000000.000,N,N,N,N,N,N,N,N,N,N,N,N,N,N,N,N,N,N,N,N,N,N,N,N,N,N,N,N,N,N,N,N,N,N,N,N,N,N,N,N,N,N,N,N,N,N,N,N,N,N,N,N,N,N,N,N,N
baltika-russian-imperial-stout,10665,Baltika russian imperial stout,Lata/Botella,,N,,,,,,,82.00,,,,Y,Y,153.00,0.000,,N,N,N,N,N,N,N,N,N,N,N,N,N,N,N,N,N,N,N,N,N,N,N,N,N,N,N,N,N,N,N,N,N,N,N,N,N,N,N,N,N,N,N,N,N,N,N,N,N,N,N,N,N,N,N,N,N
banana-bread---botella-2,10256,Banana Bread - Botella,Lata/Botella,,N,,,,,,,99.00,,,,Y,Y,180.00,0.000,,N,N,N,N,N,N,N,N,N,N,N,N,N,N,N,N,N,N,N,N,N,N,N,N,N,N,N,N,N,N,N,N,N,N,N,N,N,N,N,N,N,N,N,N,N,N,N,N,N,N,N,N,N,N,N,N,N
barbe-ruby,10632,Barbe Ruby,Lata/Botella,,N,,,,,,,100.87,,,,Y,Y,183.00,0.000,,N,N,N,N,N,N,N,N,N,N,N,N,N,N,N,N,N,N,N,N,N,N,N,N,N,N,N,N,N,N,N,N,N,N,N,N,N,N,N,N,N,N,N,N,N,N,N,N,N,N,N,N,N,N,N,N,N
beachwood-amalgamator-473-ml-lata-2,10171,Beachwood Amalgamator 473 ml lata,Lata/Botella,,N,,,,,,,0.00,,,,Y,Y,176.00,0.000,,N,N,N,N,N,N,N,N,N,N,N,N,N,N,N,N,N,N,N,N,N,N,N,N,N,N,N,N,N,N,N,N,N,N,N,N,N,N,N,N,N,N,N,N,N,N,N,N,N,N,N,N,N,N,N,N,N
beachwood-coolship-peach-apricot-nectarin,10971,Beachwood Coolship Peach Apricot Nectarin,Lata/Botella,,N,,,,,,,414.18,,,,Y,Y,634.00,0.000,,N,N,N,N,N,N,N,N,N,N,N,N,N,N,N,N,N,N,N,N,N,N,N,N,N,N,N,N,N,N,N,N,N,N,N,N,N,N,N,N,N,N,N,N,N,N,N,N,N,N,N,N,N,N,N,N,N
beachwood-frambiek,10579,Beachwood Frambiek Vanity Blend,Lata/Botella,,N,,,,,,,435.53,,,,Y,Y,696.00,2.000,,N,N,N,N,N,N,N,N,N,N,N,N,N,N,N,N,N,N,N,N,N,N,N,N,N,N,N,N,N,N,N,N,N,N,N,N,N,N,N,N,N,N,N,N,N,N,N,N,N,N,N,N,N,N,N,N,N
beachwood-funk-yeah,10715,Beachwood Funk Yeah,Lata/Botella,,N,,,,,,,448.99,,,,Y,Y,728.00,1.000,,N,N,N,N,N,N,N,N,N,N,N,N,N,N,N,N,N,N,N,N,N,N,N,N,N,N,N,N,N,N,N,N,N,N,N,N,N,N,N,N,N,N,N,N,N,N,N,N,N,N,N,N,N,N,N,N,N
beachwood-funk-yeah-peach,10822,Beachwood Funk Yeah Peach,Lata/Botella,,N,,,,,,,455.90,,,,Y,Y,728.00,0.000,,N,N,N,N,N,N,N,N,N,N,N,N,N,N,N,N,N,N,N,N,N,N,N,N,N,N,N,N,N,N,N,N,N,N,N,N,N,N,N,N,N,N,N,N,N,N,N,N,N,N,N,N,N,N,N,N,N
beachwood-we-are-who-we-pretend-to-be,10580,Beachwood We Are Who We Pretend To Be,Lata/Botella,,N,,,,,,,514.10,,,,Y,Y,796.00,0.000,,N,N,N,N,N,N,N,N,N,N,N,N,N,N,N,N,N,N,N,N,N,N,N,N,N,N,N,N,N,N,N,N,N,N,N,N,N,N,N,N,N,N,N,N,N,N,N,N,N,N,N,N,N,N,N,N,N
beer-zombies-from-beyond-the-haze,10774,Beer Zombies From Beyond the Haze,Lata/Botella,,N,,,,,,,175.00,,,,Y,Y,292.00,0.000,,N,N,N,N,N,N,N,N,N,N,N,N,N,N,N,N,N,N,N,N,N,N,N,N,N,N,N,N,N,N,N,N,N,N,N,N,N,N,N,N,N,N,N,N,N,N,N,N,N,N,N,N,N,N,N,N,N
beer-zombies-hazeraise,11078,Beer Zombies Hazeraise,Lata/Botella,,N,,,,,,,180.00,,,,Y,Y,299.00,0.000,,N,N,N,N,N,N,N,N,N,N,N,N,N,N,N,N,N,N,N,N,N,N,N,N,N,N,N,N,N,N,N,N,N,N,N,N,N,N,N,N,N,N,N,N,N,N,N,N,N,N,N,N,N,N,N,N,N
beer-zombies-nightmare-on-haze-street-part-2,11077,Beer Zombies Nightmare on Haze Street Part 2,Lata/Botella,,N,,,,,,,160.00,,,,Y,Y,269.00,0.000,,N,N,N,N,N,N,N,N,N,N,N,N,N,N,N,N,N,N,N,N,N,N,N,N,N,N,N,N,N,N,N,N,N,N,N,N,N,N,N,N,N,N,N,N,N,N,N,N,N,N,N,N,N,N,N,N,N
beer-zombies-zombie-hwhip-peach-passion-fruit-lemonade,10792,Beer Zombies Zombie HWhip Peach Passion Fruit Lemonade,Lata/Botella,,N,,,,,,,180.00,,,,Y,Y,299.00,0.000,,N,N,N,N,N,N,N,N,N,N,N,N,N,N,N,N,N,N,N,N,N,N,N,N,N,N,N,N,N,N,N,N,N,N,N,N,N,N,N,N,N,N,N,N,N,N,N,N,N,N,N,N,N,N,N,N,N
beer-zombies-zombie-slaycation,11055,Beer zombies-Zombie Slaycation,Lata/Botella,,N,,,,,,,160.04,,,,Y,Y,269.00,0.000,,N,N,N,N,N,N,N,N,N,N,N,N,N,N,N,N,N,N,N,N,N,N,N,N,N,N,N,N,N,N,N,N,N,N,N,N,N,N,N,N,N,N,N,N,N,N,N,N,N,N,N,N,N,N,N,N,N
beer-zombies-zombie-wars,10698,Beer zombies-Zombie wars,Lata/Botella,,N,,,,,,,0.00,,,,Y,Y,258.00,0.000,,N,N,N,N,N,N,N,N,N,N,N,N,N,N,N,N,N,N,N,N,N,N,N,N,N,N,N,N,N,N,N,N,N,N,N,N,N,N,N,N,N,N,N,N,N,N,N,N,N,N,N,N,N,N,N,N,N
belchin-b.-hop-trail,10817,Belchin B. Hop Trail,Lata/Botella,,N,,,,,,,90.00,,,,Y,Y,166.00,0.000,,N,N,N,N,N,N,N,N,N,N,N,N,N,N,N,N,N,N,N,N,N,N,N,N,N,N,N,N,N,N,N,N,N,N,N,N,N,N,N,N,N,N,N,N,N,N,N,N,N,N,N,N,N,N,N,N,N
belching-beaver---deftones-phantom-bride-(lata)-2,10318,Belching Beaver - Deftones Phantom Bride (Lata),Lata/Botella,,N,,,,,,,87.99,,,,Y,Y,162.00,0.000,,N,N,N,N,N,N,N,N,N,N,N,N,N,N,N,N,N,N,N,N,N,N,N,N,N,N,N,N,N,N,N,N,N,N,N,N,N,N,N,N,N,N,N,N,N,N,N,N,N,N,N,N,N,N,N,N,N
belching-beaver---peanut-butter-milk-stout-(lata)-2,10316,Belching Beaver - Peanut Butter Milk Stout (Lata),Lata/Botella,,N,,,,,,,90.00,,,,Y,Y,166.00,3.000,,N,N,N,N,N,N,N,N,N,N,N,N,N,N,N,N,N,N,N,N,N,N,N,N,N,N,N,N,N,N,N,N,N,N,N,N,N,N,N,N,N,N,N,N,N,N,N,N,N,N,N,N,N,N,N,N,N
belching-beaver---west-bestern-2,10320,Belching Beaver - West Bestern,Lata/Botella,,N,,,,,,,0.00,,,,Y,Y,155.00,0.000,,N,N,N,N,N,N,N,N,N,N,N,N,N,N,N,N,N,N,N,N,N,N,N,N,N,N,N,N,N,N,N,N,N,N,N,N,N,N,N,N,N,N,N,N,N,N,N,N,N,N,N,N,N,N,N,N,N
belching-beaver-¡viva-la-beaver!,10373,Belching Beaver ¡Viva la Beaver!,Lata/Botella,,N,,,,,,,101.00,,,,Y,Y,183.00,0.000,0.000,N,N,N,N,N,N,N,N,N,N,N,N,N,N,N,N,N,N,N,N,N,N,N,N,N,N,N,N,N,N,N,N,N,N,N,N,N,N,N,N,N,N,N,N,N,N,N,N,N,N,N,N,N,N,N,N,N
belching-beaver-imperial-phantom,10494,Belching Beaver Imperial Phantom,Lata/Botella,,N,,,,,,,125.00,,,,Y,Y,218.00,0.000,,N,N,N,N,N,N,N,N,N,N,N,N,N,N,N,N,N,N,N,N,N,N,N,N,N,N,N,N,N,N,N,N,N,N,N,N,N,N,N,N,N,N,N,N,N,N,N,N,N,N,N,N,N,N,N,N,N
belching-beaver-tropical-terps,10787,Belching Beaver-Tropical Terps,Lata/Botella,,N,,,,,,,90.00,,,,Y,Y,166.00,0.000,,N,N,N,N,N,N,N,N,N,N,N,N,N,N,N,N,N,N,N,N,N,N,N,N,N,N,N,N,N,N,N,N,N,N,N,N,N,N,N,N,N,N,N,N,N,N,N,N,N,N,N,N,N,N,N,N,N
belhaven-best-(azul),11001,Belhaven Best (azul),Lata/Botella,,N,,,,,,,55.00,,,,Y,Y,118.00,-1.000,,N,N,N,N,N,N,N,N,N,N,N,N,N,N,N,N,N,N,N,N,N,N,N,N,N,N,N,N,N,N,N,N,N,N,N,N,N,N,N,N,N,N,N,N,N,N,N,N,N,N,N,N,N,N,N,N,N
belhaven-black-original,10918,Belhaven Black Original,Lata/Botella,,N,,,,,,,55.00,,,,Y,Y,118.00,3.000,,N,N,N,N,N,N,N,N,N,N,N,N,N,N,N,N,N,N,N,N,N,N,N,N,N,N,N,N,N,N,N,N,N,N,N,N,N,N,N,N,N,N,N,N,N,N,N,N,N,N,N,N,N,N,N,N,N
belhaven-mc'callums-(roja),11000,Belhaven Mc'Callums (roja),Lata/Botella,,N,,,,,,,55.00,,,,Y,Y,118.00,2.000,,N,N,N,N,N,N,N,N,N,N,N,N,N,N,N,N,N,N,N,N,N,N,N,N,N,N,N,N,N,N,N,N,N,N,N,N,N,N,N,N,N,N,N,N,N,N,N,N,N,N,N,N,N,N,N,N,N
bichos-paseo-del-centenario,10827,Bichola Paseo del Centenario,Lata/Botella,,N,,,,,,,61.00,,,,Y,Y,116.00,0.000,,N,N,N,N,N,N,N,N,N,N,N,N,N,N,N,N,N,N,N,N,N,N,N,N,N,N,N,N,N,N,N,N,N,N,N,N,N,N,N,N,N,N,N,N,N,N,N,N,N,N,N,N,N,N,N,N,N
barra-moretti,10991,Birra Moretti,Lata/Botella,,N,,,,,,,52.00,,,,Y,Y,99.00,13.000,,N,N,N,N,N,N,N,N,N,N,N,N,N,N,N,N,N,N,N,N,N,N,N,N,N,N,N,N,N,N,N,N,N,N,N,N,N,N,N,N,N,N,N,N,N,N,N,N,N,N,N,N,N,N,N,N,N
blue-moon-2,10203,Blue moon,Lata/Botella,,N,,,,,,,58.00,,,,Y,Y,110.00,5.000,0.000,N,N,N,N,N,N,N,N,N,N,N,N,N,N,N,N,N,N,N,N,N,N,N,N,N,N,N,N,N,N,N,N,N,N,N,N,N,N,N,N,N,N,N,N,N,N,N,N,N,N,N,N,N,N,N,N,N
bockbier,10722,Bockbier,Lata/Botella,,N,,,,,,,0.00,,,,Y,Y,143.00,0.000,,N,N,N,N,N,N,N,N,N,N,N,N,N,N,N,N,N,N,N,N,N,N,N,N,N,N,N,N,N,N,N,N,N,N,N,N,N,N,N,N,N,N,N,N,N,N,N,N,N,N,N,N,N,N,N,N,N
bohemia-cristal,10830,Bohemia Cristal,Lata/Botella,,N,,,,,,,0.00,,,,Y,Y,78.00,12.000,,N,N,N,N,N,N,N,N,N,N,N,N,N,N,N,N,N,N,N,N,N,N,N,N,N,N,N,N,N,N,N,N,N,N,N,N,N,N,N,N,N,N,N,N,N,N,N,N,N,N,N,N,N,N,N,N,N
bohemia-nochebuena,10069,Bohemia Nochebuena,Lata/Botella,,N,,,,,,,0.00,,,,Y,Y,78.00,0.000,,N,N,N,N,N,N,N,N,N,N,N,N,N,N,N,N,N,N,N,N,N,N,N,N,N,N,N,N,N,N,N,N,N,N,N,N,N,N,N,N,N,N,N,N,N,N,N,N,N,N,N,N,N,N,N,N,N
bohemia-2,10377,Bohemia Pilsner,Lata/Botella,,N,,,,,,,0.00,,,,Y,Y,78.00,4.000,0.000,N,N,N,N,N,N,N,N,N,N,N,N,N,N,N,N,N,N,N,N,N,N,N,N,N,N,N,N,N,N,N,N,N,N,N,N,N,N,N,N,N,N,N,N,N,N,N,N,N,N,N,N,N,N,N,N,N
bohemia-vienna,10831,Bohemia Vienna,Lata/Botella,,N,,,,,,,0.00,,,,Y,Y,78.00,9.000,,N,N,N,N,N,N,N,N,N,N,N,N,N,N,N,N,N,N,N,N,N,N,N,N,N,N,N,N,N,N,N,N,N,N,N,N,N,N,N,N,N,N,N,N,N,N,N,N,N,N,N,N,N,N,N,N,N
bombardier-500ml-2,10221,Bombardier 500ml,Lata/Botella,,N,,,,,,,99.00,,,,Y,Y,180.00,0.000,0.000,N,N,N,N,N,N,N,N,N,N,N,N,N,N,N,N,N,N,N,N,N,N,N,N,N,N,N,N,N,N,N,N,N,N,N,N,N,N,N,N,N,N,N,N,N,N,N,N,N,N,N,N,N,N,N,N,N
boon-faro,10821,Boon Faro,Lata/Botella,,N,,,,,,,72.74,,,,Y,Y,137.00,6.000,,N,N,N,N,N,N,N,N,N,N,N,N,N,N,N,N,N,N,N,N,N,N,N,N,N,N,N,N,N,N,N,N,N,N,N,N,N,N,N,N,N,N,N,N,N,N,N,N,N,N,N,N,N,N,N,N,N
boon-framboise,11154,Boon Framboise,Lata/Botella,,N,,,,,,,92.14,,,,Y,Y,169.00,6.000,,N,N,N,N,N,N,N,N,N,N,N,N,N,N,N,N,N,N,N,N,N,N,N,N,N,N,N,N,N,N,N,N,N,N,N,N,N,N,N,N,N,N,N,N,N,N,N,N,N,N,N,N,N,N,N,N,N
boon-kriek,11155,Boon Kriek,Lata/Botella,,N,,,,,,,76.00,,,,Y,Y,143.00,0.000,,N,N,N,N,N,N,N,N,N,N,N,N,N,N,N,N,N,N,N,N,N,N,N,N,N,N,N,N,N,N,N,N,N,N,N,N,N,N,N,N,N,N,N,N,N,N,N,N,N,N,N,N,N,N,N,N,N
boon-kriek-marriage-parfait,11213,Boon Kriek Marriage Parfait,Lata/Botella,,N,,,,,,,193.03,,,,Y,Y,319.00,3.000,,N,N,N,N,N,N,N,N,N,N,N,N,N,N,N,N,N,N,N,N,N,N,N,N,N,N,N,N,N,N,N,N,N,N,N,N,N,N,N,N,N,N,N,N,N,N,N,N,N,N,N,N,N,N,N,N,N
boscoli---frutas-del-bosque-2,10074,Boscoli - Frutas del Bosque,Lata/Botella,,N,,,,,,,94.00,,,,Y,Y,172.00,19.000,1000000.000,N,N,N,N,N,N,N,N,N,N,N,N,N,N,N,N,N,N,N,N,N,N,N,N,N,N,N,N,N,N,N,N,N,N,N,N,N,N,N,N,N,N,N,N,N,N,N,N,N,N,N,N,N,N,N,N,N
boscoli-cereza,10996,Boscoli Cereza,Lata/Botella,,N,,,,,,,90.00,,,,Y,Y,166.00,2.000,,N,N,N,N,N,N,N,N,N,N,N,N,N,N,N,N,N,N,N,N,N,N,N,N,N,N,N,N,N,N,N,N,N,N,N,N,N,N,N,N,N,N,N,N,N,N,N,N,N,N,N,N,N,N,N,N,N
boscoli-manzana,10997,Boscoli Manzana,Lata/Botella,,N,,,,,,,90.00,,,,Y,Y,166.00,13.000,,N,N,N,N,N,N,N,N,N,N,N,N,N,N,N,N,N,N,N,N,N,N,N,N,N,N,N,N,N,N,N,N,N,N,N,N,N,N,N,N,N,N,N,N,N,N,N,N,N,N,N,N,N,N,N,N,N
boulevard-bourbon-barrel-quad-355-ml-bot-2,10169,Boulevard Bourbon Barrel Quad,Lata/Botella,,N,,,,,,,133.56,,,,Y,Y,232.00,6.000,,N,N,N,N,N,N,N,N,N,N,N,N,N,N,N,N,N,N,N,N,N,N,N,N,N,N,N,N,N,N,N,N,N,N,N,N,N,N,N,N,N,N,N,N,N,N,N,N,N,N,N,N,N,N,N,N,N
boulevard-rye-on-rye-2,10371,Boulevard Rye on Rye,Lata/Botella,,N,,,,,,,133.56,,,,Y,Y,232.00,3.000,0.000,N,N,N,N,N,N,N,N,N,N,N,N,N,N,N,N,N,N,N,N,N,N,N,N,N,N,N,N,N,N,N,N,N,N,N,N,N,N,N,N,N,N,N,N,N,N,N,N,N,N,N,N,N,N,N,N,N
brasserie-du-mont-blanc-la-blanche,11120,Brasserie Du Mont Blanc La Blanche,Lata/Botella,,N,,,,,,,61.00,,,,Y,Y,120.00,5.000,,N,N,N,N,N,N,N,N,N,N,N,N,N,N,N,N,N,N,N,N,N,N,N,N,N,N,N,N,N,N,N,N,N,N,N,N,N,N,N,N,N,N,N,N,N,N,N,N,N,N,N,N,N,N,N,N,N
brewdog---black-heart-2,10093,Brewdog - Black Heart,Lata/Botella,,N,,,,,,,84.00,,,,Y,Y,156.00,1.000,1000000.000,N,N,N,N,N,N,N,N,N,N,N,N,N,N,N,N,N,N,N,N,N,N,N,N,N,N,N,N,N,N,N,N,N,N,N,N,N,N,N,N,N,N,N,N,N,N,N,N,N,N,N,N,N,N,N,N,N
brewdog---hazy-jane-lata-440-ml-2,100,Brewdog - Hazy Jane Lata 440 ml,Lata/Botella,,N,,,,,,,84.00,,,,Y,Y,156.00,4.000,1000000.000,N,N,N,N,N,N,N,N,N,N,N,N,N,N,N,N,N,N,N,N,N,N,N,N,N,N,N,N,N,N,N,N,N,N,N,N,N,N,N,N,N,N,N,N,N,N,N,N,N,N,N,N,N,N,N,N,N
brewdog---punk-ipa-lata-440-ml-2,99,Brewdog - Punk IPA Lata 440 ml,Lata/Botella,,N,,,,,,,84.00,,,,Y,Y,156.00,4.000,1000000.000,N,N,N,N,N,N,N,N,N,N,N,N,N,N,N,N,N,N,N,N,N,N,N,N,N,N,N,N,N,N,N,N,N,N,N,N,N,N,N,N,N,N,N,N,N,N,N,N,N,N,N,N,N,N,N,N,N
brewdog-elvis-juice,10469,Brewdog Elvis Juice,Lata/Botella,,N,,,,,,,84.00,,,,Y,Y,156.00,0.000,0.000,N,N,N,N,N,N,N,N,N,N,N,N,N,N,N,N,N,N,N,N,N,N,N,N,N,N,N,N,N,N,N,N,N,N,N,N,N,N,N,N,N,N,N,N,N,N,N,N,N,N,N,N,N,N,N,N,N
browar-fortuna-wisnia-cereza,10751,Browar Fortuna Wisnia Cereza,Lata/Botella,,N,,,,,,,71.99,,,,Y,Y,136.00,0.000,,N,N,N,N,N,N,N,N,N,N,N,N,N,N,N,N,N,N,N,N,N,N,N,N,N,N,N,N,N,N,N,N,N,N,N,N,N,N,N,N,N,N,N,N,N,N,N,N,N,N,N,N,N,N,N,N,N
brugse-zot-blond,11017,Brugse Zot Blond,Lata/Botella,,N,,,,,,,0.00,,,,Y,Y,180.00,0.000,,N,N,N,N,N,N,N,N,N,N,N,N,N,N,N,N,N,N,N,N,N,N,N,N,N,N,N,N,N,N,N,N,N,N,N,N,N,N,N,N,N,N,N,N,N,N,N,N,N,N,N,N,N,N,N,N,N
brugse-zot-bok,10686,Brugse Zot Bok,Lata/Botella,,N,,,,,,,103.00,,,,Y,Y,187.00,4.000,,N,N,N,N,N,N,N,N,N,N,N,N,N,N,N,N,N,N,N,N,N,N,N,N,N,N,N,N,N,N,N,N,N,N,N,N,N,N,N,N,N,N,N,N,N,N,N,N,N,N,N,N,N,N,N,N,N
brugse-zot-dubbel,10578,Brugse Zot Dubbel,Lata/Botella,,N,,,,,,,107.00,,,,Y,Y,193.00,2.000,,N,N,N,N,N,N,N,N,N,N,N,N,N,N,N,N,N,N,N,N,N,N,N,N,N,N,N,N,N,N,N,N,N,N,N,N,N,N,N,N,N,N,N,N,N,N,N,N,N,N,N,N,N,N,N,N,N
bucanero---fuerte-lata-2,10090,Bucanero - Fuerte Lata,Lata/Botella,,N,,,,,,,0.00,,,,Y,Y,110.00,0.000,1000000.000,N,N,N,N,N,N,N,N,N,N,N,N,N,N,N,N,N,N,N,N,N,N,N,N,N,N,N,N,N,N,N,N,N,N,N,N,N,N,N,N,N,N,N,N,N,N,N,N,N,N,N,N,N,N,N,N,N
buqui-bichi-bichis-en-el-desierto,11114,Buqui Bichi Bichis en el desierto,Lata/Botella,,N,,,,,,,71.00,,,,Y,Y,135.00,0.000,,N,N,N,N,N,N,N,N,N,N,N,N,N,N,N,N,N,N,N,N,N,N,N,N,N,N,N,N,N,N,N,N,N,N,N,N,N,N,N,N,N,N,N,N,N,N,N,N,N,N,N,N,N,N,N,N,N
buqui-bichi-bitachera,11053,Buqui Bichi Bitachera,Lata/Botella,,N,,,,,,,69.00,,,,Y,Y,132.00,4.000,,N,N,N,N,N,N,N,N,N,N,N,N,N,N,N,N,N,N,N,N,N,N,N,N,N,N,N,N,N,N,N,N,N,N,N,N,N,N,N,N,N,N,N,N,N,N,N,N,N,N,N,N,N,N,N,N,N
buqi-bichi-sahuaripa,11027,Buqui Bichi Sahuaripa,Lata/Botella,,N,,,,,,,62.00,,,,Y,Y,118.00,7.000,,N,N,N,N,N,N,N,N,N,N,N,N,N,N,N,N,N,N,N,N,N,N,N,N,N,N,N,N,N,N,N,N,N,N,N,N,N,N,N,N,N,N,N,N,N,N,N,N,N,N,N,N,N,N,N,N,N
buqui-bichi-talega,10989,Buqui Bichi Talega,Lata/Botella,,N,,,,,,,62.00,,,,Y,Y,130.00,2.000,,N,N,N,N,N,N,N,N,N,N,N,N,N,N,N,N,N,N,N,N,N,N,N,N,N,N,N,N,N,N,N,N,N,N,N,N,N,N,N,N,N,N,N,N,N,N,N,N,N,N,N,N,N,N,N,N,N
buqui-bichi-talegon-cafe,11028,Buqui Bichi Talegon Cafe,Lata/Botella,,N,,,,,,,90.00,,,,Y,Y,166.00,0.000,,N,N,N,N,N,N,N,N,N,N,N,N,N,N,N,N,N,N,N,N,N,N,N,N,N,N,N,N,N,N,N,N,N,N,N,N,N,N,N,N,N,N,N,N,N,N,N,N,N,N,N,N,N,N,N,N,N
buqui-bichi/monkey-waves-el-coyote-cojo,11054,Buqui Bichi/Monkey Waves El Coyote Cojo,Lata/Botella,,N,,,,,,,62.00,,,,Y,Y,125.00,0.000,,N,N,N,N,N,N,N,N,N,N,N,N,N,N,N,N,N,N,N,N,N,N,N,N,N,N,N,N,N,N,N,N,N,N,N,N,N,N,N,N,N,N,N,N,N,N,N,N,N,N,N,N,N,N,N,N,N
buquibiche/wendlandt-desert-whale,11002,Buquibiche/Wendlandt Desert Whale,Lata/Botella,,N,,,,,,,63.00,,,,Y,Y,120.00,0.000,,N,N,N,N,N,N,N,N,N,N,N,N,N,N,N,N,N,N,N,N,N,N,N,N,N,N,N,N,N,N,N,N,N,N,N,N,N,N,N,N,N,N,N,N,N,N,N,N,N,N,N,N,N,N,N,N,N
buquibichi/craft-galaxy-galaxy-invaders,10859,Buquibichi/Craft Galaxy Galaxy Invaders,Lata/Botella,,N,,,,,,,70.00,,,,Y,Y,133.00,0.000,,N,N,N,N,N,N,N,N,N,N,N,N,N,N,N,N,N,N,N,N,N,N,N,N,N,N,N,N,N,N,N,N,N,N,N,N,N,N,N,N,N,N,N,N,N,N,N,N,N,N,N,N,N,N,N,N,N
bush-de-charmes-750-ml-botella-2,10186,Bush de Charmes 750 ml botella,Lata/Botella,,N,,,,,,,839.00,,,,Y,Y,1259.00,0.000,,N,N,N,N,N,N,N,N,N,N,N,N,N,N,N,N,N,N,N,N,N,N,N,N,N,N,N,N,N,N,N,N,N,N,N,N,N,N,N,N,N,N,N,N,N,N,N,N,N,N,N,N,N,N,N,N,N
bush-fram,11018,Bush Fram,Lata/Botella,,N,,,,,,,93.02,,,,Y,Y,173.00,0.000,,N,N,N,N,N,N,N,N,N,N,N,N,N,N,N,N,N,N,N,N,N,N,N,N,N,N,N,N,N,N,N,N,N,N,N,N,N,N,N,N,N,N,N,N,N,N,N,N,N,N,N,N,N,N,N,N,N
calavera---corazón-negro,10295,Calavera - Corazón Negro,Lata/Botella,,N,,,,,,,0.00,,,,Y,Y,157.00,0.000,,N,N,N,N,N,N,N,N,N,N,N,N,N,N,N,N,N,N,N,N,N,N,N,N,N,N,N,N,N,N,N,N,N,N,N,N,N,N,N,N,N,N,N,N,N,N,N,N,N,N,N,N,N,N,N,N,N
calavera---ofrenda-2,10292,Calavera - Ofrenda,Lata/Botella,,N,,,,,,,0.00,,,,Y,Y,136.00,0.000,,N,N,N,N,N,N,N,N,N,N,N,N,N,N,N,N,N,N,N,N,N,N,N,N,N,N,N,N,N,N,N,N,N,N,N,N,N,N,N,N,N,N,N,N,N,N,N,N,N,N,N,N,N,N,N,N,N
calavera-mexican-imperial-stout-2,10216,Calavera Mexican imperial stout,Lata/Botella,,N,,,,,,,0.00,,,,Y,Y,103.00,0.000,0.000,N,N,N,N,N,N,N,N,N,N,N,N,N,N,N,N,N,N,N,N,N,N,N,N,N,N,N,N,N,N,N,N,N,N,N,N,N,N,N,N,N,N,N,N,N,N,N,N,N,N,N,N,N,N,N,N,N
cantillon-rose-de-gambrinus,10641,Cantillon Rose de Gambrinus,Lata/Botella,,N,,,,,,,651.00,,,,Y,Y,1041.00,0.000,,N,N,N,N,N,N,N,N,N,N,N,N,N,N,N,N,N,N,N,N,N,N,N,N,N,N,N,N,N,N,N,N,N,N,N,N,N,N,N,N,N,N,N,N,N,N,N,N,N,N,N,N,N,N,N,N,N
cardeña-dubbel,11084,Cardeña Dubbel,Lata/Botella,,N,,,,,,,59.00,,,,Y,Y,140.00,0.000,,N,N,N,N,N,N,N,N,N,N,N,N,N,N,N,N,N,N,N,N,N,N,N,N,N,N,N,N,N,N,N,N,N,N,N,N,N,N,N,N,N,N,N,N,N,N,N,N,N,N,N,N,N,N,N,N,N
cardeña-quadrupel,11085,Cardeña Quadrupel,Lata/Botella,,N,,,,,,,20.00,,,,Y,Y,140.00,5.000,,N,N,N,N,N,N,N,N,N,N,N,N,N,N,N,N,N,N,N,N,N,N,N,N,N,N,N,N,N,N,N,N,N,N,N,N,N,N,N,N,N,N,N,N,N,N,N,N,N,N,N,N,N,N,N,N,N
cardera---hefatura-2,59,Cardera - Hefatura,Lata/Botella,,N,,,,,,,0.00,,,,Y,Y,120.00,0.000,1000000.000,N,N,N,N,N,N,N,N,N,N,N,N,N,N,N,N,N,N,N,N,N,N,N,N,N,N,N,N,N,N,N,N,N,N,N,N,N,N,N,N,N,N,N,N,N,N,N,N,N,N,N,N,N,N,N,N,N
cardera-mosice-session-ipa,11102,Cardera Mosice Session IPA,Lata/Botella,,N,,,,,,,87.00,,,,Y,Y,161.00,0.000,,N,N,N,N,N,N,N,N,N,N,N,N,N,N,N,N,N,N,N,N,N,N,N,N,N,N,N,N,N,N,N,N,N,N,N,N,N,N,N,N,N,N,N,N,N,N,N,N,N,N,N,N,N,N,N,N,N
cardera-murky-mosice-(lata)-16-oz-2,62,Cardera Murky Mosice (Lata) 16 oz,Lata/Botella,,N,,,,,,,0.00,,,,Y,Y,120.00,0.000,1000000.000,N,N,N,N,N,N,N,N,N,N,N,N,N,N,N,N,N,N,N,N,N,N,N,N,N,N,N,N,N,N,N,N,N,N,N,N,N,N,N,N,N,N,N,N,N,N,N,N,N,N,N,N,N,N,N,N,N
cardera-raki-pils-(lata)-16-oz-2,61,Cardera Raki Pils (Lata) 16 oz,Lata/Botella,,N,,,,,,,0.00,,,,Y,Y,120.00,0.000,1000000.000,N,N,N,N,N,N,N,N,N,N,N,N,N,N,N,N,N,N,N,N,N,N,N,N,N,N,N,N,N,N,N,N,N,N,N,N,N,N,N,N,N,N,N,N,N,N,N,N,N,N,N,N,N,N,N,N,N
cardera-rough-2020,11104,Cardera Rough 2020,Lata/Botella,,N,,,,,,,87.00,,,,Y,Y,161.00,0.000,,N,N,N,N,N,N,N,N,N,N,N,N,N,N,N,N,N,N,N,N,N,N,N,N,N,N,N,N,N,N,N,N,N,N,N,N,N,N,N,N,N,N,N,N,N,N,N,N,N,N,N,N,N,N,N,N,N
cardera-slender-(lata)-12-oz-2,58,Cardera Slender (Lata) 12 oz,Lata/Botella,,N,,,,,,,0.00,,,,Y,Y,75.00,0.000,1000000.000,N,N,N,N,N,N,N,N,N,N,N,N,N,N,N,N,N,N,N,N,N,N,N,N,N,N,N,N,N,N,N,N,N,N,N,N,N,N,N,N,N,N,N,N,N,N,N,N,N,N,N,N,N,N,N,N,N
cardera-straight-to-haze,11103,Cardera Straight to Haze,Lata/Botella,,N,,,,,,,87.00,,,,Y,Y,161.00,0.000,,N,N,N,N,N,N,N,N,N,N,N,N,N,N,N,N,N,N,N,N,N,N,N,N,N,N,N,N,N,N,N,N,N,N,N,N,N,N,N,N,N,N,N,N,N,N,N,N,N,N,N,N,N,N,N,N,N
cardera-summer-blonde-355-ml-2,60,Cardera Summer Blonde 355 ml,Lata/Botella,,N,,,,,,,0.00,,,,Y,Y,89.00,0.000,1000000.000,N,N,N,N,N,N,N,N,N,N,N,N,N,N,N,N,N,N,N,N,N,N,N,N,N,N,N,N,N,N,N,N,N,N,N,N,N,N,N,N,N,N,N,N,N,N,N,N,N,N,N,N,N,N,N,N,N
cardera/el-gardenia-la-buena-vida,11105,Cardera/El Gardenia La Buena Vida,Lata/Botella,,N,,,,,,,87.00,,,,Y,Y,161.00,0.000,,N,N,N,N,N,N,N,N,N,N,N,N,N,N,N,N,N,N,N,N,N,N,N,N,N,N,N,N,N,N,N,N,N,N,N,N,N,N,N,N,N,N,N,N,N,N,N,N,N,N,N,N,N,N,N,N,N
carolus---ambrio-2,10075,Carolus - Ambrio,Lata/Botella,,N,,,,,,,93.00,,,,Y,Y,170.00,0.000,1000000.000,N,N,N,N,N,N,N,N,N,N,N,N,N,N,N,N,N,N,N,N,N,N,N,N,N,N,N,N,N,N,N,N,N,N,N,N,N,N,N,N,N,N,N,N,N,N,N,N,N,N,N,N,N,N,N,N,N
carolus---christmas-botella-grande-2,10239,Carolus - Christmas Botella Grande,Lata/Botella,,N,,,,,,,280.00,,,,Y,Y,498.00,0.000,,N,N,N,N,N,N,N,N,N,N,N,N,N,N,N,N,N,N,N,N,N,N,N,N,N,N,N,N,N,N,N,N,N,N,N,N,N,N,N,N,N,N,N,N,N,N,N,N,N,N,N,N,N,N,N,N,N
carolus---classic-2,10076,Carolus - Classic,Lata/Botella,,N,,,,,,,93.00,,,,Y,Y,170.00,0.000,1000000.000,N,N,N,N,N,N,N,N,N,N,N,N,N,N,N,N,N,N,N,N,N,N,N,N,N,N,N,N,N,N,N,N,N,N,N,N,N,N,N,N,N,N,N,N,N,N,N,N,N,N,N,N,N,N,N,N,N
carolus---imperial-dark-(azul)-2,10237,Carolus - Imperial Dark (Azul),Lata/Botella,,N,,,,,,,0.00,,,,Y,Y,392.00,0.000,,N,N,N,N,N,N,N,N,N,N,N,N,N,N,N,N,N,N,N,N,N,N,N,N,N,N,N,N,N,N,N,N,N,N,N,N,N,N,N,N,N,N,N,N,N,N,N,N,N,N,N,N,N,N,N,N,N
carolus---tripel-2,10077,Carolus - Tripel,Lata/Botella,,N,,,,,,,93.00,,,,Y,Y,170.00,3.000,1000000.000,N,N,N,N,N,N,N,N,N,N,N,N,N,N,N,N,N,N,N,N,N,N,N,N,N,N,N,N,N,N,N,N,N,N,N,N,N,N,N,N,N,N,N,N,N,N,N,N,N,N,N,N,N,N,N,N,N
carolus---whisky-infused-2,10078,Carolus - Whisky Infused,Lata/Botella,,N,,,,,,,114.00,,,,Y,Y,203.00,0.000,1000000.000,N,N,N,N,N,N,N,N,N,N,N,N,N,N,N,N,N,N,N,N,N,N,N,N,N,N,N,N,N,N,N,N,N,N,N,N,N,N,N,N,N,N,N,N,N,N,N,N,N,N,N,N,N,N,N,N,N
carolus-christmas-chica,10890,Carolus Christmas Chica,Lata/Botella,,N,,,,,,,120.00,,,,Y,Y,211.00,0.000,,N,N,N,N,N,N,N,N,N,N,N,N,N,N,N,N,N,N,N,N,N,N,N,N,N,N,N,N,N,N,N,N,N,N,N,N,N,N,N,N,N,N,N,N,N,N,N,N,N,N,N,N,N,N,N,N,N
carolus-christmas-magnum,10916,Carolus Christmas Magnum,Lata/Botella,,N,,,,,,,650.00,,,,Y,Y,1250.00,1.000,,N,N,N,N,N,N,N,N,N,N,N,N,N,N,N,N,N,N,N,N,N,N,N,N,N,N,N,N,N,N,N,N,N,N,N,N,N,N,N,N,N,N,N,N,N,N,N,N,N,N,N,N,N,N,N,N,N
carolus-imperial-blond,11254,Carolus Imperial Blond,Lata/Botella,,N,,,,,,,280.00,,,,Y,Y,450.00,2.000,,N,N,N,N,N,N,N,N,N,N,N,N,N,N,N,N,N,N,N,N,N,N,N,N,N,N,N,N,N,N,N,N,N,N,N,N,N,N,N,N,N,N,N,N,N,N,N,N,N,N,N,N,N,N,N,N,N
carolus-indulgence-blond-whisky-infused,10850,Carolus Indulgence Blond Whisky Infused,Lata/Botella,,N,,,,,,,450.00,,,,Y,Y,753.00,0.000,,N,N,N,N,N,N,N,N,N,N,N,N,N,N,N,N,N,N,N,N,N,N,N,N,N,N,N,N,N,N,N,N,N,N,N,N,N,N,N,N,N,N,N,N,N,N,N,N,N,N,N,N,N,N,N,N,N
cata-cerveza-belga,10569,Cata cerveza Belga,Lata/Botella,,N,,,,,,,0.00,,,,Y,Y,369.00,0.000,0.000,N,N,N,N,N,N,N,N,N,N,N,N,N,N,N,N,N,N,N,N,N,N,N,N,N,N,N,N,N,N,N,N,N,N,N,N,N,N,N,N,N,N,N,N,N,N,N,N,N,N,N,N,N,N,N,N,N
chang---expresso-2,10310,Chang - Expresso,Lata/Botella,,N,,,,,,,68.00,,,,Y,Y,130.00,0.000,,N,N,N,N,N,N,N,N,N,N,N,N,N,N,N,N,N,N,N,N,N,N,N,N,N,N,N,N,N,N,N,N,N,N,N,N,N,N,N,N,N,N,N,N,N,N,N,N,N,N,N,N,N,N,N,N,N
chato's---commander-neipa-2,10381,Chato's - Commander NEIPA,Lata/Botella,,N,,,,,,,0.00,,,,Y,Y,98.00,0.000,0.000,N,N,N,N,N,N,N,N,N,N,N,N,N,N,N,N,N,N,N,N,N,N,N,N,N,N,N,N,N,N,N,N,N,N,N,N,N,N,N,N,N,N,N,N,N,N,N,N,N,N,N,N,N,N,N,N,N
chato's-imperial-stout-2,10035,Chato's Imperial Stout,Lata/Botella,,N,,,,,,,45.00,,,,Y,Y,95.00,0.000,1000000.000,N,N,N,N,N,N,N,N,N,N,N,N,N,N,N,N,N,N,N,N,N,N,N,N,N,N,N,N,N,N,N,N,N,N,N,N,N,N,N,N,N,N,N,N,N,N,N,N,N,N,N,N,N,N,N,N,N
chato's-ipa-citra-2,10036,Chato's IPA Citra,Lata/Botella,,N,,,,,,,40.00,,,,Y,Y,90.00,0.000,1000000.000,N,N,N,N,N,N,N,N,N,N,N,N,N,N,N,N,N,N,N,N,N,N,N,N,N,N,N,N,N,N,N,N,N,N,N,N,N,N,N,N,N,N,N,N,N,N,N,N,N,N,N,N,N,N,N,N,N
chato's-white-stout-2,10034,Chato's White Stout,Lata/Botella,,N,,,,,,,41.00,,,,Y,Y,90.00,0.000,1000000.000,N,N,N,N,N,N,N,N,N,N,N,N,N,N,N,N,N,N,N,N,N,N,N,N,N,N,N,N,N,N,N,N,N,N,N,N,N,N,N,N,N,N,N,N,N,N,N,N,N,N,N,N,N,N,N,N,N
chimay---grande-reserve-375ml-fermentada-en-barricas-2,10238,Chimay - Grande Reserve 375ml Fermentada en Barricas,Lata/Botella,,N,,,,,,,0.00,,,,Y,Y,399.00,0.000,,N,N,N,N,N,N,N,N,N,N,N,N,N,N,N,N,N,N,N,N,N,N,N,N,N,N,N,N,N,N,N,N,N,N,N,N,N,N,N,N,N,N,N,N,N,N,N,N,N,N,N,N,N,N,N,N,N
chimay-150-verde-2,10207,Chimay 150 Verde,Lata/Botella,,N,,,,,,,110.00,,,,Y,Y,198.00,0.000,0.000,N,N,N,N,N,N,N,N,N,N,N,N,N,N,N,N,N,N,N,N,N,N,N,N,N,N,N,N,N,N,N,N,N,N,N,N,N,N,N,N,N,N,N,N,N,N,N,N,N,N,N,N,N,N,N,N,N
chimay-azul-330-ml-2,86,Chimay Azul 330 ml,Lata/Botella,,N,,,,,,,0.00,,,,Y,Y,176.00,0.000,1000000.000,N,N,N,N,N,N,N,N,N,N,N,N,N,N,N,N,N,N,N,N,N,N,N,N,N,N,N,N,N,N,N,N,N,N,N,N,N,N,N,N,N,N,N,N,N,N,N,N,N,N,N,N,N,N,N,N,N
chimay-cinq-cents-750ml,11051,CHIMAY CINQ CENTS 750ML,Lata/Botella,,N,,,,,,,585.00,,,,Y,Y,878.00,0.000,,N,N,N,N,N,N,N,N,N,N,N,N,N,N,N,N,N,N,N,N,N,N,N,N,N,N,N,N,N,N,N,N,N,N,N,N,N,N,N,N,N,N,N,N,N,N,N,N,N,N,N,N,N,N,N,N,N
chimay-gold,10565,Chimay Gold,Lata/Botella,,N,,,,,,,100.00,,,,Y,Y,182.00,0.000,0.000,N,N,N,N,N,N,N,N,N,N,N,N,N,N,N,N,N,N,N,N,N,N,N,N,N,N,N,N,N,N,N,N,N,N,N,N,N,N,N,N,N,N,N,N,N,N,N,N,N,N,N,N,N,N,N,N,N
chimay-roja-330-ml-2,85,Chimay Roja 330 ml,Lata/Botella,,N,,,,,,,110.00,,,,Y,Y,198.00,0.000,1000000.000,N,N,N,N,N,N,N,N,N,N,N,N,N,N,N,N,N,N,N,N,N,N,N,N,N,N,N,N,N,N,N,N,N,N,N,N,N,N,N,N,N,N,N,N,N,N,N,N,N,N,N,N,N,N,N,N,N
chimay-tripel-330-ml-2,87,Chimay Tripel 330 ml,Lata/Botella,,N,,,,,,,100.00,,,,Y,Y,182.00,0.000,1000000.000,N,N,N,N,N,N,N,N,N,N,N,N,N,N,N,N,N,N,N,N,N,N,N,N,N,N,N,N,N,N,N,N,N,N,N,N,N,N,N,N,N,N,N,N,N,N,N,N,N,N,N,N,N,N,N,N,N
cielito-lindo-y-agua-mala-asteroidea,10523,Cielito Lindo y Agua Mala Asteroidea,Lata/Botella,,N,,,,,,,54.00,,,,Y,Y,103.00,0.000,,N,N,N,N,N,N,N,N,N,N,N,N,N,N,N,N,N,N,N,N,N,N,N,N,N,N,N,N,N,N,N,N,N,N,N,N,N,N,N,N,N,N,N,N,N,N,N,N,N,N,N,N,N,N,N,N,N
coca-cola-mediana,10472,Coca-cola mediana,Lata/Botella,,N,,,,,,,0.00,,,,Y,Y,58.00,0.000,0.000,N,N,N,N,N,N,N,N,N,N,N,N,N,N,N,N,N,N,N,N,N,N,N,N,N,N,N,N,N,N,N,N,N,N,N,N,N,N,N,N,N,N,N,N,N,N,N,N,N,N,N,N,N,N,N,N,N
colab-ramuri-x-santa-sabina-x-falling-piano-chapter-ii,11257,Colab Ramuri x Santa Sabina x Falling Piano Chapter II,Lata/Botella,,N,,,,,,,315.00,,,,Y,Y,500.00,3.000,,N,N,N,N,N,N,N,N,N,N,N,N,N,N,N,N,N,N,N,N,N,N,N,N,N,N,N,N,N,N,N,N,N,N,N,N,N,N,N,N,N,N,N,N,N,N,N,N,N,N,N,N,N,N,N,N,N
colima---cayaco-2,10277,Colima - Cayaco,Lata/Botella,,N,,,,,,,0.00,,,,Y,Y,86.00,0.000,,N,N,N,N,N,N,N,N,N,N,N,N,N,N,N,N,N,N,N,N,N,N,N,N,N,N,N,N,N,N,N,N,N,N,N,N,N,N,N,N,N,N,N,N,N,N,N,N,N,N,N,N,N,N,N,N,N
colima---colimita-lager-2,10278,Colima - Colimita Lager,Lata/Botella,,N,,,,,,,48.00,,,,Y,Y,94.00,4.000,,N,N,N,N,N,N,N,N,N,N,N,N,N,N,N,N,N,N,N,N,N,N,N,N,N,N,N,N,N,N,N,N,N,N,N,N,N,N,N,N,N,N,N,N,N,N,N,N,N,N,N,N,N,N,N,N,N
colima---páramo-pale-ale,10270,Colima - Paramo Pale Ale,Lata/Botella,,N,,,,,,,52.00,,,,Y,Y,99.00,5.000,,N,N,N,N,N,N,N,N,N,N,N,N,N,N,N,N,N,N,N,N,N,N,N,N,N,N,N,N,N,N,N,N,N,N,N,N,N,N,N,N,N,N,N,N,N,N,N,N,N,N,N,N,N,N,N,N,N
colima---piedra-lisa-botella-2,10271,Colima - Piedra Lisa Botella,Lata/Botella,,N,,,,,,,52.00,,,,Y,Y,99.00,3.000,,N,N,N,N,N,N,N,N,N,N,N,N,N,N,N,N,N,N,N,N,N,N,N,N,N,N,N,N,N,N,N,N,N,N,N,N,N,N,N,N,N,N,N,N,N,N,N,N,N,N,N,N,N,N,N,N,N
colima---ticus-porter-2,10272,Colima - Ticus Porter,Lata/Botella,,N,,,,,,,52.00,,,,Y,Y,99.00,0.000,,N,N,N,N,N,N,N,N,N,N,N,N,N,N,N,N,N,N,N,N,N,N,N,N,N,N,N,N,N,N,N,N,N,N,N,N,N,N,N,N,N,N,N,N,N,N,N,N,N,N,N,N,N,N,N,N,N
colima-cabañuela,10340,Colima Cabañuela,Lata/Botella,,N,,,,,,,52.00,,,,Y,Y,99.00,0.000,0.000,N,N,N,N,N,N,N,N,N,N,N,N,N,N,N,N,N,N,N,N,N,N,N,N,N,N,N,N,N,N,N,N,N,N,N,N,N,N,N,N,N,N,N,N,N,N,N,N,N,N,N,N,N,N,N,N,N
colima-club-colima-tolvanera,11183,Colima Club Colima Tolvanera,Lata/Botella,,N,,,,,,,57.00,,,,Y,Y,128.00,5.000,,N,N,N,N,N,N,N,N,N,N,N,N,N,N,N,N,N,N,N,N,N,N,N,N,N,N,N,N,N,N,N,N,N,N,N,N,N,N,N,N,N,N,N,N,N,N,N,N,N,N,N,N,N,N,N,N,N
colima-mar-de-acullá,10524,Colima Mar de Acullá,Lata/Botella,,N,,,,,,,52.00,,,,Y,Y,99.00,0.000,,N,N,N,N,N,N,N,N,N,N,N,N,N,N,N,N,N,N,N,N,N,N,N,N,N,N,N,N,N,N,N,N,N,N,N,N,N,N,N,N,N,N,N,N,N,N,N,N,N,N,N,N,N,N,N,N,N
río-de-lumbre,10434,Colima-Río de lumbre,Lata/Botella,,N,,,,,,,57.00,,,,Y,Y,108.00,0.000,0.000,N,N,N,N,N,N,N,N,N,N,N,N,N,N,N,N,N,N,N,N,N,N,N,N,N,N,N,N,N,N,N,N,N,N,N,N,N,N,N,N,N,N,N,N,N,N,N,N,N,N,N,N,N,N,N,N,N
colimota-10,10432,Colimota 10,Lata/Botella,,N,,,,,,,45.00,,,,Y,Y,86.00,0.000,0.000,N,N,N,N,N,N,N,N,N,N,N,N,N,N,N,N,N,N,N,N,N,N,N,N,N,N,N,N,N,N,N,N,N,N,N,N,N,N,N,N,N,N,N,N,N,N,N,N,N,N,N,N,N,N,N,N,N
corona-victoria-2,10200,Corona victoria,Lata/Botella,,N,,,,,,,0.00,,,,Y,Y,55.00,-11.000,,N,N,N,N,N,N,N,N,N,N,N,N,N,N,N,N,N,N,N,N,N,N,N,N,N,N,N,N,N,N,N,N,N,N,N,N,N,N,N,N,N,N,N,N,N,N,N,N,N,N,N,N,N,N,N,N,N
coronado---point-danger-2,10055,Coronado - Point Danger,Lata/Botella,,N,,,,,,,0.00,,,,Y,Y,180.00,0.000,1000000.000,N,N,N,N,N,N,N,N,N,N,N,N,N,N,N,N,N,N,N,N,N,N,N,N,N,N,N,N,N,N,N,N,N,N,N,N,N,N,N,N,N,N,N,N,N,N,N,N,N,N,N,N,N,N,N,N,N
coronado---supertubes-hazy-ipa-2,10056,Coronado - Supertubes Hazy IPA,Lata/Botella,,N,,,,,,,0.00,,,,Y,Y,180.00,0.000,1000000.000,N,N,N,N,N,N,N,N,N,N,N,N,N,N,N,N,N,N,N,N,N,N,N,N,N,N,N,N,N,N,N,N,N,N,N,N,N,N,N,N,N,N,N,N,N,N,N,N,N,N,N,N,N,N,N,N,N
coronado-aloha-warrior,10583,Coronado Aloha Warrior,Lata/Botella,,N,,,,,,,92.14,,,,Y,Y,169.00,0.000,,N,N,N,N,N,N,N,N,N,N,N,N,N,N,N,N,N,N,N,N,N,N,N,N,N,N,N,N,N,N,N,N,N,N,N,N,N,N,N,N,N,N,N,N,N,N,N,N,N,N,N,N,N,N,N,N,N
coronado-big-weekend,10879,Coronado Big Weekend,Lata/Botella,,N,,,,,,,92.14,,,,Y,Y,169.00,0.000,,N,N,N,N,N,N,N,N,N,N,N,N,N,N,N,N,N,N,N,N,N,N,N,N,N,N,N,N,N,N,N,N,N,N,N,N,N,N,N,N,N,N,N,N,N,N,N,N,N,N,N,N,N,N,N,N,N
coronado-capt'n-surf,10566,Coronado Capt'n Surf,Lata/Botella,,N,,,,,,,121.24,,,,Y,Y,213.00,0.000,0.000,N,N,N,N,N,N,N,N,N,N,N,N,N,N,N,N,N,N,N,N,N,N,N,N,N,N,N,N,N,N,N,N,N,N,N,N,N,N,N,N,N,N,N,N,N,N,N,N,N,N,N,N,N,N,N,N,N
coronado-costa-azul,10880,Coronado Costa Azul,Lata/Botella,,N,,,,,,,120.27,,,,Y,Y,212.00,0.000,,N,N,N,N,N,N,N,N,N,N,N,N,N,N,N,N,N,N,N,N,N,N,N,N,N,N,N,N,N,N,N,N,N,N,N,N,N,N,N,N,N,N,N,N,N,N,N,N,N,N,N,N,N,N,N,N,N
coronado-palm-sway-ipa,10492,Coronado Palm Sway IPA,Lata/Botella,,N,,,,,,,92.14,,,,Y,Y,169.00,0.000,,N,N,N,N,N,N,N,N,N,N,N,N,N,N,N,N,N,N,N,N,N,N,N,N,N,N,N,N,N,N,N,N,N,N,N,N,N,N,N,N,N,N,N,N,N,N,N,N,N,N,N,N,N,N,N,N,N
coronado-roca-loca,10567,Coronado Roca Loca,Lata/Botella,,N,,,,,,,119.00,,,,Y,Y,210.00,0.000,0.000,N,N,N,N,N,N,N,N,N,N,N,N,N,N,N,N,N,N,N,N,N,N,N,N,N,N,N,N,N,N,N,N,N,N,N,N,N,N,N,N,N,N,N,N,N,N,N,N,N,N,N,N,N,N,N,N,N
coronado-skeleton-bay,10493,Coronado Skeleton Bay,Lata/Botella,,N,,,,,,,115.00,,,,Y,Y,205.00,0.000,,N,N,N,N,N,N,N,N,N,N,N,N,N,N,N,N,N,N,N,N,N,N,N,N,N,N,N,N,N,N,N,N,N,N,N,N,N,N,N,N,N,N,N,N,N,N,N,N,N,N,N,N,N,N,N,N,N
coronado-weekend-vibes-2,10374,Coronado Weekend Vibes,Lata/Botella,,N,,,,,,,0.00,,,,Y,Y,152.00,0.000,0.000,N,N,N,N,N,N,N,N,N,N,N,N,N,N,N,N,N,N,N,N,N,N,N,N,N,N,N,N,N,N,N,N,N,N,N,N,N,N,N,N,N,N,N,N,N,N,N,N,N,N,N,N,N,N,N,N,N
corsendonk-rousse,11033,Corsendonk-rousse,Lata/Botella,,N,,,,,,,115.00,,,,Y,Y,235.00,0.000,,N,N,N,N,N,N,N,N,N,N,N,N,N,N,N,N,N,N,N,N,N,N,N,N,N,N,N,N,N,N,N,N,N,N,N,N,N,N,N,N,N,N,N,N,N,N,N,N,N,N,N,N,N,N,N,N,N
cosaco---challenger-2,10107,Cosaco - Challenger,Lata/Botella,,N,,,,,,,0.00,,,,Y,Y,120.00,0.000,1000000.000,N,N,N,N,N,N,N,N,N,N,N,N,N,N,N,N,N,N,N,N,N,N,N,N,N,N,N,N,N,N,N,N,N,N,N,N,N,N,N,N,N,N,N,N,N,N,N,N,N,N,N,N,N,N,N,N,N
cosaco---old-fart-2,10108,Cosaco - Old Fart,Lata/Botella,,N,,,,,,,0.00,,,,Y,Y,132.00,0.000,1000000.000,N,N,N,N,N,N,N,N,N,N,N,N,N,N,N,N,N,N,N,N,N,N,N,N,N,N,N,N,N,N,N,N,N,N,N,N,N,N,N,N,N,N,N,N,N,N,N,N,N,N,N,N,N,N,N,N,N
cuatro-palos---apóstol-(american-lager),10031,Cuatro Palos - Apóstol (American Lager),Lata/Botella,,N,,,,,,,0.00,,,,Y,Y,98.00,0.000,1000000.000,N,N,N,N,N,N,N,N,N,N,N,N,N,N,N,N,N,N,N,N,N,N,N,N,N,N,N,N,N,N,N,N,N,N,N,N,N,N,N,N,N,N,N,N,N,N,N,N,N,N,N,N,N,N,N,N,N
cuatro-palos---good-day-2,10029,Cuatro Palos - Good Day,Lata/Botella,,N,,,,,,,0.00,,,,Y,Y,98.00,0.000,1000000.000,N,N,N,N,N,N,N,N,N,N,N,N,N,N,N,N,N,N,N,N,N,N,N,N,N,N,N,N,N,N,N,N,N,N,N,N,N,N,N,N,N,N,N,N,N,N,N,N,N,N,N,N,N,N,N,N,N
cuatro-palos---happy-hazy-day-2,10032,Cuatro Palos - Happy Hazy Day,Lata/Botella,,N,,,,,,,0.00,,,,Y,Y,110.00,0.000,1000000.000,N,N,N,N,N,N,N,N,N,N,N,N,N,N,N,N,N,N,N,N,N,N,N,N,N,N,N,N,N,N,N,N,N,N,N,N,N,N,N,N,N,N,N,N,N,N,N,N,N,N,N,N,N,N,N,N,N
cuatro-palos---sierra-gorda-(irish-extra-stout)-2,10030,Cuatro Palos - Sierra Gorda (Irish Extra Stout),Lata/Botella,,N,,,,,,,0.00,,,,Y,Y,98.00,0.000,1000000.000,N,N,N,N,N,N,N,N,N,N,N,N,N,N,N,N,N,N,N,N,N,N,N,N,N,N,N,N,N,N,N,N,N,N,N,N,N,N,N,N,N,N,N,N,N,N,N,N,N,N,N,N,N,N,N,N,N
cuatro-palos---surfen-helles-2,10028,Cuatro Palos - Surfen Helles,Lata/Botella,,N,,,,,,,0.00,,,,Y,Y,98.00,0.000,1000000.000,N,N,N,N,N,N,N,N,N,N,N,N,N,N,N,N,N,N,N,N,N,N,N,N,N,N,N,N,N,N,N,N,N,N,N,N,N,N,N,N,N,N,N,N,N,N,N,N,N,N,N,N,N,N,N,N,N
cuatro-palos---verano-forever-2,10027,Cuatro Palos - Verano Forever,Lata/Botella,,N,,,,,,,0.00,,,,Y,Y,98.00,0.000,1000000.000,N,N,N,N,N,N,N,N,N,N,N,N,N,N,N,N,N,N,N,N,N,N,N,N,N,N,N,N,N,N,N,N,N,N,N,N,N,N,N,N,N,N,N,N,N,N,N,N,N,N,N,N,N,N,N,N,N
cyprez---hidromiel-2,10060,Cyprez - Hidromiel,Lata/Botella,,N,,,,,,,0.00,,,,Y,Y,120.00,0.000,1000000.000,N,N,N,N,N,N,N,N,N,N,N,N,N,N,N,N,N,N,N,N,N,N,N,N,N,N,N,N,N,N,N,N,N,N,N,N,N,N,N,N,N,N,N,N,N,N,N,N,N,N,N,N,N,N,N,N,N
cyprez-session-india-pale-lager-(lata)-12-oz-2,38,Cyprez Session India Pale Lager (Lata) 12 oz,Lata/Botella,,N,,,,,,,0.00,,,,Y,Y,110.00,0.000,1000000.000,N,N,N,N,N,N,N,N,N,N,N,N,N,N,N,N,N,N,N,N,N,N,N,N,N,N,N,N,N,N,N,N,N,N,N,N,N,N,N,N,N,N,N,N,N,N,N,N,N,N,N,N,N,N,N,N,N
cyprez-stout-(lata)-16-oz-2,39,Cyprez Stout (Lata) 16 oz,Lata/Botella,,N,,,,,,,0.00,,,,Y,Y,120.00,0.000,1000000.000,N,N,N,N,N,N,N,N,N,N,N,N,N,N,N,N,N,N,N,N,N,N,N,N,N,N,N,N,N,N,N,N,N,N,N,N,N,N,N,N,N,N,N,N,N,N,N,N,N,N,N,N,N,N,N,N,N
d´achouffe---cherry-chouffe,10227,D´Achouffe - Cherry Chouffe,Lata/Botella,,N,,,,,,,110.00,,,,Y,Y,198.00,4.000,,N,N,N,N,N,N,N,N,N,N,N,N,N,N,N,N,N,N,N,N,N,N,N,N,N,N,N,N,N,N,N,N,N,N,N,N,N,N,N,N,N,N,N,N,N,N,N,N,N,N,N,N,N,N,N,N,N
d´achouffe---houblon-chouffe,10228,D´Achouffe - Houblon Chouffe,Lata/Botella,,N,,,,,,,100.00,,,,Y,Y,182.00,0.000,,N,N,N,N,N,N,N,N,N,N,N,N,N,N,N,N,N,N,N,N,N,N,N,N,N,N,N,N,N,N,N,N,N,N,N,N,N,N,N,N,N,N,N,N,N,N,N,N,N,N,N,N,N,N,N,N,N
d´achouffe---la-chouffe,10224,D´Achouffe - La Chouffe,Lata/Botella,,N,,,,,,,109.00,,,,Y,Y,196.00,0.000,,N,N,N,N,N,N,N,N,N,N,N,N,N,N,N,N,N,N,N,N,N,N,N,N,N,N,N,N,N,N,N,N,N,N,N,N,N,N,N,N,N,N,N,N,N,N,N,N,N,N,N,N,N,N,N,N,N
d´achouffe---mc-chouffe,10225,D´Achouffe - Mc Chouffe,Lata/Botella,,N,,,,,,,100.00,,,,Y,Y,182.00,3.000,,N,N,N,N,N,N,N,N,N,N,N,N,N,N,N,N,N,N,N,N,N,N,N,N,N,N,N,N,N,N,N,N,N,N,N,N,N,N,N,N,N,N,N,N,N,N,N,N,N,N,N,N,N,N,N,N,N
chouffe-ipa,10959,D' Achouffe IPA,Lata/Botella,,N,,,,,,,109.00,,,,Y,Y,196.00,2.000,,N,N,N,N,N,N,N,N,N,N,N,N,N,N,N,N,N,N,N,N,N,N,N,N,N,N,N,N,N,N,N,N,N,N,N,N,N,N,N,N,N,N,N,N,N,N,N,N,N,N,N,N,N,N,N,N,N
de-dolle---arabier-2,10230,De Dolle - Arabier,Lata/Botella,,N,,,,,,,0.00,,,,Y,Y,185.00,0.000,,N,N,N,N,N,N,N,N,N,N,N,N,N,N,N,N,N,N,N,N,N,N,N,N,N,N,N,N,N,N,N,N,N,N,N,N,N,N,N,N,N,N,N,N,N,N,N,N,N,N,N,N,N,N,N,N,N
de-dolle---oerbier-2,10231,De Dolle - Oerbier,Lata/Botella,,N,,,,,,,0.00,,,,Y,Y,185.00,0.000,,N,N,N,N,N,N,N,N,N,N,N,N,N,N,N,N,N,N,N,N,N,N,N,N,N,N,N,N,N,N,N,N,N,N,N,N,N,N,N,N,N,N,N,N,N,N,N,N,N,N,N,N,N,N,N,N,N
de-garre-tripel,10943,De Garre Tripel,Lata/Botella,,N,,,,,,,120.00,,,,Y,Y,211.00,0.000,,N,N,N,N,N,N,N,N,N,N,N,N,N,N,N,N,N,N,N,N,N,N,N,N,N,N,N,N,N,N,N,N,N,N,N,N,N,N,N,N,N,N,N,N,N,N,N,N,N,N,N,N,N,N,N,N,N
de-molen-hel-&-verdoemenis-2,10336,De Molen Hel & Verdoemenis,Lata/Botella,,N,,,,,,,0.00,,,,Y,Y,157.00,0.000,0.000,N,N,N,N,N,N,N,N,N,N,N,N,N,N,N,N,N,N,N,N,N,N,N,N,N,N,N,N,N,N,N,N,N,N,N,N,N,N,N,N,N,N,N,N,N,N,N,N,N,N,N,N,N,N,N,N,N
de-ranke-noir-de-dottignies,11223,De Ranke Noir de Dottignies,Lata/Botella,,N,,,,,,,95.05,,,,Y,Y,174.00,2.000,,N,N,N,N,N,N,N,N,N,N,N,N,N,N,N,N,N,N,N,N,N,N,N,N,N,N,N,N,N,N,N,N,N,N,N,N,N,N,N,N,N,N,N,N,N,N,N,N,N,N,N,N,N,N,N,N,N
de-struise---black-albert-2,10235,De Struise - Black Albert,Lata/Botella,,N,,,,,,,0.00,,,,Y,Y,312.00,0.000,,N,N,N,N,N,N,N,N,N,N,N,N,N,N,N,N,N,N,N,N,N,N,N,N,N,N,N,N,N,N,N,N,N,N,N,N,N,N,N,N,N,N,N,N,N,N,N,N,N,N,N,N,N,N,N,N,N
de-struise---pannepeut-330-ml-botella-2,10168,De Struise - Pannepeut 330 ml botella,Lata/Botella,,N,,,,,,,0.00,,,,Y,Y,172.00,0.000,,N,N,N,N,N,N,N,N,N,N,N,N,N,N,N,N,N,N,N,N,N,N,N,N,N,N,N,N,N,N,N,N,N,N,N,N,N,N,N,N,N,N,N,N,N,N,N,N,N,N,N,N,N,N,N,N,N
del-llano---xantolo-2,10296,Del Llano - Xantolo,Lata/Botella,,N,,,,,,,0.00,,,,Y,Y,160.00,0.000,,N,N,N,N,N,N,N,N,N,N,N,N,N,N,N,N,N,N,N,N,N,N,N,N,N,N,N,N,N,N,N,N,N,N,N,N,N,N,N,N,N,N,N,N,N,N,N,N,N,N,N,N,N,N,N,N,N
del-llano-heidrun-freydis,10639,Del Llano Heidrun Freydis,Lata/Botella,,N,,,,,,,66.00,,,,Y,Y,125.00,0.000,,N,N,N,N,N,N,N,N,N,N,N,N,N,N,N,N,N,N,N,N,N,N,N,N,N,N,N,N,N,N,N,N,N,N,N,N,N,N,N,N,N,N,N,N,N,N,N,N,N,N,N,N,N,N,N,N,N
del-llano-heidrun-leif,10638,Del Llano Heidrun Leif,Lata/Botella,,N,,,,,,,66.00,,,,Y,Y,125.00,4.000,,N,N,N,N,N,N,N,N,N,N,N,N,N,N,N,N,N,N,N,N,N,N,N,N,N,N,N,N,N,N,N,N,N,N,N,N,N,N,N,N,N,N,N,N,N,N,N,N,N,N,N,N,N,N,N,N,N
del-llano-heidrun-vidar,10845,Del Llano Heidrun Vidar,Lata/Botella,,N,,,,,,,66.00,,,,Y,Y,125.00,0.000,,N,N,N,N,N,N,N,N,N,N,N,N,N,N,N,N,N,N,N,N,N,N,N,N,N,N,N,N,N,N,N,N,N,N,N,N,N,N,N,N,N,N,N,N,N,N,N,N,N,N,N,N,N,N,N,N,N
del-llano-rufina,10948,Del Llano Rufina,Lata/Botella,,N,,,,,,,116.00,,,,Y,Y,206.00,0.000,,N,N,N,N,N,N,N,N,N,N,N,N,N,N,N,N,N,N,N,N,N,N,N,N,N,N,N,N,N,N,N,N,N,N,N,N,N,N,N,N,N,N,N,N,N,N,N,N,N,N,N,N,N,N,N,N,N
delirium---argentum-2,10052,Delirium - Argentum,Lata/Botella,,N,,,,,,,0.00,,,,Y,Y,190.00,0.000,1000000.000,N,N,N,N,N,N,N,N,N,N,N,N,N,N,N,N,N,N,N,N,N,N,N,N,N,N,N,N,N,N,N,N,N,N,N,N,N,N,N,N,N,N,N,N,N,N,N,N,N,N,N,N,N,N,N,N,N
delirium-deliria,10917,Delirium Deliria,Lata/Botella,,N,,,,,,,300.00,,,,Y,Y,585.00,0.000,,N,N,N,N,N,N,N,N,N,N,N,N,N,N,N,N,N,N,N,N,N,N,N,N,N,N,N,N,N,N,N,N,N,N,N,N,N,N,N,N,N,N,N,N,N,N,N,N,N,N,N,N,N,N,N,N,N
delirium-nocturnum-330-ml-2,83,Delirium Nocturnum 330 ml,Lata/Botella,,N,,,,,,,121.00,,,,Y,Y,213.00,4.000,1000000.000,N,N,N,N,N,N,N,N,N,N,N,N,N,N,N,N,N,N,N,N,N,N,N,N,N,N,N,N,N,N,N,N,N,N,N,N,N,N,N,N,N,N,N,N,N,N,N,N,N,N,N,N,N,N,N,N,N
delirium-red-330-ml-2,84,Delirium Red 330 ml,Lata/Botella,,N,,,,,,,121.00,,,,Y,Y,213.00,6.000,1000000.000,N,N,N,N,N,N,N,N,N,N,N,N,N,N,N,N,N,N,N,N,N,N,N,N,N,N,N,N,N,N,N,N,N,N,N,N,N,N,N,N,N,N,N,N,N,N,N,N,N,N,N,N,N,N,N,N,N
delirium-tremens-330-ml-2,82,Delirium Tremens 330 ml,Lata/Botella,,N,,,,,,,121.00,,,,Y,Y,213.00,4.000,1000000.000,N,N,N,N,N,N,N,N,N,N,N,N,N,N,N,N,N,N,N,N,N,N,N,N,N,N,N,N,N,N,N,N,N,N,N,N,N,N,N,N,N,N,N,N,N,N,N,N,N,N,N,N,N,N,N,N,N
dos-aves-arpía-355-ml,26,Dos Aves Arpía 355 ml,Lata/Botella,,N,,,,,,,57.00,,,,Y,Y,108.00,0.000,1000000.000,N,N,N,N,N,N,N,N,N,N,N,N,N,N,N,N,N,N,N,N,N,N,N,N,N,N,N,N,N,N,N,N,N,N,N,N,N,N,N,N,N,N,N,N,N,N,N,N,N,N,N,N,N,N,N,N,N
dos-aves-baco-&-ceres-355-ml-2,22,Dos Aves Baco & Ceres 355 ml,Lata/Botella,,N,,,,,,,0.00,,,,Y,Y,150.00,0.000,1000000.000,N,N,N,N,N,N,N,N,N,N,N,N,N,N,N,N,N,N,N,N,N,N,N,N,N,N,N,N,N,N,N,N,N,N,N,N,N,N,N,N,N,N,N,N,N,N,N,N,N,N,N,N,N,N,N,N,N
dos-aves-carraca-355-ml-2,23,Dos Aves Carraca 355 ml,Lata/Botella,,N,,,,,,,0.00,,,,Y,Y,102.00,0.000,1000000.000,N,N,N,N,N,N,N,N,N,N,N,N,N,N,N,N,N,N,N,N,N,N,N,N,N,N,N,N,N,N,N,N,N,N,N,N,N,N,N,N,N,N,N,N,N,N,N,N,N,N,N,N,N,N,N,N,N
dos-aves-garra-daga-355-ml-2,27,Dos Aves Garra Daga 355 ml,Lata/Botella,,N,,,,,,,0.00,,,,Y,Y,102.00,0.000,1000000.000,N,N,N,N,N,N,N,N,N,N,N,N,N,N,N,N,N,N,N,N,N,N,N,N,N,N,N,N,N,N,N,N,N,N,N,N,N,N,N,N,N,N,N,N,N,N,N,N,N,N,N,N,N,N,N,N,N
dos-aves-hoppy-lager,11007,Dos Aves Hoppy Lager,Lata/Botella,,N,,,,,,,53.00,,,,Y,Y,101.00,0.000,,N,N,N,N,N,N,N,N,N,N,N,N,N,N,N,N,N,N,N,N,N,N,N,N,N,N,N,N,N,N,N,N,N,N,N,N,N,N,N,N,N,N,N,N,N,N,N,N,N,N,N,N,N,N,N,N,N
dos-aves-lechuza-355-ml-2,21,Dos Aves Lechuza 355 ml,Lata/Botella,,N,,,,,,,0.00,,,,Y,Y,103.00,0.000,1000000.000,N,N,N,N,N,N,N,N,N,N,N,N,N,N,N,N,N,N,N,N,N,N,N,N,N,N,N,N,N,N,N,N,N,N,N,N,N,N,N,N,N,N,N,N,N,N,N,N,N,N,N,N,N,N,N,N,N
dos-aves-picozapato-355-ml-2,25,Dos Aves Picozapato 355 ml,Lata/Botella,,N,,,,,,,0.00,,,,Y,Y,102.00,0.000,1000000.000,N,N,N,N,N,N,N,N,N,N,N,N,N,N,N,N,N,N,N,N,N,N,N,N,N,N,N,N,N,N,N,N,N,N,N,N,N,N,N,N,N,N,N,N,N,N,N,N,N,N,N,N,N,N,N,N,N
dos-aves-pizco,11008,Dos Aves Pizco,Lata/Botella,,N,,,,,,,53.00,,,,Y,Y,101.00,0.000,,N,N,N,N,N,N,N,N,N,N,N,N,N,N,N,N,N,N,N,N,N,N,N,N,N,N,N,N,N,N,N,N,N,N,N,N,N,N,N,N,N,N,N,N,N,N,N,N,N,N,N,N,N,N,N,N,N
dos-aves-turaca-355-ml-2,24,Dos Aves Turaca 355 ml,Lata/Botella,,N,,,,,,,0.00,,,,Y,Y,102.00,0.000,1000000.000,N,N,N,N,N,N,N,N,N,N,N,N,N,N,N,N,N,N,N,N,N,N,N,N,N,N,N,N,N,N,N,N,N,N,N,N,N,N,N,N,N,N,N,N,N,N,N,N,N,N,N,N,N,N,N,N,N
duchesse---cherry-2,10229,Duchesse - Cherry,Lata/Botella,,N,,,,,,,0.00,,,,Y,Y,185.00,0.000,,N,N,N,N,N,N,N,N,N,N,N,N,N,N,N,N,N,N,N,N,N,N,N,N,N,N,N,N,N,N,N,N,N,N,N,N,N,N,N,N,N,N,N,N,N,N,N,N,N,N,N,N,N,N,N,N,N
duchesse---chocolate-cherry-2,10232,Duchesse - Chocolate Cherry,Lata/Botella,,N,,,,,,,0.00,,,,Y,Y,196.00,0.000,,N,N,N,N,N,N,N,N,N,N,N,N,N,N,N,N,N,N,N,N,N,N,N,N,N,N,N,N,N,N,N,N,N,N,N,N,N,N,N,N,N,N,N,N,N,N,N,N,N,N,N,N,N,N,N,N,N
duchesse-de-bourgogne,10584,Duchesse de Bourgogne,Lata/Botella,,N,,,,,,,90.20,,,,Y,Y,166.00,0.000,,N,N,N,N,N,N,N,N,N,N,N,N,N,N,N,N,N,N,N,N,N,N,N,N,N,N,N,N,N,N,N,N,N,N,N,N,N,N,N,N,N,N,N,N,N,N,N,N,N,N,N,N,N,N,N,N,N
duchesse-red,11214,Duchesse Red,Lata/Botella,,N,,,,,,,101.84,,,,Y,Y,185.00,5.000,,N,N,N,N,N,N,N,N,N,N,N,N,N,N,N,N,N,N,N,N,N,N,N,N,N,N,N,N,N,N,N,N,N,N,N,N,N,N,N,N,N,N,N,N,N,N,N,N,N,N,N,N,N,N,N,N,N
duff-beer,10685,Duff Beer,Lata/Botella,,N,,,,,,,45.00,,,,Y,Y,86.00,6.000,,N,N,N,N,N,N,N,N,N,N,N,N,N,N,N,N,N,N,N,N,N,N,N,N,N,N,N,N,N,N,N,N,N,N,N,N,N,N,N,N,N,N,N,N,N,N,N,N,N,N,N,N,N,N,N,N,N
dulle-teve,11222,Dulle Teve,Lata/Botella,,N,,,,,,,111.55,,,,Y,Y,200.00,5.000,,N,N,N,N,N,N,N,N,N,N,N,N,N,N,N,N,N,N,N,N,N,N,N,N,N,N,N,N,N,N,N,N,N,N,N,N,N,N,N,N,N,N,N,N,N,N,N,N,N,N,N,N,N,N,N,N,N
duvel---330ml-2,10226,Duvel - 330ml,Lata/Botella,,N,,,,,,,105.00,,,,Y,Y,190.00,2.000,,N,N,N,N,N,N,N,N,N,N,N,N,N,N,N,N,N,N,N,N,N,N,N,N,N,N,N,N,N,N,N,N,N,N,N,N,N,N,N,N,N,N,N,N,N,N,N,N,N,N,N,N,N,N,N,N,N
duvel---750ml-botella-grande-2,10233,Duvel - 750ml Botella Grande,Lata/Botella,,N,,,,,,,0.00,,,,Y,Y,355.00,0.000,,N,N,N,N,N,N,N,N,N,N,N,N,N,N,N,N,N,N,N,N,N,N,N,N,N,N,N,N,N,N,N,N,N,N,N,N,N,N,N,N,N,N,N,N,N,N,N,N,N,N,N,N,N,N,N,N,N
duvel---tripel-hop-2,10080,Duvel - Tripel Hop,Lata/Botella,,N,,,,,,,0.00,,,,Y,Y,181.00,0.000,1000000.000,N,N,N,N,N,N,N,N,N,N,N,N,N,N,N,N,N,N,N,N,N,N,N,N,N,N,N,N,N,N,N,N,N,N,N,N,N,N,N,N,N,N,N,N,N,N,N,N,N,N,N,N,N,N,N,N,N
duvel-barrel-aged-750ml,11253,Duvel Barrel Aged 750ml,Lata/Botella,,N,,,,,,,660.00,,,,Y,Y,990.00,2.000,,N,N,N,N,N,N,N,N,N,N,N,N,N,N,N,N,N,N,N,N,N,N,N,N,N,N,N,N,N,N,N,N,N,N,N,N,N,N,N,N,N,N,N,N,N,N,N,N,N,N,N,N,N,N,N,N,N
enroque-guarda,11148,Enroque Guarda,Lata/Botella,,N,,,,,,,150.00,,,,Y,Y,253.00,0.000,,N,N,N,N,N,N,N,N,N,N,N,N,N,N,N,N,N,N,N,N,N,N,N,N,N,N,N,N,N,N,N,N,N,N,N,N,N,N,N,N,N,N,N,N,N,N,N,N,N,N,N,N,N,N,N,N,N
enroque-mead-2,10044,Enroque Mead,Lata/Botella,,N,,,,,,,0.00,,,,Y,Y,150.00,12.000,1000000.000,N,N,N,N,N,N,N,N,N,N,N,N,N,N,N,N,N,N,N,N,N,N,N,N,N,N,N,N,N,N,N,N,N,N,N,N,N,N,N,N,N,N,N,N,N,N,N,N,N,N,N,N,N,N,N,N,N
eppig-eagle-rider,10877,Eppig Eagle Rider,Lata/Botella,,N,,,,,,,120.27,,,,Y,Y,212.00,0.000,,N,N,N,N,N,N,N,N,N,N,N,N,N,N,N,N,N,N,N,N,N,N,N,N,N,N,N,N,N,N,N,N,N,N,N,N,N,N,N,N,N,N,N,N,N,N,N,N,N,N,N,N,N,N,N,N,N
eppig-talons-of-fury,10878,Eppig Talons of Fury,Lata/Botella,,N,,,,,,,120.27,,,,Y,Y,212.00,0.000,,N,N,N,N,N,N,N,N,N,N,N,N,N,N,N,N,N,N,N,N,N,N,N,N,N,N,N,N,N,N,N,N,N,N,N,N,N,N,N,N,N,N,N,N,N,N,N,N,N,N,N,N,N,N,N,N,N
equilibrium---400x-2,10057,Equilibrium - 400x,Lata/Botella,,N,,,,,,,0.00,,,,Y,Y,185.00,0.000,1000000.000,N,N,N,N,N,N,N,N,N,N,N,N,N,N,N,N,N,N,N,N,N,N,N,N,N,N,N,N,N,N,N,N,N,N,N,N,N,N,N,N,N,N,N,N,N,N,N,N,N,N,N,N,N,N,N,N,N
equilibrium---astronomical-twilight-2,10325,Equilibrium - Astronomical Twilight,Lata/Botella,,N,,,,,,,0.00,,,,Y,Y,216.00,0.000,,N,N,N,N,N,N,N,N,N,N,N,N,N,N,N,N,N,N,N,N,N,N,N,N,N,N,N,N,N,N,N,N,N,N,N,N,N,N,N,N,N,N,N,N,N,N,N,N,N,N,N,N,N,N,N,N,N
equilibrium---energy-is-frozen-2,10321,Equilibrium - Energy is Frozen,Lata/Botella,,N,,,,,,,0.00,,,,Y,Y,213.00,0.000,,N,N,N,N,N,N,N,N,N,N,N,N,N,N,N,N,N,N,N,N,N,N,N,N,N,N,N,N,N,N,N,N,N,N,N,N,N,N,N,N,N,N,N,N,N,N,N,N,N,N,N,N,N,N,N,N,N
equilibrium---moksamarga-2,10058,Equilibrium - Moksamarga,Lata/Botella,,N,,,,,,,0.00,,,,Y,Y,205.00,0.000,1000000.000,N,N,N,N,N,N,N,N,N,N,N,N,N,N,N,N,N,N,N,N,N,N,N,N,N,N,N,N,N,N,N,N,N,N,N,N,N,N,N,N,N,N,N,N,N,N,N,N,N,N,N,N,N,N,N,N,N
equilibrium---wavelength-2,10322,Equilibrium - Wavelength,Lata/Botella,,N,,,,,,,0.00,,,,Y,Y,216.00,0.000,,N,N,N,N,N,N,N,N,N,N,N,N,N,N,N,N,N,N,N,N,N,N,N,N,N,N,N,N,N,N,N,N,N,N,N,N,N,N,N,N,N,N,N,N,N,N,N,N,N,N,N,N,N,N,N,N,N
equilibrium-advanced-science-of-cataclys,10906,Equilibrium Advanced Science of Cataclys,Lata/Botella,,N,,,,,,,149.00,,,,Y,Y,252.00,0.000,,N,N,N,N,N,N,N,N,N,N,N,N,N,N,N,N,N,N,N,N,N,N,N,N,N,N,N,N,N,N,N,N,N,N,N,N,N,N,N,N,N,N,N,N,N,N,N,N,N,N,N,N,N,N,N,N,N
equilibrium-all-wise-2,10372,Equilibrium All Wise,Lata/Botella,,N,,,,,,,0.00,,,,Y,Y,681.00,0.000,0.000,N,N,N,N,N,N,N,N,N,N,N,N,N,N,N,N,N,N,N,N,N,N,N,N,N,N,N,N,N,N,N,N,N,N,N,N,N,N,N,N,N,N,N,N,N,N,N,N,N,N,N,N,N,N,N,N,N
equilibrium-caramel-coconut-fluffernutter,10964,Equilibrium Caramel Coconut Fluffernutter,Lata/Botella,,N,,,,,,,455.90,,,,Y,Y,695.00,0.000,,N,N,N,N,N,N,N,N,N,N,N,N,N,N,N,N,N,N,N,N,N,N,N,N,N,N,N,N,N,N,N,N,N,N,N,N,N,N,N,N,N,N,N,N,N,N,N,N,N,N,N,N,N,N,N,N,N
equilibrium-chaos-theory,10907,Equilibrium Chaos Theory,Lata/Botella,,N,,,,,,,121.24,,,,Y,Y,213.00,0.000,,N,N,N,N,N,N,N,N,N,N,N,N,N,N,N,N,N,N,N,N,N,N,N,N,N,N,N,N,N,N,N,N,N,N,N,N,N,N,N,N,N,N,N,N,N,N,N,N,N,N,N,N,N,N,N,N,N
equilibrium-coco-cream-coffee-frappe,11228,Equilibrium Coco Cream Coffee Frappe,Lata/Botella,,N,,,,,,,407.40,,,,Y,Y,625.00,1.000,,N,N,N,N,N,N,N,N,N,N,N,N,N,N,N,N,N,N,N,N,N,N,N,N,N,N,N,N,N,N,N,N,N,N,N,N,N,N,N,N,N,N,N,N,N,N,N,N,N,N,N,N,N,N,N,N,N
equilibrium-dhop50,10908,Equilibrium dHop50,Lata/Botella,,N,,,,,,,149.00,,,,Y,Y,252.00,0.000,,N,N,N,N,N,N,N,N,N,N,N,N,N,N,N,N,N,N,N,N,N,N,N,N,N,N,N,N,N,N,N,N,N,N,N,N,N,N,N,N,N,N,N,N,N,N,N,N,N,N,N,N,N,N,N,N,N
equilibrium-double-banana-fall-from-grace,11227,Equilibrium Double Banana Fall From Grace,Lata/Botella,,N,,,,,,,514.09,,,,Y,Y,771.00,1.000,,N,N,N,N,N,N,N,N,N,N,N,N,N,N,N,N,N,N,N,N,N,N,N,N,N,N,N,N,N,N,N,N,N,N,N,N,N,N,N,N,N,N,N,N,N,N,N,N,N,N,N,N,N,N,N,N,N
equilibrium-emcee,10961,Equilibrium eMCee,Lata/Botella,,N,,,,,,,125.00,,,,Y,Y,218.00,0.000,,N,N,N,N,N,N,N,N,N,N,N,N,N,N,N,N,N,N,N,N,N,N,N,N,N,N,N,N,N,N,N,N,N,N,N,N,N,N,N,N,N,N,N,N,N,N,N,N,N,N,N,N,N,N,N,N,N
equilibrium-emperor's-marshmelatonin,10965,Equilibrium Emperor's Marshmelatonin,Lata/Botella,,N,,,,,,,455.90,,,,Y,Y,695.00,1.000,,N,N,N,N,N,N,N,N,N,N,N,N,N,N,N,N,N,N,N,N,N,N,N,N,N,N,N,N,N,N,N,N,N,N,N,N,N,N,N,N,N,N,N,N,N,N,N,N,N,N,N,N,N,N,N,N,N
equilibrium-epsilon,10491,Equilibrium Epsilon,Lata/Botella,,N,,,,,,,115.00,,,,Y,Y,205.00,0.000,,N,N,N,N,N,N,N,N,N,N,N,N,N,N,N,N,N,N,N,N,N,N,N,N,N,N,N,N,N,N,N,N,N,N,N,N,N,N,N,N,N,N,N,N,N,N,N,N,N,N,N,N,N,N,N,N,N
equilibrium-laboratory-dynamic,10909,Equilibrium Laboratory Dynamic,Lata/Botella,,N,,,,,,,149.00,,,,Y,Y,252.00,0.000,,N,N,N,N,N,N,N,N,N,N,N,N,N,N,N,N,N,N,N,N,N,N,N,N,N,N,N,N,N,N,N,N,N,N,N,N,N,N,N,N,N,N,N,N,N,N,N,N,N,N,N,N,N,N,N,N,N
equilibrium-life-after-death-star,11230,Equilibrium Life After Death Star,Lata/Botella,,N,,,,,,,426.80,,,,Y,Y,651.00,1.000,,N,N,N,N,N,N,N,N,N,N,N,N,N,N,N,N,N,N,N,N,N,N,N,N,N,N,N,N,N,N,N,N,N,N,N,N,N,N,N,N,N,N,N,N,N,N,N,N,N,N,N,N,N,N,N,N,N
equilibrium-magic-bars,10884,Equilibrium Magic Bars,Lata/Botella,,N,,,,,,,436.50,,,,Y,Y,664.00,1.000,,N,N,N,N,N,N,N,N,N,N,N,N,N,N,N,N,N,N,N,N,N,N,N,N,N,N,N,N,N,N,N,N,N,N,N,N,N,N,N,N,N,N,N,N,N,N,N,N,N,N,N,N,N,N,N,N,N
equilibrium-mc^2-473-ml,10910,Equilibrium MC^2 473 ml,Lata/Botella,,N,,,,,,,135.00,,,,Y,Y,231.00,0.000,,N,N,N,N,N,N,N,N,N,N,N,N,N,N,N,N,N,N,N,N,N,N,N,N,N,N,N,N,N,N,N,N,N,N,N,N,N,N,N,N,N,N,N,N,N,N,N,N,N,N,N,N,N,N,N,N,N
equilibrium-s'mores-blueprint,10885,Equilibrium S'mores Blueprint,Lata/Botella,,N,,,,,,,455.90,,,,Y,Y,690.00,0.000,,N,N,N,N,N,N,N,N,N,N,N,N,N,N,N,N,N,N,N,N,N,N,N,N,N,N,N,N,N,N,N,N,N,N,N,N,N,N,N,N,N,N,N,N,N,N,N,N,N,N,N,N,N,N,N,N,N
equilibrium-stacked-pistachio-chocolate-honey-cake,10963,Equilibrium Stacked Pistachio Chocolate Honey Cake,Lata/Botella,,N,,,,,,,455.90,,,,Y,Y,695.00,0.000,,N,N,N,N,N,N,N,N,N,N,N,N,N,N,N,N,N,N,N,N,N,N,N,N,N,N,N,N,N,N,N,N,N,N,N,N,N,N,N,N,N,N,N,N,N,N,N,N,N,N,N,N,N,N,N,N,N
equilibrium-string-theory-pomegranate,11023,Equilibrium String Theory Pomegranate,Lata/Botella,,N,,,,,,,140.65,,,,Y,Y,239.00,0.000,,N,N,N,N,N,N,N,N,N,N,N,N,N,N,N,N,N,N,N,N,N,N,N,N,N,N,N,N,N,N,N,N,N,N,N,N,N,N,N,N,N,N,N,N,N,N,N,N,N,N,N,N,N,N,N,N,N
equilibrium-swirls-&-spirals,11229,Equilibrium Swirls & Spirals,Lata/Botella,,N,,,,,,,407.40,,,,Y,Y,625.00,1.000,,N,N,N,N,N,N,N,N,N,N,N,N,N,N,N,N,N,N,N,N,N,N,N,N,N,N,N,N,N,N,N,N,N,N,N,N,N,N,N,N,N,N,N,N,N,N,N,N,N,N,N,N,N,N,N,N,N
equilibrium-tangerine-peel-laboratory,11149,Equilibrium Tangerine Peel Laboratory,Lata/Botella,,N,,,,,,,140.65,,,,Y,Y,239.00,0.000,,N,N,N,N,N,N,N,N,N,N,N,N,N,N,N,N,N,N,N,N,N,N,N,N,N,N,N,N,N,N,N,N,N,N,N,N,N,N,N,N,N,N,N,N,N,N,N,N,N,N,N,N,N,N,N,N,N
equilibrium-tidal-balance,11161,Equilibrium Tidal Balance,Lata/Botella,,N,,,,,,,130.94,,,,Y,Y,226.00,0.000,,N,N,N,N,N,N,N,N,N,N,N,N,N,N,N,N,N,N,N,N,N,N,N,N,N,N,N,N,N,N,N,N,N,N,N,N,N,N,N,N,N,N,N,N,N,N,N,N,N,N,N,N,N,N,N,N,N
erdinger-alkoholfrei-500ml-2,10389,Erdinger Alkoholfrei 500ml,Lata/Botella,,N,,,,,,,96.00,,,,Y,Y,175.00,3.000,0.000,N,N,N,N,N,N,N,N,N,N,N,N,N,N,N,N,N,N,N,N,N,N,N,N,N,N,N,N,N,N,N,N,N,N,N,N,N,N,N,N,N,N,N,N,N,N,N,N,N,N,N,N,N,N,N,N,N
erdinger-oktoberfest,10784,Erdinger Oktoberfest,Lata/Botella,,N,,,,,,,95.00,,,,Y,Y,174.00,0.000,,N,N,N,N,N,N,N,N,N,N,N,N,N,N,N,N,N,N,N,N,N,N,N,N,N,N,N,N,N,N,N,N,N,N,N,N,N,N,N,N,N,N,N,N,N,N,N,N,N,N,N,N,N,N,N,N,N
erdinger-weissbier,11106,Erdinger Weissbier,Lata/Botella,,N,,,,,,,0.00,,,,Y,Y,168.00,4.000,,N,N,N,N,N,N,N,N,N,N,N,N,N,N,N,N,N,N,N,N,N,N,N,N,N,N,N,N,N,N,N,N,N,N,N,N,N,N,N,N,N,N,N,N,N,N,N,N,N,N,N,N,N,N,N,N,N
erdringer-dunkel,10577,Erdringer-dunkel,Lata/Botella,,N,,,,,,,0.00,,,,Y,Y,168.00,0.000,,N,N,N,N,N,N,N,N,N,N,N,N,N,N,N,N,N,N,N,N,N,N,N,N,N,N,N,N,N,N,N,N,N,N,N,N,N,N,N,N,N,N,N,N,N,N,N,N,N,N,N,N,N,N,N,N,N
estrella-galicia,10438,Estrella Galicia,Lata/Botella,,N,,,,,,,42.00,,,,Y,Y,96.00,2.000,0.000,N,N,N,N,N,N,N,N,N,N,N,N,N,N,N,N,N,N,N,N,N,N,N,N,N,N,N,N,N,N,N,N,N,N,N,N,N,N,N,N,N,N,N,N,N,N,N,N,N,N,N,N,N,N,N,N,N
estrella-galicia-0.0,10998,Estrella Galicia 0.0,Lata/Botella,,N,,,,,,,35.00,,,,Y,Y,70.00,5.000,,N,N,N,N,N,N,N,N,N,N,N,N,N,N,N,N,N,N,N,N,N,N,N,N,N,N,N,N,N,N,N,N,N,N,N,N,N,N,N,N,N,N,N,N,N,N,N,N,N,N,N,N,N,N,N,N,N
estrella-galicia-sin-gluten,10999,Estrella Galicia Sin Gluten,Lata/Botella,,N,,,,,,,42.00,,,,Y,Y,96.00,3.000,,N,N,N,N,N,N,N,N,N,N,N,N,N,N,N,N,N,N,N,N,N,N,N,N,N,N,N,N,N,N,N,N,N,N,N,N,N,N,N,N,N,N,N,N,N,N,N,N,N,N,N,N,N,N,N,N,N
evil-twin/ramuri-even-more-lagrimas-nyc,11006,Evil Twin/Ramuri Even More Lagrimas NYC,Lata/Botella,,N,,,,,,,196.00,,,,Y,Y,324.00,2.000,,N,N,N,N,N,N,N,N,N,N,N,N,N,N,N,N,N,N,N,N,N,N,N,N,N,N,N,N,N,N,N,N,N,N,N,N,N,N,N,N,N,N,N,N,N,N,N,N,N,N,N,N,N,N,N,N,N
fauna---cabeza-de-vaca-2,10109,Fauna - Cabeza de Vaca,Lata/Botella,,N,,,,,,,0.00,,,,Y,Y,185.00,0.000,1000000.000,N,N,N,N,N,N,N,N,N,N,N,N,N,N,N,N,N,N,N,N,N,N,N,N,N,N,N,N,N,N,N,N,N,N,N,N,N,N,N,N,N,N,N,N,N,N,N,N,N,N,N,N,N,N,N,N,N
fauna---lycan-del-monasterio-2,10110,Fauna - Lycan del Monasterio,Lata/Botella,,N,,,,,,,0.00,,,,Y,Y,113.00,0.000,1000000.000,N,N,N,N,N,N,N,N,N,N,N,N,N,N,N,N,N,N,N,N,N,N,N,N,N,N,N,N,N,N,N,N,N,N,N,N,N,N,N,N,N,N,N,N,N,N,N,N,N,N,N,N,N,N,N,N,N
fauna---mani-mani-2,10288,Fauna - Mani Mani,Lata/Botella,,N,,,,,,,0.00,,,,Y,Y,115.00,0.000,,N,N,N,N,N,N,N,N,N,N,N,N,N,N,N,N,N,N,N,N,N,N,N,N,N,N,N,N,N,N,N,N,N,N,N,N,N,N,N,N,N,N,N,N,N,N,N,N,N,N,N,N,N,N,N,N,N
fauna-amanita-355-ml-2,11,Fauna Amanita 355 ml,Lata/Botella,,N,,,,,,,0.00,,,,Y,Y,94.00,0.000,1000000.000,N,N,N,N,N,N,N,N,N,N,N,N,N,N,N,N,N,N,N,N,N,N,N,N,N,N,N,N,N,N,N,N,N,N,N,N,N,N,N,N,N,N,N,N,N,N,N,N,N,N,N,N,N,N,N,N,N
fauna-caracol-355-ml-2,19,Fauna Caracol 355 ml,Lata/Botella,,N,,,,,,,0.00,,,,Y,Y,94.00,0.000,1000000.000,N,N,N,N,N,N,N,N,N,N,N,N,N,N,N,N,N,N,N,N,N,N,N,N,N,N,N,N,N,N,N,N,N,N,N,N,N,N,N,N,N,N,N,N,N,N,N,N,N,N,N,N,N,N,N,N,N
fauna-cherry-sabrina-2,10341,Fauna Cherry Sabrina,Lata/Botella,,N,,,,,,,0.00,,,,Y,Y,92.00,0.000,0.000,N,N,N,N,N,N,N,N,N,N,N,N,N,N,N,N,N,N,N,N,N,N,N,N,N,N,N,N,N,N,N,N,N,N,N,N,N,N,N,N,N,N,N,N,N,N,N,N,N,N,N,N,N,N,N,N,N
fauna-danza-macabra-355-ml-2,16,Fauna Danza Macabra 355 ml,Lata/Botella,,N,,,,,,,51.00,,,,Y,Y,97.00,0.000,1000000.000,N,N,N,N,N,N,N,N,N,N,N,N,N,N,N,N,N,N,N,N,N,N,N,N,N,N,N,N,N,N,N,N,N,N,N,N,N,N,N,N,N,N,N,N,N,N,N,N,N,N,N,N,N,N,N,N,N
fauna-eureka-2,10398,Fauna Eureka,Lata/Botella,,N,,,,,,,51.00,,,,Y,Y,97.00,0.000,,N,N,N,N,N,N,N,N,N,N,N,N,N,N,N,N,N,N,N,N,N,N,N,N,N,N,N,N,N,N,N,N,N,N,N,N,N,N,N,N,N,N,N,N,N,N,N,N,N,N,N,N,N,N,N,N,N
fauna-hazy-lycan,10860,Fauna Hazy Lycan,Lata/Botella,,N,,,,,,,59.00,,,,Y,Y,112.00,0.000,,N,N,N,N,N,N,N,N,N,N,N,N,N,N,N,N,N,N,N,N,N,N,N,N,N,N,N,N,N,N,N,N,N,N,N,N,N,N,N,N,N,N,N,N,N,N,N,N,N,N,N,N,N,N,N,N,N
fauna-helium-355-ml-2,15,Fauna Helium 355 ml,Lata/Botella,,N,,,,,,,0.00,,,,Y,Y,94.00,0.000,1000000.000,N,N,N,N,N,N,N,N,N,N,N,N,N,N,N,N,N,N,N,N,N,N,N,N,N,N,N,N,N,N,N,N,N,N,N,N,N,N,N,N,N,N,N,N,N,N,N,N,N,N,N,N,N,N,N,N,N
fauna-isis-malvada-2,10342,Fauna Isis Malvada,Lata/Botella,,N,,,,,,,0.00,,,,Y,Y,104.00,0.000,0.000,N,N,N,N,N,N,N,N,N,N,N,N,N,N,N,N,N,N,N,N,N,N,N,N,N,N,N,N,N,N,N,N,N,N,N,N,N,N,N,N,N,N,N,N,N,N,N,N,N,N,N,N,N,N,N,N,N
fauna-lager-mexicana-(-2,10022,Fauna lager mexicana,Lata/Botella,,N,,,,,,,0.00,,,,Y,Y,70.00,0.000,1000000.000,N,N,N,N,N,N,N,N,N,N,N,N,N,N,N,N,N,N,N,N,N,N,N,N,N,N,N,N,N,N,N,N,N,N,N,N,N,N,N,N,N,N,N,N,N,N,N,N,N,N,N,N,N,N,N,N,N
fauna-little-hazy-355-ml-2,13,Fauna Little Hazy 355 ml,Lata/Botella,,N,,,,,,,62.00,,,,Y,Y,118.00,1.000,1000000.000,N,N,N,N,N,N,N,N,N,N,N,N,N,N,N,N,N,N,N,N,N,N,N,N,N,N,N,N,N,N,N,N,N,N,N,N,N,N,N,N,N,N,N,N,N,N,N,N,N,N,N,N,N,N,N,N,N
fauna-lycan-abominable-2,10399,Fauna Lycan Abominable,Lata/Botella,,N,,,,,,,58.00,,,,Y,Y,110.00,0.000,,N,N,N,N,N,N,N,N,N,N,N,N,N,N,N,N,N,N,N,N,N,N,N,N,N,N,N,N,N,N,N,N,N,N,N,N,N,N,N,N,N,N,N,N,N,N,N,N,N,N,N,N,N,N,N,N,N
fauna-lycan-lupus-355-ml-2,10,Fauna Lycan Lupus 355 ml,Lata/Botella,,N,,,,,,,0.00,,,,Y,Y,110.00,0.000,1000000.000,N,N,N,N,N,N,N,N,N,N,N,N,N,N,N,N,N,N,N,N,N,N,N,N,N,N,N,N,N,N,N,N,N,N,N,N,N,N,N,N,N,N,N,N,N,N,N,N,N,N,N,N,N,N,N,N,N
fauna-mancinella-355-ml-2,18,Fauna Mancinella 355 ml,Lata/Botella,,N,,,,,,,0.00,,,,Y,Y,110.00,0.000,1000000.000,N,N,N,N,N,N,N,N,N,N,N,N,N,N,N,N,N,N,N,N,N,N,N,N,N,N,N,N,N,N,N,N,N,N,N,N,N,N,N,N,N,N,N,N,N,N,N,N,N,N,N,N,N,N,N,N,N
fauna-nebula-mágica-stone-fruit-ipa,10380,Fauna Nebula Mágica stone fruit IPA,Lata/Botella,,N,,,,,,,0.00,,,,Y,Y,120.00,0.000,0.000,N,N,N,N,N,N,N,N,N,N,N,N,N,N,N,N,N,N,N,N,N,N,N,N,N,N,N,N,N,N,N,N,N,N,N,N,N,N,N,N,N,N,N,N,N,N,N,N,N,N,N,N,N,N,N,N,N
fauna-nox-arcana-355-ml-2,14,Fauna Nox Arcana 355 ml,Lata/Botella,,N,,,,,,,64.00,,,,Y,Y,122.00,3.000,1000000.000,N,N,N,N,N,N,N,N,N,N,N,N,N,N,N,N,N,N,N,N,N,N,N,N,N,N,N,N,N,N,N,N,N,N,N,N,N,N,N,N,N,N,N,N,N,N,N,N,N,N,N,N,N,N,N,N,N
fauna-orange,10657,Fauna Orange Bloom,Lata/Botella,,N,,,,,,,62.00,,,,Y,Y,118.00,3.000,,N,N,N,N,N,N,N,N,N,N,N,N,N,N,N,N,N,N,N,N,N,N,N,N,N,N,N,N,N,N,N,N,N,N,N,N,N,N,N,N,N,N,N,N,N,N,N,N,N,N,N,N,N,N,N,N,N
fauna-penélope-355-ml,12,Fauna Penelope,Lata/Botella,,N,,,,,,,62.00,,,,Y,Y,118.00,4.000,1000000.000,N,N,N,N,N,N,N,N,N,N,N,N,N,N,N,N,N,N,N,N,N,N,N,N,N,N,N,N,N,N,N,N,N,N,N,N,N,N,N,N,N,N,N,N,N,N,N,N,N,N,N,N,N,N,N,N,N
fauna-piedra-de-león-355-ml,20,Fauna Piedra de León 355 ml,Lata/Botella,,N,,,,,,,0.00,,,,Y,Y,94.00,0.000,1000000.000,N,N,N,N,N,N,N,N,N,N,N,N,N,N,N,N,N,N,N,N,N,N,N,N,N,N,N,N,N,N,N,N,N,N,N,N,N,N,N,N,N,N,N,N,N,N,N,N,N,N,N,N,N,N,N,N,N
fauna-rubus-magenta-2,10400,Fauna Rubus Magenta,Lata/Botella,,N,,,,,,,51.00,,,,Y,Y,97.00,0.000,,N,N,N,N,N,N,N,N,N,N,N,N,N,N,N,N,N,N,N,N,N,N,N,N,N,N,N,N,N,N,N,N,N,N,N,N,N,N,N,N,N,N,N,N,N,N,N,N,N,N,N,N,N,N,N,N,N
fauna-vi-355-ml-2,17,Fauna VI Berliner,Lata/Botella,,N,,,,,,,51.00,,,,Y,Y,97.00,0.000,1000000.000,N,N,N,N,N,N,N,N,N,N,N,N,N,N,N,N,N,N,N,N,N,N,N,N,N,N,N,N,N,N,N,N,N,N,N,N,N,N,N,N,N,N,N,N,N,N,N,N,N,N,N,N,N,N,N,N,N
fauna-vienna,10693,Fauna Vienna,Lata/Botella,,N,,,,,,,35.00,,,,Y,Y,85.00,0.000,,N,N,N,N,N,N,N,N,N,N,N,N,N,N,N,N,N,N,N,N,N,N,N,N,N,N,N,N,N,N,N,N,N,N,N,N,N,N,N,N,N,N,N,N,N,N,N,N,N,N,N,N,N,N,N,N,N
fauna-xmas-ale-2,10401,Fauna Xmas Ale,Lata/Botella,,N,,,,,,,58.00,,,,Y,Y,144.00,0.000,,N,N,N,N,N,N,N,N,N,N,N,N,N,N,N,N,N,N,N,N,N,N,N,N,N,N,N,N,N,N,N,N,N,N,N,N,N,N,N,N,N,N,N,N,N,N,N,N,N,N,N,N,N,N,N,N,N
feldschlößchen-schwarzbier,10546,Feldschlößchen Schwarzbier,Lata/Botella,,N,,,,,,,65.00,,,,Y,Y,124.00,0.000,,N,N,N,N,N,N,N,N,N,N,N,N,N,N,N,N,N,N,N,N,N,N,N,N,N,N,N,N,N,N,N,N,N,N,N,N,N,N,N,N,N,N,N,N,N,N,N,N,N,N,N,N,N,N,N,N,N
feldschlößchen-urbock,10545,Feldschlößchen Urbock,Lata/Botella,,N,,,,,,,65.00,,,,Y,Y,124.00,0.000,,N,N,N,N,N,N,N,N,N,N,N,N,N,N,N,N,N,N,N,N,N,N,N,N,N,N,N,N,N,N,N,N,N,N,N,N,N,N,N,N,N,N,N,N,N,N,N,N,N,N,N,N,N,N,N,N,N
firestone-diesel-thunder,11235,Firestone Diesel Thunder,Lata/Botella,,N,,,,,,,56.50,,,,Y,Y,124.00,2.000,,N,N,N,N,N,N,N,N,N,N,N,N,N,N,N,N,N,N,N,N,N,N,N,N,N,N,N,N,N,N,N,N,N,N,N,N,N,N,N,N,N,N,N,N,N,N,N,N,N,N,N,N,N,N,N,N,N
firestone-easy-jack,11238,Firestone Easy Jack,Lata/Botella,,N,,,,,,,56.50,,,,Y,Y,124.00,3.000,,N,N,N,N,N,N,N,N,N,N,N,N,N,N,N,N,N,N,N,N,N,N,N,N,N,N,N,N,N,N,N,N,N,N,N,N,N,N,N,N,N,N,N,N,N,N,N,N,N,N,N,N,N,N,N,N,N
firestone-ipa,11237,Firestone IPA,Lata/Botella,,N,,,,,,,56.50,,,,Y,Y,124.00,3.000,,N,N,N,N,N,N,N,N,N,N,N,N,N,N,N,N,N,N,N,N,N,N,N,N,N,N,N,N,N,N,N,N,N,N,N,N,N,N,N,N,N,N,N,N,N,N,N,N,N,N,N,N,N,N,N,N,N
firestone-mind-haze-cosmic-crusher,11234,Firestone Mind Haze Cosmic Crusher,Lata/Botella,,N,,,,,,,56.50,,,,Y,Y,124.00,2.000,,N,N,N,N,N,N,N,N,N,N,N,N,N,N,N,N,N,N,N,N,N,N,N,N,N,N,N,N,N,N,N,N,N,N,N,N,N,N,N,N,N,N,N,N,N,N,N,N,N,N,N,N,N,N,N,N,N
firestone-mind-haze-galaxy-bender,11232,Firestone Mind Haze Galaxy Bender,Lata/Botella,,N,,,,,,,56.50,,,,Y,Y,124.00,0.000,,N,N,N,N,N,N,N,N,N,N,N,N,N,N,N,N,N,N,N,N,N,N,N,N,N,N,N,N,N,N,N,N,N,N,N,N,N,N,N,N,N,N,N,N,N,N,N,N,N,N,N,N,N,N,N,N,N
firestone-mind-haze-juicy-hazy-ipa,11233,Firestone Mind Haze Juicy Hazy IPA,Lata/Botella,,N,,,,,,,56.50,,,,Y,Y,124.00,3.000,,N,N,N,N,N,N,N,N,N,N,N,N,N,N,N,N,N,N,N,N,N,N,N,N,N,N,N,N,N,N,N,N,N,N,N,N,N,N,N,N,N,N,N,N,N,N,N,N,N,N,N,N,N,N,N,N,N
firestone-parabola-2025,11224,Firestone Parabola 2025,Lata/Botella,,N,,,,,,,252.19,,,,Y,Y,408.00,3.000,,N,N,N,N,N,N,N,N,N,N,N,N,N,N,N,N,N,N,N,N,N,N,N,N,N,N,N,N,N,N,N,N,N,N,N,N,N,N,N,N,N,N,N,N,N,N,N,N,N,N,N,N,N,N,N,N,N
firestone-parábola-imperial,10111,Firestone Parabola Imperial,Lata/Botella,,N,,,,,,,309.42,,,,Y,Y,515.00,0.000,0.000,N,N,N,N,N,N,N,N,N,N,N,N,N,N,N,N,N,N,N,N,N,N,N,N,N,N,N,N,N,N,N,N,N,N,N,N,N,N,N,N,N,N,N,N,N,N,N,N,N,N,N,N,N,N,N,N,N
firestone-paramburana,11225,Firestone ParAmburana,Lata/Botella,,N,,,,,,,252.20,,,,Y,Y,408.00,1.000,,N,N,N,N,N,N,N,N,N,N,N,N,N,N,N,N,N,N,N,N,N,N,N,N,N,N,N,N,N,N,N,N,N,N,N,N,N,N,N,N,N,N,N,N,N,N,N,N,N,N,N,N,N,N,N,N,N
firestone-pfreal,11241,Firestone Pfreal,Lata/Botella,,N,,,,,,,62.00,,,,Y,Y,124.00,5.000,,N,N,N,N,N,N,N,N,N,N,N,N,N,N,N,N,N,N,N,N,N,N,N,N,N,N,N,N,N,N,N,N,N,N,N,N,N,N,N,N,N,N,N,N,N,N,N,N,N,N,N,N,N,N,N,N,N
firestone-union-jack,11236,Firestone Union Jack,Lata/Botella,,N,,,,,,,56.50,,,,Y,Y,124.00,2.000,,N,N,N,N,N,N,N,N,N,N,N,N,N,N,N,N,N,N,N,N,N,N,N,N,N,N,N,N,N,N,N,N,N,N,N,N,N,N,N,N,N,N,N,N,N,N,N,N,N,N,N,N,N,N,N,N,N
firestone-walker-champs-de-fraises,10487,Firestone Walker Champs de Fraises,Lata/Botella,,N,,,,,,,279.99,,,,Y,Y,450.00,0.000,,N,N,N,N,N,N,N,N,N,N,N,N,N,N,N,N,N,N,N,N,N,N,N,N,N,N,N,N,N,N,N,N,N,N,N,N,N,N,N,N,N,N,N,N,N,N,N,N,N,N,N,N,N,N,N,N,N
firestone-walker-frieky-bones,10486,Firestone Walker Frieky Bones,Lata/Botella,,N,,,,,,,278.99,,,,Y,Y,448.00,2.000,,N,N,N,N,N,N,N,N,N,N,N,N,N,N,N,N,N,N,N,N,N,N,N,N,N,N,N,N,N,N,N,N,N,N,N,N,N,N,N,N,N,N,N,N,N,N,N,N,N,N,N,N,N,N,N,N,N
firestone-walter-nec-bones,11015,Firestone Walter Nec bones 2021,Lata/Botella,,N,,,,,,,270.62,,,,Y,Y,445.00,0.000,,N,N,N,N,N,N,N,N,N,N,N,N,N,N,N,N,N,N,N,N,N,N,N,N,N,N,N,N,N,N,N,N,N,N,N,N,N,N,N,N,N,N,N,N,N,N,N,N,N,N,N,N,N,N,N,N,N
flensburger-dunkel,10994,Flensburger Dunkel,Lata/Botella,,N,,,,,,,72.00,,,,Y,Y,136.00,0.000,,N,N,N,N,N,N,N,N,N,N,N,N,N,N,N,N,N,N,N,N,N,N,N,N,N,N,N,N,N,N,N,N,N,N,N,N,N,N,N,N,N,N,N,N,N,N,N,N,N,N,N,N,N,N,N,N,N
flensburger-mega-pop-2-litros,10888,Flensburger Mega Pop 2 Litros,Lata/Botella,,N,,,,,,,700.00,,,,Y,Y,1050.00,0.000,,N,N,N,N,N,N,N,N,N,N,N,N,N,N,N,N,N,N,N,N,N,N,N,N,N,N,N,N,N,N,N,N,N,N,N,N,N,N,N,N,N,N,N,N,N,N,N,N,N,N,N,N,N,N,N,N,N
flensburguer-pilsner,10672,Flensburguer pilsner,Lata/Botella,,N,,,,,,,72.00,,,,Y,Y,136.00,0.000,,N,N,N,N,N,N,N,N,N,N,N,N,N,N,N,N,N,N,N,N,N,N,N,N,N,N,N,N,N,N,N,N,N,N,N,N,N,N,N,N,N,N,N,N,N,N,N,N,N,N,N,N,N,N,N,N,N
fortuna-california-ale-355-ml-2,46,Fortuna California Ale 355 ml,Lata/Botella,,N,,,,,,,0.00,,,,Y,Y,79.00,0.000,1000000.000,N,N,N,N,N,N,N,N,N,N,N,N,N,N,N,N,N,N,N,N,N,N,N,N,N,N,N,N,N,N,N,N,N,N,N,N,N,N,N,N,N,N,N,N,N,N,N,N,N,N,N,N,N,N,N,N,N
fortuna-cañita-355-ml,49,Fortuna Cañita 355 ml,Lata/Botella,,N,,,,,,,0.00,,,,Y,Y,79.00,0.000,1000000.000,N,N,N,N,N,N,N,N,N,N,N,N,N,N,N,N,N,N,N,N,N,N,N,N,N,N,N,N,N,N,N,N,N,N,N,N,N,N,N,N,N,N,N,N,N,N,N,N,N,N,N,N,N,N,N,N,N
fortuna-czarne-whisky-wood,10750,Fortuna Czarne Whisky Wood,Lata/Botella,,N,,,,,,,75.00,,,,Y,Y,141.00,0.000,,N,N,N,N,N,N,N,N,N,N,N,N,N,N,N,N,N,N,N,N,N,N,N,N,N,N,N,N,N,N,N,N,N,N,N,N,N,N,N,N,N,N,N,N,N,N,N,N,N,N,N,N,N,N,N,N,N
fortuna-hazy-pale-ale-355-ml-2,47,Fortuna Hazy Pale Ale 355 ml,Lata/Botella,,N,,,,,,,0.00,,,,Y,Y,93.00,0.000,1000000.000,N,N,N,N,N,N,N,N,N,N,N,N,N,N,N,N,N,N,N,N,N,N,N,N,N,N,N,N,N,N,N,N,N,N,N,N,N,N,N,N,N,N,N,N,N,N,N,N,N,N,N,N,N,N,N,N,N
fortuna-ippólita-355-ml,50,Fortuna Ippólita 355 ml,Lata/Botella,,N,,,,,,,0.00,,,,Y,Y,86.00,0.000,1000000.000,N,N,N,N,N,N,N,N,N,N,N,N,N,N,N,N,N,N,N,N,N,N,N,N,N,N,N,N,N,N,N,N,N,N,N,N,N,N,N,N,N,N,N,N,N,N,N,N,N,N,N,N,N,N,N,N,N
fortuna-neippolita-355-ml-2,51,Fortuna Neippolita 355 ml,Lata/Botella,,N,,,,,,,0.00,,,,Y,Y,93.00,0.000,1000000.000,N,N,N,N,N,N,N,N,N,N,N,N,N,N,N,N,N,N,N,N,N,N,N,N,N,N,N,N,N,N,N,N,N,N,N,N,N,N,N,N,N,N,N,N,N,N,N,N,N,N,N,N,N,N,N,N,N
fortuna-sourindo-355-ml-2,48,Fortuna Sourindo 355 ml,Lata/Botella,,N,,,,,,,0.00,,,,Y,Y,86.00,0.000,1000000.000,N,N,N,N,N,N,N,N,N,N,N,N,N,N,N,N,N,N,N,N,N,N,N,N,N,N,N,N,N,N,N,N,N,N,N,N,N,N,N,N,N,N,N,N,N,N,N,N,N,N,N,N,N,N,N,N,N
fourchette,10687,Fourchette 750 ml,Lata/Botella,,N,,,,,,,450.00,,,,Y,Y,683.00,0.000,,N,N,N,N,N,N,N,N,N,N,N,N,N,N,N,N,N,N,N,N,N,N,N,N,N,N,N,N,N,N,N,N,N,N,N,N,N,N,N,N,N,N,N,N,N,N,N,N,N,N,N,N,N,N,N,N,N
franziskaner-weiss-500-ml-naturtrub-2,95,Franziskaner Weiss 500 ml Naturtrub,Lata/Botella,,N,,,,,,,0.00,,,,Y,Y,135.00,0.000,1000000.000,N,N,N,N,N,N,N,N,N,N,N,N,N,N,N,N,N,N,N,N,N,N,N,N,N,N,N,N,N,N,N,N,N,N,N,N,N,N,N,N,N,N,N,N,N,N,N,N,N,N,N,N,N,N,N,N,N
fullers-1845,11243,FULLER'S 1845,Lata/Botella,,N,,,,,,,92.00,,,,Y,Y,169.00,10.000,,N,N,N,N,N,N,N,N,N,N,N,N,N,N,N,N,N,N,N,N,N,N,N,N,N,N,N,N,N,N,N,N,N,N,N,N,N,N,N,N,N,N,N,N,N,N,N,N,N,N,N,N,N,N,N,N,N
fullers-esb,11244,FULLER'S ESB,Lata/Botella,,N,,,,,,,92.00,,,,Y,Y,169.00,10.000,,N,N,N,N,N,N,N,N,N,N,N,N,N,N,N,N,N,N,N,N,N,N,N,N,N,N,N,N,N,N,N,N,N,N,N,N,N,N,N,N,N,N,N,N,N,N,N,N,N,N,N,N,N,N,N,N,N
fuller's-london-black-cab,10975,Fuller's London Black Cab,Lata/Botella,,N,,,,,,,55.00,,,,Y,Y,145.00,0.000,,N,N,N,N,N,N,N,N,N,N,N,N,N,N,N,N,N,N,N,N,N,N,N,N,N,N,N,N,N,N,N,N,N,N,N,N,N,N,N,N,N,N,N,N,N,N,N,N,N,N,N,N,N,N,N,N,N
fullers-london-porter,11245,FULLER'S LONDON PORTER,Lata/Botella,,N,,,,,,,92.00,,,,Y,Y,169.00,10.000,,N,N,N,N,N,N,N,N,N,N,N,N,N,N,N,N,N,N,N,N,N,N,N,N,N,N,N,N,N,N,N,N,N,N,N,N,N,N,N,N,N,N,N,N,N,N,N,N,N,N,N,N,N,N,N,N,N
fullers-london-pride,11246,FULLER'S LONDON PRIDE,Lata/Botella,,N,,,,,,,92.00,,,,Y,Y,169.00,10.000,,N,N,N,N,N,N,N,N,N,N,N,N,N,N,N,N,N,N,N,N,N,N,N,N,N,N,N,N,N,N,N,N,N,N,N,N,N,N,N,N,N,N,N,N,N,N,N,N,N,N,N,N,N,N,N,N,N
fullers-vintage-ale,11247,FULLER'S VINTAGE ALE,Lata/Botella,,N,,,,,,,150.00,,,,Y,Y,253.00,6.000,,N,N,N,N,N,N,N,N,N,N,N,N,N,N,N,N,N,N,N,N,N,N,N,N,N,N,N,N,N,N,N,N,N,N,N,N,N,N,N,N,N,N,N,N,N,N,N,N,N,N,N,N,N,N,N,N,N
gratis-divide-yeti,10684,Gratis Divide Yeti,Lata/Botella,,N,,,,,,,80.00,,,,Y,Y,150.00,0.000,,N,N,N,N,N,N,N,N,N,N,N,N,N,N,N,N,N,N,N,N,N,N,N,N,N,N,N,N,N,N,N,N,N,N,N,N,N,N,N,N,N,N,N,N,N,N,N,N,N,N,N,N,N,N,N,N,N
great-notion-west-coast-ripe-473-ml-lata-2,10179,Great Notion West Coast Ripe 473 ml lata,Lata/Botella,,N,,,,,,,0.00,,,,Y,Y,211.00,0.000,,N,N,N,N,N,N,N,N,N,N,N,N,N,N,N,N,N,N,N,N,N,N,N,N,N,N,N,N,N,N,N,N,N,N,N,N,N,N,N,N,N,N,N,N,N,N,N,N,N,N,N,N,N,N,N,N,N
guinnes,11112,Guinnes,Lata/Botella,,N,,,,,,,83.00,,,,Y,Y,154.00,0.000,,N,N,N,N,N,N,N,N,N,N,N,N,N,N,N,N,N,N,N,N,N,N,N,N,N,N,N,N,N,N,N,N,N,N,N,N,N,N,N,N,N,N,N,N,N,N,N,N,N,N,N,N,N,N,N,N,N
guinness---draught-lata-2,10106,Guinness - Draught Lata,Lata/Botella,,N,,,,,,,97.00,,,,Y,Y,177.00,6.000,1000000.000,N,N,N,N,N,N,N,N,N,N,N,N,N,N,N,N,N,N,N,N,N,N,N,N,N,N,N,N,N,N,N,N,N,N,N,N,N,N,N,N,N,N,N,N,N,N,N,N,N,N,N,N,N,N,N,N,N
guiness,10720,Guinness Special Export,Lata/Botella,,N,,,,,,,112.00,,,,Y,Y,201.00,12.000,,N,N,N,N,N,N,N,N,N,N,N,N,N,N,N,N,N,N,N,N,N,N,N,N,N,N,N,N,N,N,N,N,N,N,N,N,N,N,N,N,N,N,N,N,N,N,N,N,N,N,N,N,N,N,N,N,N
guinness-timmermans-2,10339,Guinness Timmermans,Lata/Botella,,N,,,,,,,0.00,,,,Y,Y,396.00,0.000,0.000,N,N,N,N,N,N,N,N,N,N,N,N,N,N,N,N,N,N,N,N,N,N,N,N,N,N,N,N,N,N,N,N,N,N,N,N,N,N,N,N,N,N,N,N,N,N,N,N,N,N,N,N,N,N,N,N,N
gulden-draak---classic-2,10081,Gulden Draak - Classic,Lata/Botella,,N,,,,,,,100.00,,,,Y,Y,182.00,0.000,1000000.000,N,N,N,N,N,N,N,N,N,N,N,N,N,N,N,N,N,N,N,N,N,N,N,N,N,N,N,N,N,N,N,N,N,N,N,N,N,N,N,N,N,N,N,N,N,N,N,N,N,N,N,N,N,N,N,N,N
gulden-draak---smoked-2,10082,Gulden Draak - Smoked,Lata/Botella,,N,,,,,,,120.00,,,,Y,Y,211.00,0.000,999999.999,N,N,N,N,N,N,N,N,N,N,N,N,N,N,N,N,N,N,N,N,N,N,N,N,N,N,N,N,N,N,N,N,N,N,N,N,N,N,N,N,N,N,N,N,N,N,N,N,N,N,N,N,N,N,N,N,N
gulden-draak-9000,10521,Gulden Draak 9000,Lata/Botella,,N,,,,,,,100.00,,,,Y,Y,182.00,0.000,,N,N,N,N,N,N,N,N,N,N,N,N,N,N,N,N,N,N,N,N,N,N,N,N,N,N,N,N,N,N,N,N,N,N,N,N,N,N,N,N,N,N,N,N,N,N,N,N,N,N,N,N,N,N,N,N,N
gulden-draak-blond,10854,Gulden Draak Blond,Lata/Botella,,N,,,,,,,100.00,,,,Y,Y,182.00,0.000,,N,N,N,N,N,N,N,N,N,N,N,N,N,N,N,N,N,N,N,N,N,N,N,N,N,N,N,N,N,N,N,N,N,N,N,N,N,N,N,N,N,N,N,N,N,N,N,N,N,N,N,N,N,N,N,N,N
gulden-draak-cuvee-prestige-bourbon,10851,Gulden Draak Bourbon Cuvee Prestige,Lata/Botella,,N,,,,,,,650.00,,,,Y,Y,1040.00,0.000,,N,N,N,N,N,N,N,N,N,N,N,N,N,N,N,N,N,N,N,N,N,N,N,N,N,N,N,N,N,N,N,N,N,N,N,N,N,N,N,N,N,N,N,N,N,N,N,N,N,N,N,N,N,N,N,N,N
gulden-draak-brewmaster,10500,Gulden Draak Brewmaster,Lata/Botella,,N,,,,,,,125.00,,,,Y,Y,218.00,0.000,0.000,N,N,N,N,N,N,N,N,N,N,N,N,N,N,N,N,N,N,N,N,N,N,N,N,N,N,N,N,N,N,N,N,N,N,N,N,N,N,N,N,N,N,N,N,N,N,N,N,N,N,N,N,N,N,N,N,N
gulden-draak-cognac-cuvee-prestige,10852,Gulden Draak Cognac Cuvee Prestige,Lata/Botella,,N,,,,,,,650.00,,,,Y,Y,1040.00,0.000,,N,N,N,N,N,N,N,N,N,N,N,N,N,N,N,N,N,N,N,N,N,N,N,N,N,N,N,N,N,N,N,N,N,N,N,N,N,N,N,N,N,N,N,N,N,N,N,N,N,N,N,N,N,N,N,N,N
gulden-draak-fire,10855,Gulden Draak Fire,Lata/Botella,,N,,,,,,,125.00,,,,Y,Y,218.00,1.000,,N,N,N,N,N,N,N,N,N,N,N,N,N,N,N,N,N,N,N,N,N,N,N,N,N,N,N,N,N,N,N,N,N,N,N,N,N,N,N,N,N,N,N,N,N,N,N,N,N,N,N,N,N,N,N,N,N
gulden-draak-imperial-stout,10856,Gulden Draak Imperial Stout,Lata/Botella,,N,,,,,,,125.00,,,,Y,Y,218.00,0.000,,N,N,N,N,N,N,N,N,N,N,N,N,N,N,N,N,N,N,N,N,N,N,N,N,N,N,N,N,N,N,N,N,N,N,N,N,N,N,N,N,N,N,N,N,N,N,N,N,N,N,N,N,N,N,N,N,N
gulden-draak-laphroaig-cuvee-prestige,10853,Gulden Draak Laphroaig Cuvee Prestige,Lata/Botella,,N,,,,,,,650.00,,,,Y,Y,1040.00,0.000,,N,N,N,N,N,N,N,N,N,N,N,N,N,N,N,N,N,N,N,N,N,N,N,N,N,N,N,N,N,N,N,N,N,N,N,N,N,N,N,N,N,N,N,N,N,N,N,N,N,N,N,N,N,N,N,N,N
gulden-draak-red,10857,Gulden Draak Red,Lata/Botella,,N,,,,,,,100.00,,,,Y,Y,182.00,0.000,,N,N,N,N,N,N,N,N,N,N,N,N,N,N,N,N,N,N,N,N,N,N,N,N,N,N,N,N,N,N,N,N,N,N,N,N,N,N,N,N,N,N,N,N,N,N,N,N,N,N,N,N,N,N,N,N,N
hacker-pschorr-oktoberfest,10791,Hacker Pschorr Oktoberfest,Lata/Botella,,N,,,,,,,65.00,,,,Y,Y,124.00,0.000,,N,N,N,N,N,N,N,N,N,N,N,N,N,N,N,N,N,N,N,N,N,N,N,N,N,N,N,N,N,N,N,N,N,N,N,N,N,N,N,N,N,N,N,N,N,N,N,N,N,N,N,N,N,N,N,N,N
hacker-pschorr-weissbier,10957,Hacker Pschorr Weissbier,Lata/Botella,,N,,,,,,,70.00,,,,Y,Y,140.00,0.000,,N,N,N,N,N,N,N,N,N,N,N,N,N,N,N,N,N,N,N,N,N,N,N,N,N,N,N,N,N,N,N,N,N,N,N,N,N,N,N,N,N,N,N,N,N,N,N,N,N,N,N,N,N,N,N,N,N
hanssens-artisanaal-oude-kriek,10485,Hanssens Artisanaal Oude Kriek,Lata/Botella,,N,,,,,,,230.00,,,,Y,Y,375.00,0.000,,N,N,N,N,N,N,N,N,N,N,N,N,N,N,N,N,N,N,N,N,N,N,N,N,N,N,N,N,N,N,N,N,N,N,N,N,N,N,N,N,N,N,N,N,N,N,N,N,N,N,N,N,N,N,N,N,N
harpoon-ipa-(lata)-16-oz-2,63,Harpoon IPA (Lata) 16 oz,Lata/Botella,,N,,,,,,,0.00,,,,Y,Y,130.00,0.000,1000000.000,N,N,N,N,N,N,N,N,N,N,N,N,N,N,N,N,N,N,N,N,N,N,N,N,N,N,N,N,N,N,N,N,N,N,N,N,N,N,N,N,N,N,N,N,N,N,N,N,N,N,N,N,N,N,N,N,N
harpoon-rec-league-(lata)-16-oz-2,64,Harpoon Rec League (Lata) 16 oz,Lata/Botella,,N,,,,,,,0.00,,,,Y,Y,130.00,0.000,1000000.000,N,N,N,N,N,N,N,N,N,N,N,N,N,N,N,N,N,N,N,N,N,N,N,N,N,N,N,N,N,N,N,N,N,N,N,N,N,N,N,N,N,N,N,N,N,N,N,N,N,N,N,N,N,N,N,N,N
hb-helles-lager,10520,HB Helles Lager,Lata/Botella,,N,,,,,,,80.00,,,,Y,Y,149.00,0.000,,N,N,N,N,N,N,N,N,N,N,N,N,N,N,N,N,N,N,N,N,N,N,N,N,N,N,N,N,N,N,N,N,N,N,N,N,N,N,N,N,N,N,N,N,N,N,N,N,N,N,N,N,N,N,N,N,N
heineken-0-2,10025,Heineken 0,Lata/Botella,,N,,,,,,,0.00,,,,Y,Y,50.00,16.000,1000000.000,N,N,N,N,N,N,N,N,N,N,N,N,N,N,N,N,N,N,N,N,N,N,N,N,N,N,N,N,N,N,N,N,N,N,N,N,N,N,N,N,N,N,N,N,N,N,N,N,N,N,N,N,N,N,N,N,N
heineken-botella-355ml-2,10124,Heineken botella 355ml,Lata/Botella,,N,,,,,,,0.00,,,,Y,Y,65.00,25.000,,N,N,N,N,N,N,N,N,N,N,N,N,N,N,N,N,N,N,N,N,N,N,N,N,N,N,N,N,N,N,N,N,N,N,N,N,N,N,N,N,N,N,N,N,N,N,N,N,N,N,N,N,N,N,N,N,N
heineken-silver,10811,Heineken Silver,Lata/Botella,,N,,,,,,,0.00,,,,Y,Y,65.00,0.000,,N,N,N,N,N,N,N,N,N,N,N,N,N,N,N,N,N,N,N,N,N,N,N,N,N,N,N,N,N,N,N,N,N,N,N,N,N,N,N,N,N,N,N,N,N,N,N,N,N,N,N,N,N,N,N,N,N
hercules--peely-wally,11116,Hercules  Peely Wally,Lata/Botella,,N,,,,,,,154.00,,,,Y,Y,259.00,0.000,,N,N,N,N,N,N,N,N,N,N,N,N,N,N,N,N,N,N,N,N,N,N,N,N,N,N,N,N,N,N,N,N,N,N,N,N,N,N,N,N,N,N,N,N,N,N,N,N,N,N,N,N,N,N,N,N,N
hércules---kung-prunus,10307,Hércules - Kung Prunus,Lata/Botella,,N,,,,,,,0.00,,,,Y,Y,336.00,0.000,,N,N,N,N,N,N,N,N,N,N,N,N,N,N,N,N,N,N,N,N,N,N,N,N,N,N,N,N,N,N,N,N,N,N,N,N,N,N,N,N,N,N,N,N,N,N,N,N,N,N,N,N,N,N,N,N,N
hércules-astro,106,Hércules Astro,Lata/Botella,,N,,,,,,,0.00,,,,Y,Y,140.00,0.000,1000000.000,N,N,N,N,N,N,N,N,N,N,N,N,N,N,N,N,N,N,N,N,N,N,N,N,N,N,N,N,N,N,N,N,N,N,N,N,N,N,N,N,N,N,N,N,N,N,N,N,N,N,N,N,N,N,N,N,N
hercules-caballo-blanco,10767,Hercules Caballo Blanco,Lata/Botella,,N,,,,,,,70.00,,,,Y,Y,133.00,0.000,,N,N,N,N,N,N,N,N,N,N,N,N,N,N,N,N,N,N,N,N,N,N,N,N,N,N,N,N,N,N,N,N,N,N,N,N,N,N,N,N,N,N,N,N,N,N,N,N,N,N,N,N,N,N,N,N,N
hercules-cervecita-checa,10768,Hercules Cervecita Checa,Lata/Botella,,N,,,,,,,62.00,,,,Y,Y,118.00,0.000,,N,N,N,N,N,N,N,N,N,N,N,N,N,N,N,N,N,N,N,N,N,N,N,N,N,N,N,N,N,N,N,N,N,N,N,N,N,N,N,N,N,N,N,N,N,N,N,N,N,N,N,N,N,N,N,N,N
hercules-debut-2020-375ml,10954,Hercules Debut 2020 375ml,Lata/Botella,,N,,,,,,,250.00,,,,Y,Y,405.00,0.000,,N,N,N,N,N,N,N,N,N,N,N,N,N,N,N,N,N,N,N,N,N,N,N,N,N,N,N,N,N,N,N,N,N,N,N,N,N,N,N,N,N,N,N,N,N,N,N,N,N,N,N,N,N,N,N,N,N
hercules-debut-2024-375ml,10953,Hercules Debut 2024 375ml,Lata/Botella,,N,,,,,,,250.00,,,,Y,Y,405.00,0.000,,N,N,N,N,N,N,N,N,N,N,N,N,N,N,N,N,N,N,N,N,N,N,N,N,N,N,N,N,N,N,N,N,N,N,N,N,N,N,N,N,N,N,N,N,N,N,N,N,N,N,N,N,N,N,N,N,N
hercules-el-barrio,10952,Hercules El Barrio,Lata/Botella,,N,,,,,,,65.00,,,,Y,Y,124.00,0.000,,N,N,N,N,N,N,N,N,N,N,N,N,N,N,N,N,N,N,N,N,N,N,N,N,N,N,N,N,N,N,N,N,N,N,N,N,N,N,N,N,N,N,N,N,N,N,N,N,N,N,N,N,N,N,N,N,N
hércules-faro,109,Hércules Faro,Lata/Botella,,N,,,,,,,0.00,,,,Y,Y,120.00,0.000,1000000.000,N,N,N,N,N,N,N,N,N,N,N,N,N,N,N,N,N,N,N,N,N,N,N,N,N,N,N,N,N,N,N,N,N,N,N,N,N,N,N,N,N,N,N,N,N,N,N,N,N,N,N,N,N,N,N,N,N
hercules-godzinas,11261,Hercules Godzinas,Lata/Botella,,N,,,,,,,75.00,,,,Y,Y,141.00,4.000,,N,N,N,N,N,N,N,N,N,N,N,N,N,N,N,N,N,N,N,N,N,N,N,N,N,N,N,N,N,N,N,N,N,N,N,N,N,N,N,N,N,N,N,N,N,N,N,N,N,N,N,N,N,N,N,N,N
hercules-goldhute,10769,Hercules Goldhute,Lata/Botella,,N,,,,,,,70.00,,,,Y,Y,133.00,0.000,,N,N,N,N,N,N,N,N,N,N,N,N,N,N,N,N,N,N,N,N,N,N,N,N,N,N,N,N,N,N,N,N,N,N,N,N,N,N,N,N,N,N,N,N,N,N,N,N,N,N,N,N,N,N,N,N,N
hércules-hombre-pájaro,104,Hercules Hombre Pájaro,Lata/Botella,,N,,,,,,,47.00,,,,Y,Y,108.00,4.000,1000000.000,N,N,N,N,N,N,N,N,N,N,N,N,N,N,N,N,N,N,N,N,N,N,N,N,N,N,N,N,N,N,N,N,N,N,N,N,N,N,N,N,N,N,N,N,N,N,N,N,N,N,N,N,N,N,N,N,N
hercules-hooligan,10950,Hercules Hooligan,Lata/Botella,,N,,,,,,,65.00,,,,Y,Y,124.00,0.000,,N,N,N,N,N,N,N,N,N,N,N,N,N,N,N,N,N,N,N,N,N,N,N,N,N,N,N,N,N,N,N,N,N,N,N,N,N,N,N,N,N,N,N,N,N,N,N,N,N,N,N,N,N,N,N,N,N
hércules-huracan,10733,Hercules Huracan,Lata/Botella,,N,,,,,,,140.00,,,,Y,Y,238.00,0.000,,N,N,N,N,N,N,N,N,N,N,N,N,N,N,N,N,N,N,N,N,N,N,N,N,N,N,N,N,N,N,N,N,N,N,N,N,N,N,N,N,N,N,N,N,N,N,N,N,N,N,N,N,N,N,N,N,N
hercules-la-madrugada,10955,Hercules La Madrugada 375ml,Lata/Botella,,N,,,,,,,175.00,,,,Y,Y,292.00,0.000,,N,N,N,N,N,N,N,N,N,N,N,N,N,N,N,N,N,N,N,N,N,N,N,N,N,N,N,N,N,N,N,N,N,N,N,N,N,N,N,N,N,N,N,N,N,N,N,N,N,N,N,N,N,N,N,N,N
hércules-lager-maiz,10456,Hércules Lager Maiz,Lata/Botella,,N,,,,,,,45.00,,,,Y,Y,90.00,0.000,0.000,N,N,N,N,N,N,N,N,N,N,N,N,N,N,N,N,N,N,N,N,N,N,N,N,N,N,N,N,N,N,N,N,N,N,N,N,N,N,N,N,N,N,N,N,N,N,N,N,N,N,N,N,N,N,N,N,N
hércules-lanzallamas,10624,Hércules Lanzallamas,Lata/Botella,,N,,,,,,,140.00,,,,Y,Y,270.00,4.000,,N,N,N,N,N,N,N,N,N,N,N,N,N,N,N,N,N,N,N,N,N,N,N,N,N,N,N,N,N,N,N,N,N,N,N,N,N,N,N,N,N,N,N,N,N,N,N,N,N,N,N,N,N,N,N,N,N
hercules-las-frutas-375-ml,10956,Hercules Las Frutas 375 ml,Lata/Botella,,N,,,,,,,175.00,,,,Y,Y,292.00,0.000,,N,N,N,N,N,N,N,N,N,N,N,N,N,N,N,N,N,N,N,N,N,N,N,N,N,N,N,N,N,N,N,N,N,N,N,N,N,N,N,N,N,N,N,N,N,N,N,N,N,N,N,N,N,N,N,N,N
hércules-macanuda,110,Hercules Macanuda,Lata/Botella,,N,,,,,,,50.00,,,,Y,Y,100.00,4.000,1000000.000,N,N,N,N,N,N,N,N,N,N,N,N,N,N,N,N,N,N,N,N,N,N,N,N,N,N,N,N,N,N,N,N,N,N,N,N,N,N,N,N,N,N,N,N,N,N,N,N,N,N,N,N,N,N,N,N,N
hercules-maquina,10761,Hercules Maquina,Lata/Botella,,N,,,,,,,75.00,,,,Y,Y,141.00,0.000,,N,N,N,N,N,N,N,N,N,N,N,N,N,N,N,N,N,N,N,N,N,N,N,N,N,N,N,N,N,N,N,N,N,N,N,N,N,N,N,N,N,N,N,N,N,N,N,N,N,N,N,N,N,N,N,N,N
hércules-mezzanine,10437,Hércules Mezzanine 2025,Lata/Botella,,N,,,,,,,190.00,,,,Y,Y,315.00,0.000,0.000,N,N,N,N,N,N,N,N,N,N,N,N,N,N,N,N,N,N,N,N,N,N,N,N,N,N,N,N,N,N,N,N,N,N,N,N,N,N,N,N,N,N,N,N,N,N,N,N,N,N,N,N,N,N,N,N,N
hercules-mezzanine-2026,11166,Hercules Mezzanine 2026,Lata/Botella,,N,,,,,,,190.00,,,,Y,Y,315.00,4.000,,N,N,N,N,N,N,N,N,N,N,N,N,N,N,N,N,N,N,N,N,N,N,N,N,N,N,N,N,N,N,N,N,N,N,N,N,N,N,N,N,N,N,N,N,N,N,N,N,N,N,N,N,N,N,N,N,N
hércules-mucha-ropa,10441,Hércules Mucha Ropa,Lata/Botella,,N,,,,,,,85.00,,,,Y,Y,157.00,0.000,0.000,N,N,N,N,N,N,N,N,N,N,N,N,N,N,N,N,N,N,N,N,N,N,N,N,N,N,N,N,N,N,N,N,N,N,N,N,N,N,N,N,N,N,N,N,N,N,N,N,N,N,N,N,N,N,N,N,N
hercules-nieves-man,10942,Hercules Nieves Man,Lata/Botella,,N,,,,,,,200.00,,,,Y,Y,365.00,1.000,,N,N,N,N,N,N,N,N,N,N,N,N,N,N,N,N,N,N,N,N,N,N,N,N,N,N,N,N,N,N,N,N,N,N,N,N,N,N,N,N,N,N,N,N,N,N,N,N,N,N,N,N,N,N,N,N,N
hércules-paquete-la-liquidator,10512,Hércules Paquete La Liquidator,Lata/Botella,,N,,,,,,,360.00,,,,Y,Y,561.00,0.000,0.000,N,N,N,N,N,N,N,N,N,N,N,N,N,N,N,N,N,N,N,N,N,N,N,N,N,N,N,N,N,N,N,N,N,N,N,N,N,N,N,N,N,N,N,N,N,N,N,N,N,N,N,N,N,N,N,N,N
hercules-pie-grande,10951,Hercules Pie Grande,Lata/Botella,,N,,,,,,,85.00,,,,Y,Y,157.00,4.000,,N,N,N,N,N,N,N,N,N,N,N,N,N,N,N,N,N,N,N,N,N,N,N,N,N,N,N,N,N,N,N,N,N,N,N,N,N,N,N,N,N,N,N,N,N,N,N,N,N,N,N,N,N,N,N,N,N
hercules-púeblito,10707,Hercules Púeblito,Lata/Botella,,N,,,,,,,70.00,,,,Y,Y,133.00,0.000,,N,N,N,N,N,N,N,N,N,N,N,N,N,N,N,N,N,N,N,N,N,N,N,N,N,N,N,N,N,N,N,N,N,N,N,N,N,N,N,N,N,N,N,N,N,N,N,N,N,N,N,N,N,N,N,N,N
hércules-pueblito-1,10717,Hércules Pueblito,Lata/Botella,,N,,,,,,,70.00,,,,Y,Y,133.00,0.000,,N,N,N,N,N,N,N,N,N,N,N,N,N,N,N,N,N,N,N,N,N,N,N,N,N,N,N,N,N,N,N,N,N,N,N,N,N,N,N,N,N,N,N,N,N,N,N,N,N,N,N,N,N,N,N,N,N
hércules-ráfaga,107,Hercules Rafaga,Lata/Botella,,N,,,,,,,61.00,,,,Y,Y,116.00,2.000,1000000.000,N,N,N,N,N,N,N,N,N,N,N,N,N,N,N,N,N,N,N,N,N,N,N,N,N,N,N,N,N,N,N,N,N,N,N,N,N,N,N,N,N,N,N,N,N,N,N,N,N,N,N,N,N,N,N,N,N
hércules-república,105,Hércules República,Lata/Botella,,N,,,,,,,0.00,,,,Y,Y,130.00,0.000,1000000.000,N,N,N,N,N,N,N,N,N,N,N,N,N,N,N,N,N,N,N,N,N,N,N,N,N,N,N,N,N,N,N,N,N,N,N,N,N,N,N,N,N,N,N,N,N,N,N,N,N,N,N,N,N,N,N,N,N
hercules-spinning-jenny,10949,Hercules Spinning Jenny,Lata/Botella,,N,,,,,,,70.00,,,,Y,Y,133.00,0.000,,N,N,N,N,N,N,N,N,N,N,N,N,N,N,N,N,N,N,N,N,N,N,N,N,N,N,N,N,N,N,N,N,N,N,N,N,N,N,N,N,N,N,N,N,N,N,N,N,N,N,N,N,N,N,N,N,N
hércules-super-lager,108,Hércules Super Lager,Lata/Botella,,N,,,,,,,61.00,,,,Y,Y,125.00,0.000,1000000.000,N,N,N,N,N,N,N,N,N,N,N,N,N,N,N,N,N,N,N,N,N,N,N,N,N,N,N,N,N,N,N,N,N,N,N,N,N,N,N,N,N,N,N,N,N,N,N,N,N,N,N,N,N,N,N,N,N
hércules-super-lupe,10471,Hércules Super Lupe,Lata/Botella,,N,,,,,,,90.00,,,,Y,Y,166.00,10.000,0.000,N,N,N,N,N,N,N,N,N,N,N,N,N,N,N,N,N,N,N,N,N,N,N,N,N,N,N,N,N,N,N,N,N,N,N,N,N,N,N,N,N,N,N,N,N,N,N,N,N,N,N,N,N,N,N,N,N
hercules-super-sur,11152,Hercules Super Sur,Lata/Botella,,N,,,,,,,95.00,,,,Y,Y,174.00,0.000,,N,N,N,N,N,N,N,N,N,N,N,N,N,N,N,N,N,N,N,N,N,N,N,N,N,N,N,N,N,N,N,N,N,N,N,N,N,N,N,N,N,N,N,N,N,N,N,N,N,N,N,N,N,N,N,N,N
hercules-textilera,11095,Hercules Textilera,Lata/Botella,,N,,,,,,,76.00,,,,Y,Y,143.00,0.000,,N,N,N,N,N,N,N,N,N,N,N,N,N,N,N,N,N,N,N,N,N,N,N,N,N,N,N,N,N,N,N,N,N,N,N,N,N,N,N,N,N,N,N,N,N,N,N,N,N,N,N,N,N,N,N,N,N
hércules-va-a-llover,10402,Hércules Va a Llover,Lata/Botella,,N,,,,,,,232.00,,,,Y,Y,378.00,0.000,,N,N,N,N,N,N,N,N,N,N,N,N,N,N,N,N,N,N,N,N,N,N,N,N,N,N,N,N,N,N,N,N,N,N,N,N,N,N,N,N,N,N,N,N,N,N,N,N,N,N,N,N,N,N,N,N,N
hércules-y-frater---shelter,10290,Hércules y Frater - Shelter,Lata/Botella,,N,,,,,,,0.00,,,,Y,Y,126.00,0.000,,N,N,N,N,N,N,N,N,N,N,N,N,N,N,N,N,N,N,N,N,N,N,N,N,N,N,N,N,N,N,N,N,N,N,N,N,N,N,N,N,N,N,N,N,N,N,N,N,N,N,N,N,N,N,N,N,N
hércules--tumba-tumba,10459,Hércules- Tumba tumba,Lata/Botella,,N,,,,,,,200.00,,,,Y,Y,330.00,0.000,0.000,N,N,N,N,N,N,N,N,N,N,N,N,N,N,N,N,N,N,N,N,N,N,N,N,N,N,N,N,N,N,N,N,N,N,N,N,N,N,N,N,N,N,N,N,N,N,N,N,N,N,N,N,N,N,N,N,N
hércules-faulero,10668,Hércules-Faulero,Lata/Botella,,N,,,,,,,90.00,,,,Y,Y,167.00,0.000,,N,N,N,N,N,N,N,N,N,N,N,N,N,N,N,N,N,N,N,N,N,N,N,N,N,N,N,N,N,N,N,N,N,N,N,N,N,N,N,N,N,N,N,N,N,N,N,N,N,N,N,N,N,N,N,N,N
hércules-metrópoli,10647,Hércules-Metrópolis,Lata/Botella,,N,,,,,,,0.00,,,,Y,Y,240.00,0.000,,N,N,N,N,N,N,N,N,N,N,N,N,N,N,N,N,N,N,N,N,N,N,N,N,N,N,N,N,N,N,N,N,N,N,N,N,N,N,N,N,N,N,N,N,N,N,N,N,N,N,N,N,N,N,N,N,N
hercules-mexuleteren,10604,Hercules-Mexvleteren,Lata/Botella,,N,,,,,,,115.00,,,,Y,Y,218.00,0.000,,N,N,N,N,N,N,N,N,N,N,N,N,N,N,N,N,N,N,N,N,N,N,N,N,N,N,N,N,N,N,N,N,N,N,N,N,N,N,N,N,N,N,N,N,N,N,N,N,N,N,N,N,N,N,N,N,N
hércules-portero-delantero,10616,Hércules-Portero delantero,Lata/Botella,,N,,,,,,,0.00,,,,Y,Y,149.00,0.000,,N,N,N,N,N,N,N,N,N,N,N,N,N,N,N,N,N,N,N,N,N,N,N,N,N,N,N,N,N,N,N,N,N,N,N,N,N,N,N,N,N,N,N,N,N,N,N,N,N,N,N,N,N,N,N,N,N
hércules-spezial,10746,Hércules-Spezial,Lata/Botella,,N,,,,,,,75.00,,,,Y,Y,141.00,0.000,,N,N,N,N,N,N,N,N,N,N,N,N,N,N,N,N,N,N,N,N,N,N,N,N,N,N,N,N,N,N,N,N,N,N,N,N,N,N,N,N,N,N,N,N,N,N,N,N,N,N,N,N,N,N,N,N,N
hercules/pinta-100-años,11003,Hercules/Pinta 100 años,Lata/Botella,,N,,,,,,,84.00,,,,Y,Y,156.00,0.000,,N,N,N,N,N,N,N,N,N,N,N,N,N,N,N,N,N,N,N,N,N,N,N,N,N,N,N,N,N,N,N,N,N,N,N,N,N,N,N,N,N,N,N,N,N,N,N,N,N,N,N,N,N,N,N,N,N
hitachino-dai-dai,10841,Hitachino Dai Dai,Lata/Botella,,N,,,,,,,96.99,,,,Y,Y,177.00,1.000,,N,N,N,N,N,N,N,N,N,N,N,N,N,N,N,N,N,N,N,N,N,N,N,N,N,N,N,N,N,N,N,N,N,N,N,N,N,N,N,N,N,N,N,N,N,N,N,N,N,N,N,N,N,N,N,N,N
hitachino-expreso-stout,10666,Hitachino expreso stout,Lata/Botella,,N,,,,,,,82.00,,,,Y,Y,169.00,0.000,,N,N,N,N,N,N,N,N,N,N,N,N,N,N,N,N,N,N,N,N,N,N,N,N,N,N,N,N,N,N,N,N,N,N,N,N,N,N,N,N,N,N,N,N,N,N,N,N,N,N,N,N,N,N,N,N,N
hitachino-extra-high,10837,Hitachino Extra High,Lata/Botella,,N,,,,,,,106.70,,,,Y,Y,193.00,1.000,,N,N,N,N,N,N,N,N,N,N,N,N,N,N,N,N,N,N,N,N,N,N,N,N,N,N,N,N,N,N,N,N,N,N,N,N,N,N,N,N,N,N,N,N,N,N,N,N,N,N,N,N,N,N,N,N,N
hitachino-japanesse-classic,10839,Hitachino Japanesse Classic,Lata/Botella,,N,,,,,,,106.70,,,,Y,Y,193.00,1.000,,N,N,N,N,N,N,N,N,N,N,N,N,N,N,N,N,N,N,N,N,N,N,N,N,N,N,N,N,N,N,N,N,N,N,N,N,N,N,N,N,N,N,N,N,N,N,N,N,N,N,N,N,N,N,N,N,N
hitachino-nippona,10838,Hitachino Nippona,Lata/Botella,,N,,,,,,,115.43,,,,Y,Y,205.00,0.000,,N,N,N,N,N,N,N,N,N,N,N,N,N,N,N,N,N,N,N,N,N,N,N,N,N,N,N,N,N,N,N,N,N,N,N,N,N,N,N,N,N,N,N,N,N,N,N,N,N,N,N,N,N,N,N,N,N
hitachino-red-rice-ale,10662,Hitachino Red Rice Ale,Lata/Botella,,N,,,,,,,106.00,,,,Y,Y,192.00,0.000,,N,N,N,N,N,N,N,N,N,N,N,N,N,N,N,N,N,N,N,N,N,N,N,N,N,N,N,N,N,N,N,N,N,N,N,N,N,N,N,N,N,N,N,N,N,N,N,N,N,N,N,N,N,N,N,N,N
hitachino-saison,10836,Hitachino Saison,Lata/Botella,,N,,,,,,,96.02,,,,Y,Y,175.00,0.000,,N,N,N,N,N,N,N,N,N,N,N,N,N,N,N,N,N,N,N,N,N,N,N,N,N,N,N,N,N,N,N,N,N,N,N,N,N,N,N,N,N,N,N,N,N,N,N,N,N,N,N,N,N,N,N,N,N
hitachino-white-ale,10840,Hitachino White Ale,Lata/Botella,,N,,,,,,,96.02,,,,Y,Y,175.00,0.000,,N,N,N,N,N,N,N,N,N,N,N,N,N,N,N,N,N,N,N,N,N,N,N,N,N,N,N,N,N,N,N,N,N,N,N,N,N,N,N,N,N,N,N,N,N,N,N,N,N,N,N,N,N,N,N,N,N
hitachino-yuzu-lager,10842,Hitachino Yuzu Lager,Lata/Botella,,N,,,,,,,86.33,,,,Y,Y,160.00,0.000,,N,N,N,N,N,N,N,N,N,N,N,N,N,N,N,N,N,N,N,N,N,N,N,N,N,N,N,N,N,N,N,N,N,N,N,N,N,N,N,N,N,N,N,N,N,N,N,N,N,N,N,N,N,N,N,N,N
hobgoblin-session-ipa,11070,Hobgoblin Session IPA,Lata/Botella,,N,,,,,,,105.00,,,,Y,Y,190.00,0.000,,N,N,N,N,N,N,N,N,N,N,N,N,N,N,N,N,N,N,N,N,N,N,N,N,N,N,N,N,N,N,N,N,N,N,N,N,N,N,N,N,N,N,N,N,N,N,N,N,N,N,N,N,N,N,N,N,N
hoegarden,10426,Hoegarden,Lata/Botella,,N,,,,,,,42.00,,,,Y,Y,80.00,0.000,0.000,N,N,N,N,N,N,N,N,N,N,N,N,N,N,N,N,N,N,N,N,N,N,N,N,N,N,N,N,N,N,N,N,N,N,N,N,N,N,N,N,N,N,N,N,N,N,N,N,N,N,N,N,N,N,N,N,N
hoegarden-rose,11193,Hoegarden Rose,Lata/Botella,,N,,,,,,,35.00,,,,Y,Y,89.00,4.000,,N,N,N,N,N,N,N,N,N,N,N,N,N,N,N,N,N,N,N,N,N,N,N,N,N,N,N,N,N,N,N,N,N,N,N,N,N,N,N,N,N,N,N,N,N,N,N,N,N,N,N,N,N,N,N,N,N
hofbräu-(hb)---dunkel,10070,Hofbräu (HB) - Dunkel,Lata/Botella,,N,,,,,,,95.00,,,,Y,Y,174.00,0.000,1000000.000,N,N,N,N,N,N,N,N,N,N,N,N,N,N,N,N,N,N,N,N,N,N,N,N,N,N,N,N,N,N,N,N,N,N,N,N,N,N,N,N,N,N,N,N,N,N,N,N,N,N,N,N,N,N,N,N,N
hofbräu-(hb)---oktoberfest,10071,Hofbräu (HB) - Oktoberfest,Lata/Botella,,N,,,,,,,0.00,,,,Y,Y,138.00,0.000,1000000.000,N,N,N,N,N,N,N,N,N,N,N,N,N,N,N,N,N,N,N,N,N,N,N,N,N,N,N,N,N,N,N,N,N,N,N,N,N,N,N,N,N,N,N,N,N,N,N,N,N,N,N,N,N,N,N,N,N
hb-weisse,10670,Hofbrau (HB) Heffe Weisse,Lata/Botella,,N,,,,,,,105.00,,,,Y,Y,190.00,0.000,,N,N,N,N,N,N,N,N,N,N,N,N,N,N,N,N,N,N,N,N,N,N,N,N,N,N,N,N,N,N,N,N,N,N,N,N,N,N,N,N,N,N,N,N,N,N,N,N,N,N,N,N,N,N,N,N,N
hofbrau-hb-munchner-weisser,11256,Hofbrau (HB) Munchner Weisser,Lata/Botella,,N,,,,,,,105.00,,,,Y,Y,190.00,4.000,,N,N,N,N,N,N,N,N,N,N,N,N,N,N,N,N,N,N,N,N,N,N,N,N,N,N,N,N,N,N,N,N,N,N,N,N,N,N,N,N,N,N,N,N,N,N,N,N,N,N,N,N,N,N,N,N,N
hofbrau-hb-original,11255,Hofbrau (HB) Original,Lata/Botella,,N,,,,,,,105.00,,,,Y,Y,190.00,4.000,,N,N,N,N,N,N,N,N,N,N,N,N,N,N,N,N,N,N,N,N,N,N,N,N,N,N,N,N,N,N,N,N,N,N,N,N,N,N,N,N,N,N,N,N,N,N,N,N,N,N,N,N,N,N,N,N,N
hofbrau-(hb)-schwarze-weisse,10770,Hofbrau (HB) Schwarze Weisse,Lata/Botella,,N,,,,,,,105.00,,,,Y,Y,190.00,4.000,,N,N,N,N,N,N,N,N,N,N,N,N,N,N,N,N,N,N,N,N,N,N,N,N,N,N,N,N,N,N,N,N,N,N,N,N,N,N,N,N,N,N,N,N,N,N,N,N,N,N,N,N,N,N,N,N,N
hofbräu-helles-la,10563,Hofbräu Helles Lager,Lata/Botella,,N,,,,,,,80.00,,,,Y,Y,149.00,0.000,0.000,N,N,N,N,N,N,N,N,N,N,N,N,N,N,N,N,N,N,N,N,N,N,N,N,N,N,N,N,N,N,N,N,N,N,N,N,N,N,N,N,N,N,N,N,N,N,N,N,N,N,N,N,N,N,N,N,N
humble-sea---boogie-board-olympics-2,10079,Humble Sea - Boogie Board Olympics,Lata/Botella,,N,,,,,,,0.00,,,,Y,Y,257.00,0.000,0.000,N,N,N,N,N,N,N,N,N,N,N,N,N,N,N,N,N,N,N,N,N,N,N,N,N,N,N,N,N,N,N,N,N,N,N,N,N,N,N,N,N,N,N,N,N,N,N,N,N,N,N,N,N,N,N,N,N
humble-sea---fffoooggg-2,10053,Humble Sea - FFFOOOGGG,Lata/Botella,,N,,,,,,,0.00,,,,Y,Y,257.00,0.000,0.000,N,N,N,N,N,N,N,N,N,N,N,N,N,N,N,N,N,N,N,N,N,N,N,N,N,N,N,N,N,N,N,N,N,N,N,N,N,N,N,N,N,N,N,N,N,N,N,N,N,N,N,N,N,N,N,N,N
humble-sea---juice-tube-2,10094,Humble Sea - Juice Tube,Lata/Botella,,N,,,,,,,0.00,,,,Y,Y,257.00,0.000,0.000,N,N,N,N,N,N,N,N,N,N,N,N,N,N,N,N,N,N,N,N,N,N,N,N,N,N,N,N,N,N,N,N,N,N,N,N,N,N,N,N,N,N,N,N,N,N,N,N,N,N,N,N,N,N,N,N,N
humble-sea-anchors-edge-2,10364,Humble Sea Anchors Edge,Lata/Botella,,N,,,,,,,0.00,,,,Y,Y,229.00,0.000,0.000,N,N,N,N,N,N,N,N,N,N,N,N,N,N,N,N,N,N,N,N,N,N,N,N,N,N,N,N,N,N,N,N,N,N,N,N,N,N,N,N,N,N,N,N,N,N,N,N,N,N,N,N,N,N,N,N,N
humble-sea-boardwalk-dreaming,10902,Humble Sea Boardwalk Dreaming,Lata/Botella,,N,,,,,,,169.75,,,,Y,Y,284.00,0.000,,N,N,N,N,N,N,N,N,N,N,N,N,N,N,N,N,N,N,N,N,N,N,N,N,N,N,N,N,N,N,N,N,N,N,N,N,N,N,N,N,N,N,N,N,N,N,N,N,N,N,N,N,N,N,N,N,N
humble-sea-fog-&-furious,11057,Humble Sea Fog & Furious,Lata/Botella,,N,,,,,,,169.75,,,,Y,Y,284.00,0.000,,N,N,N,N,N,N,N,N,N,N,N,N,N,N,N,N,N,N,N,N,N,N,N,N,N,N,N,N,N,N,N,N,N,N,N,N,N,N,N,N,N,N,N,N,N,N,N,N,N,N,N,N,N,N,N,N,N
humble-sea-kookasaurus,10901,Humble Sea Kookasaurus,Lata/Botella,,N,,,,,,,169.75,,,,Y,Y,284.00,0.000,,N,N,N,N,N,N,N,N,N,N,N,N,N,N,N,N,N,N,N,N,N,N,N,N,N,N,N,N,N,N,N,N,N,N,N,N,N,N,N,N,N,N,N,N,N,N,N,N,N,N,N,N,N,N,N,N,N
humble-sea-nautical-knowledge,10642,Humble Sea Nautical Knowledge,Lata/Botella,,N,,,,,,,144.50,,,,Y,Y,245.00,0.000,,N,N,N,N,N,N,N,N,N,N,N,N,N,N,N,N,N,N,N,N,N,N,N,N,N,N,N,N,N,N,N,N,N,N,N,N,N,N,N,N,N,N,N,N,N,N,N,N,N,N,N,N,N,N,N,N,N
humble-sea-noodle-armr,10903,Humble Sea Noodle Armr,Lata/Botella,,N,,,,,,,175.00,,,,Y,Y,292.00,0.000,,N,N,N,N,N,N,N,N,N,N,N,N,N,N,N,N,N,N,N,N,N,N,N,N,N,N,N,N,N,N,N,N,N,N,N,N,N,N,N,N,N,N,N,N,N,N,N,N,N,N,N,N,N,N,N,N,N
humble-sea-otter-space-2,10365,Humble Sea Otter Space,Lata/Botella,,N,,,,,,,163.93,,,,Y,Y,275.00,0.000,0.000,N,N,N,N,N,N,N,N,N,N,N,N,N,N,N,N,N,N,N,N,N,N,N,N,N,N,N,N,N,N,N,N,N,N,N,N,N,N,N,N,N,N,N,N,N,N,N,N,N,N,N,N,N,N,N,N,N
humble-sea-raiders-of-the-lost-shark,11058,Humble Sea Raiders of the Lost Shark,Lata/Botella,,N,,,,,,,169.75,,,,Y,Y,284.00,0.000,,N,N,N,N,N,N,N,N,N,N,N,N,N,N,N,N,N,N,N,N,N,N,N,N,N,N,N,N,N,N,N,N,N,N,N,N,N,N,N,N,N,N,N,N,N,N,N,N,N,N,N,N,N,N,N,N,N
humble-sea-shellvis-presley,11159,Humble Sea Shellvis Presley,Lata/Botella,,N,,,,,,,169.75,,,,Y,Y,284.00,1.000,,N,N,N,N,N,N,N,N,N,N,N,N,N,N,N,N,N,N,N,N,N,N,N,N,N,N,N,N,N,N,N,N,N,N,N,N,N,N,N,N,N,N,N,N,N,N,N,N,N,N,N,N,N,N,N,N,N
humble-sea-shredward-scissorhands,11059,Humble Sea Shredward Scissorhands,Lata/Botella,,N,,,,,,,169.75,,,,Y,Y,284.00,0.000,,N,N,N,N,N,N,N,N,N,N,N,N,N,N,N,N,N,N,N,N,N,N,N,N,N,N,N,N,N,N,N,N,N,N,N,N,N,N,N,N,N,N,N,N,N,N,N,N,N,N,N,N,N,N,N,N,N
humble-sea-socks-&-sandals-2,10366,Humble Sea Socks & Sandals,Lata/Botella,,N,,,,,,,175.00,,,,Y,Y,292.00,0.000,0.000,N,N,N,N,N,N,N,N,N,N,N,N,N,N,N,N,N,N,N,N,N,N,N,N,N,N,N,N,N,N,N,N,N,N,N,N,N,N,N,N,N,N,N,N,N,N,N,N,N,N,N,N,N,N,N,N,N
humble-sea-squid-rock,11060,Humble Sea Squid Rock,Lata/Botella,,N,,,,,,,169.75,,,,Y,Y,284.00,0.000,,N,N,N,N,N,N,N,N,N,N,N,N,N,N,N,N,N,N,N,N,N,N,N,N,N,N,N,N,N,N,N,N,N,N,N,N,N,N,N,N,N,N,N,N,N,N,N,N,N,N,N,N,N,N,N,N,N
humble-sea-sunset-sesh,10643,Humble Sea Sunset Sesh,Lata/Botella,,N,,,,,,,163.93,,,,Y,Y,275.00,0.000,,N,N,N,N,N,N,N,N,N,N,N,N,N,N,N,N,N,N,N,N,N,N,N,N,N,N,N,N,N,N,N,N,N,N,N,N,N,N,N,N,N,N,N,N,N,N,N,N,N,N,N,N,N,N,N,N,N
humble-sea-surf-van-2,10367,Humble Sea Surf Van,Lata/Botella,,N,,,,,,,0.00,,,,Y,Y,243.00,0.000,0.000,N,N,N,N,N,N,N,N,N,N,N,N,N,N,N,N,N,N,N,N,N,N,N,N,N,N,N,N,N,N,N,N,N,N,N,N,N,N,N,N,N,N,N,N,N,N,N,N,N,N,N,N,N,N,N,N,N
humble-sea-timfinity-pool,11061,Humble Sea Timfinity Pool,Lata/Botella,,N,,,,,,,169.75,,,,Y,Y,284.00,0.000,,N,N,N,N,N,N,N,N,N,N,N,N,N,N,N,N,N,N,N,N,N,N,N,N,N,N,N,N,N,N,N,N,N,N,N,N,N,N,N,N,N,N,N,N,N,N,N,N,N,N,N,N,N,N,N,N,N
humble-sea-unda-the-sea,11062,Humble Sea Unda the Sea,Lata/Botella,,N,,,,,,,169.75,,,,Y,Y,284.00,0.000,,N,N,N,N,N,N,N,N,N,N,N,N,N,N,N,N,N,N,N,N,N,N,N,N,N,N,N,N,N,N,N,N,N,N,N,N,N,N,N,N,N,N,N,N,N,N,N,N,N,N,N,N,N,N,N,N,N
humble-sea-wave-new-world,11160,Humble Sea Wave New World,Lata/Botella,,N,,,,,,,150.34,,,,Y,Y,254.00,1.000,,N,N,N,N,N,N,N,N,N,N,N,N,N,N,N,N,N,N,N,N,N,N,N,N,N,N,N,N,N,N,N,N,N,N,N,N,N,N,N,N,N,N,N,N,N,N,N,N,N,N,N,N,N,N,N,N,N
humble-sea-west-coast-swellness,10644,Humble Sea West Coast Swellness,Lata/Botella,,N,,,,,,,163.93,,,,Y,Y,275.00,0.000,,N,N,N,N,N,N,N,N,N,N,N,N,N,N,N,N,N,N,N,N,N,N,N,N,N,N,N,N,N,N,N,N,N,N,N,N,N,N,N,N,N,N,N,N,N,N,N,N,N,N,N,N,N,N,N,N,N
humble-sea-yippee-ki-yay-mother-fogger,10905,Humble Sea Yippee-Ki-Yay Mother Fogger,Lata/Botella,,N,,,,,,,185.00,,,,Y,Y,307.00,0.000,,N,N,N,N,N,N,N,N,N,N,N,N,N,N,N,N,N,N,N,N,N,N,N,N,N,N,N,N,N,N,N,N,N,N,N,N,N,N,N,N,N,N,N,N,N,N,N,N,N,N,N,N,N,N,N,N,N
humble-sea,10904,Humble Sea-buoyz 2,Lata/Botella,,N,,,,,,,185.00,,,,Y,Y,307.00,0.000,,N,N,N,N,N,N,N,N,N,N,N,N,N,N,N,N,N,N,N,N,N,N,N,N,N,N,N,N,N,N,N,N,N,N,N,N,N,N,N,N,N,N,N,N,N,N,N,N,N,N,N,N,N,N,N,N,N
ícono---hardy,78,Ícono - Hardy,Lata/Botella,,N,,,,,,,0.00,,,,Y,Y,125.00,0.000,1000000.000,N,N,N,N,N,N,N,N,N,N,N,N,N,N,N,N,N,N,N,N,N,N,N,N,N,N,N,N,N,N,N,N,N,N,N,N,N,N,N,N,N,N,N,N,N,N,N,N,N,N,N,N,N,N,N,N,N
ícono-(light-lager)-lata-12oz-ícono-light,75,Ícono (Light Lager) Lata 12oz Ícono Light,Lata/Botella,,N,,,,,,,0.00,,,,Y,Y,70.00,0.000,1000000.000,N,N,N,N,N,N,N,N,N,N,N,N,N,N,N,N,N,N,N,N,N,N,N,N,N,N,N,N,N,N,N,N,N,N,N,N,N,N,N,N,N,N,N,N,N,N,N,N,N,N,N,N,N,N,N,N,N
ícono-(neipa)-lata-16oz-la-nueva,73,Ícono (NEIPA) Lata 16oz La Nueva,Lata/Botella,,N,,,,,,,0.00,,,,Y,Y,120.00,0.000,1000000.000,N,N,N,N,N,N,N,N,N,N,N,N,N,N,N,N,N,N,N,N,N,N,N,N,N,N,N,N,N,N,N,N,N,N,N,N,N,N,N,N,N,N,N,N,N,N,N,N,N,N,N,N,N,N,N,N,N
ícono-(oatmeal-stout)-lata-16oz-cinema-curto,77,Ícono (Oatmeal Stout) Lata 16oz Cinema Curto,Lata/Botella,,N,,,,,,,0.00,,,,Y,Y,110.00,0.000,1000000.000,N,N,N,N,N,N,N,N,N,N,N,N,N,N,N,N,N,N,N,N,N,N,N,N,N,N,N,N,N,N,N,N,N,N,N,N,N,N,N,N,N,N,N,N,N,N,N,N,N,N,N,N,N,N,N,N,N
ícono-(porter)-lata-16oz-cuervayork,74,Ícono (Porter) Lata 16oz Cuervayork,Lata/Botella,,N,,,,,,,0.00,,,,Y,Y,110.00,0.000,1000000.000,N,N,N,N,N,N,N,N,N,N,N,N,N,N,N,N,N,N,N,N,N,N,N,N,N,N,N,N,N,N,N,N,N,N,N,N,N,N,N,N,N,N,N,N,N,N,N,N,N,N,N,N,N,N,N,N,N
ícono-(red-ale)-lata-12oz-colorado-river,76,Ícono (Red Ale) Lata 12oz Colorado River,Lata/Botella,,N,,,,,,,0.00,,,,Y,Y,98.00,0.000,1000000.000,N,N,N,N,N,N,N,N,N,N,N,N,N,N,N,N,N,N,N,N,N,N,N,N,N,N,N,N,N,N,N,N,N,N,N,N,N,N,N,N,N,N,N,N,N,N,N,N,N,N,N,N,N,N,N,N,N
ícono-(sipa)-lata-12oz-el-norteño,72,Ícono (SIPA) Lata 12oz El Norteño,Lata/Botella,,N,,,,,,,0.00,,,,Y,Y,88.00,0.000,1000000.000,N,N,N,N,N,N,N,N,N,N,N,N,N,N,N,N,N,N,N,N,N,N,N,N,N,N,N,N,N,N,N,N,N,N,N,N,N,N,N,N,N,N,N,N,N,N,N,N,N,N,N,N,N,N,N,N,N
ícono-(west-coast-ipa)-lata-16oz-la-leona,79,Ícono (West Coast IPA) Lata 16oz La Leona,Lata/Botella,,N,,,,,,,0.00,,,,Y,Y,130.00,0.000,1000000.000,N,N,N,N,N,N,N,N,N,N,N,N,N,N,N,N,N,N,N,N,N,N,N,N,N,N,N,N,N,N,N,N,N,N,N,N,N,N,N,N,N,N,N,N,N,N,N,N,N,N,N,N,N,N,N,N,N
imperial-nessie,10483,Imperial Nessie,Lata/Botella,,N,,,,,,,314.00,,,,Y,Y,545.00,1.000,,N,N,N,N,N,N,N,N,N,N,N,N,N,N,N,N,N,N,N,N,N,N,N,N,N,N,N,N,N,N,N,N,N,N,N,N,N,N,N,N,N,N,N,N,N,N,N,N,N,N,N,N,N,N,N,N,N
indajani-black-is-beautiful-355-ml-2,54,Indajani Black Is Beautiful 355 ml,Lata/Botella,,N,,,,,,,0.00,,,,Y,Y,95.00,0.000,1000000.000,N,N,N,N,N,N,N,N,N,N,N,N,N,N,N,N,N,N,N,N,N,N,N,N,N,N,N,N,N,N,N,N,N,N,N,N,N,N,N,N,N,N,N,N,N,N,N,N,N,N,N,N,N,N,N,N,N
indajani-bock-355-ml-2,55,Indajani Bock 355 ml,Lata/Botella,,N,,,,,,,0.00,,,,Y,Y,86.00,0.000,1000000.000,N,N,N,N,N,N,N,N,N,N,N,N,N,N,N,N,N,N,N,N,N,N,N,N,N,N,N,N,N,N,N,N,N,N,N,N,N,N,N,N,N,N,N,N,N,N,N,N,N,N,N,N,N,N,N,N,N
indajani-california-common-355-ml-2,57,Indajani California Common 355 ml,Lata/Botella,,N,,,,,,,0.00,,,,Y,Y,86.00,0.000,1000000.000,N,N,N,N,N,N,N,N,N,N,N,N,N,N,N,N,N,N,N,N,N,N,N,N,N,N,N,N,N,N,N,N,N,N,N,N,N,N,N,N,N,N,N,N,N,N,N,N,N,N,N,N,N,N,N,N,N
indajani-double-ipa-355-ml-2,53,Indajani Double IPA 355 ml,Lata/Botella,,N,,,,,,,0.00,,,,Y,Y,95.00,0.000,1000000.000,N,N,N,N,N,N,N,N,N,N,N,N,N,N,N,N,N,N,N,N,N,N,N,N,N,N,N,N,N,N,N,N,N,N,N,N,N,N,N,N,N,N,N,N,N,N,N,N,N,N,N,N,N,N,N,N,N
indajani-mexican-lager-355-ml-2,52,Indajani Mexican Lager 355 ml,Lata/Botella,,N,,,,,,,0.00,,,,Y,Y,86.00,0.000,1000000.000,N,N,N,N,N,N,N,N,N,N,N,N,N,N,N,N,N,N,N,N,N,N,N,N,N,N,N,N,N,N,N,N,N,N,N,N,N,N,N,N,N,N,N,N,N,N,N,N,N,N,N,N,N,N,N,N,N
indajani-porter-355-ml-2,56,Indajani Porter 355 ml,Lata/Botella,,N,,,,,,,0.00,,,,Y,Y,86.00,0.000,1000000.000,N,N,N,N,N,N,N,N,N,N,N,N,N,N,N,N,N,N,N,N,N,N,N,N,N,N,N,N,N,N,N,N,N,N,N,N,N,N,N,N,N,N,N,N,N,N,N,N,N,N,N,N,N,N,N,N,N
insurgente---juan-cordero-1,10283,Insurgente - Juan Cordero,Lata/Botella,,N,,,,,,,57.00,,,,Y,Y,108.00,0.000,,N,N,N,N,N,N,N,N,N,N,N,N,N,N,N,N,N,N,N,N,N,N,N,N,N,N,N,N,N,N,N,N,N,N,N,N,N,N,N,N,N,N,N,N,N,N,N,N,N,N,N,N,N,N,N,N,N
insurgente-/-brujos,11153,Insurgente / Brujos,Lata/Botella,,N,,,,,,,90.00,,,,Y,Y,166.00,0.000,,N,N,N,N,N,N,N,N,N,N,N,N,N,N,N,N,N,N,N,N,N,N,N,N,N,N,N,N,N,N,N,N,N,N,N,N,N,N,N,N,N,N,N,N,N,N,N,N,N,N,N,N,N,N,N,N,N
insurgente-buho-del-valle-15-aniversario,10861,Insurgente Buho del Valle 15 aniversario,Lata/Botella,,N,,,,,,,63.00,,,,Y,Y,120.00,0.000,,N,N,N,N,N,N,N,N,N,N,N,N,N,N,N,N,N,N,N,N,N,N,N,N,N,N,N,N,N,N,N,N,N,N,N,N,N,N,N,N,N,N,N,N,N,N,N,N,N,N,N,N,N,N,N,N,N
insurgente-dragula,10603,Insurgente Dragula,Lata/Botella,,N,,,,,,,67.00,,,,Y,Y,127.00,6.000,,N,N,N,N,N,N,N,N,N,N,N,N,N,N,N,N,N,N,N,N,N,N,N,N,N,N,N,N,N,N,N,N,N,N,N,N,N,N,N,N,N,N,N,N,N,N,N,N,N,N,N,N,N,N,N,N,N
insurgente-entre-niebla,10938,Insurgente Entre Niebla,Lata/Botella,,N,,,,,,,56.00,,,,Y,Y,107.00,0.000,,N,N,N,N,N,N,N,N,N,N,N,N,N,N,N,N,N,N,N,N,N,N,N,N,N,N,N,N,N,N,N,N,N,N,N,N,N,N,N,N,N,N,N,N,N,N,N,N,N,N,N,N,N,N,N,N,N
insurgente-fresona-15-aniversario,10708,Insurgente Fresona 15 aniversario,Lata/Botella,,N,,,,,,,55.00,,,,Y,Y,105.00,0.000,,N,N,N,N,N,N,N,N,N,N,N,N,N,N,N,N,N,N,N,N,N,N,N,N,N,N,N,N,N,N,N,N,N,N,N,N,N,N,N,N,N,N,N,N,N,N,N,N,N,N,N,N,N,N,N,N,N
insurgente-la-lupulosa,10501,Insurgente La Lupulosa,Lata/Botella,,N,,,,,,,61.00,,,,Y,Y,118.00,0.000,0.000,N,N,N,N,N,N,N,N,N,N,N,N,N,N,N,N,N,N,N,N,N,N,N,N,N,N,N,N,N,N,N,N,N,N,N,N,N,N,N,N,N,N,N,N,N,N,N,N,N,N,N,N,N,N,N,N,N
insurgente-ricky-sechon-15,10766,Insurgente Ricky Sechon 15,Lata/Botella,,N,,,,,,,57.00,,,,Y,Y,108.00,0.000,,N,N,N,N,N,N,N,N,N,N,N,N,N,N,N,N,N,N,N,N,N,N,N,N,N,N,N,N,N,N,N,N,N,N,N,N,N,N,N,N,N,N,N,N,N,N,N,N,N,N,N,N,N,N,N,N,N
insurgente-romperina,10694,Insurgente Romperina,Lata/Botella,,N,,,,,,,70.00,,,,Y,Y,133.00,0.000,,N,N,N,N,N,N,N,N,N,N,N,N,N,N,N,N,N,N,N,N,N,N,N,N,N,N,N,N,N,N,N,N,N,N,N,N,N,N,N,N,N,N,N,N,N,N,N,N,N,N,N,N,N,N,N,N,N
insurgente-santa's-red,10891,Insurgente Santa's Red,Lata/Botella,,N,,,,,,,100.00,,,,Y,Y,182.00,0.000,,N,N,N,N,N,N,N,N,N,N,N,N,N,N,N,N,N,N,N,N,N,N,N,N,N,N,N,N,N,N,N,N,N,N,N,N,N,N,N,N,N,N,N,N,N,N,N,N,N,N,N,N,N,N,N,N,N
insurgente-simcoe-de-mayo,10525,Insurgente Simcoe de Mayo,Lata/Botella,,N,,,,,,,58.00,,,,Y,Y,110.00,1.000,,N,N,N,N,N,N,N,N,N,N,N,N,N,N,N,N,N,N,N,N,N,N,N,N,N,N,N,N,N,N,N,N,N,N,N,N,N,N,N,N,N,N,N,N,N,N,N,N,N,N,N,N,N,N,N,N,N
insurgente-tijuanera,10716,Insurgente Tijuanera,Lata/Botella,,N,,,,,,,70.00,,,,Y,Y,133.00,0.000,,N,N,N,N,N,N,N,N,N,N,N,N,N,N,N,N,N,N,N,N,N,N,N,N,N,N,N,N,N,N,N,N,N,N,N,N,N,N,N,N,N,N,N,N,N,N,N,N,N,N,N,N,N,N,N,N,N
xoco-veza--insurgente,10468,Insurgente Xocoveza,Lata/Botella,,N,,,,,,,83.00,,,,Y,Y,154.00,0.000,0.000,N,N,N,N,N,N,N,N,N,N,N,N,N,N,N,N,N,N,N,N,N,N,N,N,N,N,N,N,N,N,N,N,N,N,N,N,N,N,N,N,N,N,N,N,N,N,N,N,N,N,N,N,N,N,N,N,N
insurgente-15-aniversario,10597,Insurgente-15 aniversario,Lata/Botella,,N,,,,,,,0.00,,,,Y,Y,135.00,0.000,,N,N,N,N,N,N,N,N,N,N,N,N,N,N,N,N,N,N,N,N,N,N,N,N,N,N,N,N,N,N,N,N,N,N,N,N,N,N,N,N,N,N,N,N,N,N,N,N,N,N,N,N,N,N,N,N,N
insurgente-juan-mango,10648,Insurgente-Juan mango,Lata/Botella,,N,,,,,,,0.00,,,,Y,Y,130.00,0.000,,N,N,N,N,N,N,N,N,N,N,N,N,N,N,N,N,N,N,N,N,N,N,N,N,N,N,N,N,N,N,N,N,N,N,N,N,N,N,N,N,N,N,N,N,N,N,N,N,N,N,N,N,N,N,N,N,N
insurgente-rosa-salvaje,10594,Insurgente-Rosa salvaje,Lata/Botella,,N,,,,,,,0.00,,,,Y,Y,126.00,0.000,,N,N,N,N,N,N,N,N,N,N,N,N,N,N,N,N,N,N,N,N,N,N,N,N,N,N,N,N,N,N,N,N,N,N,N,N,N,N,N,N,N,N,N,N,N,N,N,N,N,N,N,N,N,N,N,N,N
insurgente-turbia,10649,Insurgente-turbia,Lata/Botella,,N,,,,,,,0.00,,,,Y,Y,130.00,0.000,,N,N,N,N,N,N,N,N,N,N,N,N,N,N,N,N,N,N,N,N,N,N,N,N,N,N,N,N,N,N,N,N,N,N,N,N,N,N,N,N,N,N,N,N,N,N,N,N,N,N,N,N,N,N,N,N,N
interstellar,11174,Interstellar,Lata/Botella,,N,,,,,,,180.00,,,,Y,Y,299.00,0.000,,N,N,N,N,N,N,N,N,N,N,N,N,N,N,N,N,N,N,N,N,N,N,N,N,N,N,N,N,N,N,N,N,N,N,N,N,N,N,N,N,N,N,N,N,N,N,N,N,N,N,N,N,N,N,N,N,N
interestelar,10610,Interstellar Antinode,Lata/Botella,,N,,,,,,,160.00,,,,Y,Y,306.00,0.000,,N,N,N,N,N,N,N,N,N,N,N,N,N,N,N,N,N,N,N,N,N,N,N,N,N,N,N,N,N,N,N,N,N,N,N,N,N,N,N,N,N,N,N,N,N,N,N,N,N,N,N,N,N,N,N,N,N
interestelar-blobzoolon,10611,Interstellar Blobzoolon,Lata/Botella,,N,,,,,,,0.00,,,,Y,Y,306.00,0.000,,N,N,N,N,N,N,N,N,N,N,N,N,N,N,N,N,N,N,N,N,N,N,N,N,N,N,N,N,N,N,N,N,N,N,N,N,N,N,N,N,N,N,N,N,N,N,N,N,N,N,N,N,N,N,N,N,N
interstellar-chocazorg,11260,Interstellar Chocazorg,Lata/Botella,,N,,,,,,,180.00,,,,Y,Y,299.00,3.000,,N,N,N,N,N,N,N,N,N,N,N,N,N,N,N,N,N,N,N,N,N,N,N,N,N,N,N,N,N,N,N,N,N,N,N,N,N,N,N,N,N,N,N,N,N,N,N,N,N,N,N,N,N,N,N,N,N
interestelar-chromosphere,10606,Interstellar Chromosphere,Lata/Botella,,N,,,,,,,0.00,,,,Y,Y,522.00,0.000,,N,N,N,N,N,N,N,N,N,N,N,N,N,N,N,N,N,N,N,N,N,N,N,N,N,N,N,N,N,N,N,N,N,N,N,N,N,N,N,N,N,N,N,N,N,N,N,N,N,N,N,N,N,N,N,N,N
cronoclaw-interestelar,10595,Interstellar Cronoclaw,Lata/Botella,,N,,,,,,,0.00,,,,Y,Y,306.00,0.000,,N,N,N,N,N,N,N,N,N,N,N,N,N,N,N,N,N,N,N,N,N,N,N,N,N,N,N,N,N,N,N,N,N,N,N,N,N,N,N,N,N,N,N,N,N,N,N,N,N,N,N,N,N,N,N,N,N
interestelar-mangotron,10596,Interstellar Mangotron,Lata/Botella,,N,,,,,,,180.00,,,,Y,Y,306.00,4.000,,N,N,N,N,N,N,N,N,N,N,N,N,N,N,N,N,N,N,N,N,N,N,N,N,N,N,N,N,N,N,N,N,N,N,N,N,N,N,N,N,N,N,N,N,N,N,N,N,N,N,N,N,N,N,N,N,N
interestelar-ntc-chech-pilsner,10705,Interstellar NTC Czech Pilsner,Lata/Botella,,N,,,,,,,80.00,,,,Y,Y,149.00,5.000,,N,N,N,N,N,N,N,N,N,N,N,N,N,N,N,N,N,N,N,N,N,N,N,N,N,N,N,N,N,N,N,N,N,N,N,N,N,N,N,N,N,N,N,N,N,N,N,N,N,N,N,N,N,N,N,N,N
interestelar-ptc-chech-dark-lager,10714,Interstellar PTC,Lata/Botella,,N,,,,,,,80.00,,,,Y,Y,149.00,4.000,,N,N,N,N,N,N,N,N,N,N,N,N,N,N,N,N,N,N,N,N,N,N,N,N,N,N,N,N,N,N,N,N,N,N,N,N,N,N,N,N,N,N,N,N,N,N,N,N,N,N,N,N,N,N,N,N,N
interestelar-sezz,10637,Interstellar Sezztinator,Lata/Botella,,N,,,,,,,160.00,,,,Y,Y,269.00,0.000,,N,N,N,N,N,N,N,N,N,N,N,N,N,N,N,N,N,N,N,N,N,N,N,N,N,N,N,N,N,N,N,N,N,N,N,N,N,N,N,N,N,N,N,N,N,N,N,N,N,N,N,N,N,N,N,N,N
interstellar-strawponok,11175,Interstellar Strawponok,Lata/Botella,,N,,,,,,,180.00,,,,Y,Y,306.00,3.000,,N,N,N,N,N,N,N,N,N,N,N,N,N,N,N,N,N,N,N,N,N,N,N,N,N,N,N,N,N,N,N,N,N,N,N,N,N,N,N,N,N,N,N,N,N,N,N,N,N,N,N,N,N,N,N,N,N
interstellar-willbeforce,11184,Interstellar Willbeforce,Lata/Botella,,N,,,,,,,100.00,,,,Y,Y,182.00,3.000,,N,N,N,N,N,N,N,N,N,N,N,N,N,N,N,N,N,N,N,N,N,N,N,N,N,N,N,N,N,N,N,N,N,N,N,N,N,N,N,N,N,N,N,N,N,N,N,N,N,N,N,N,N,N,N,N,N
jabali-ipa-cervezota,11071,Jabali IPA Cervezota,Lata/Botella,,N,,,,,,,139.00,,,,Y,Y,237.00,4.000,,N,N,N,N,N,N,N,N,N,N,N,N,N,N,N,N,N,N,N,N,N,N,N,N,N,N,N,N,N,N,N,N,N,N,N,N,N,N,N,N,N,N,N,N,N,N,N,N,N,N,N,N,N,N,N,N,N
jack---stout-2,10268,Jack - Stout,Lata/Botella,,N,,,,,,,0.00,,,,Y,Y,92.00,0.000,,N,N,N,N,N,N,N,N,N,N,N,N,N,N,N,N,N,N,N,N,N,N,N,N,N,N,N,N,N,N,N,N,N,N,N,N,N,N,N,N,N,N,N,N,N,N,N,N,N,N,N,N,N,N,N,N,N
jack---sweet-chocolate-2,10269,Jack - Sweet Chocolate,Lata/Botella,,N,,,,,,,0.00,,,,Y,Y,92.00,2.000,,N,N,N,N,N,N,N,N,N,N,N,N,N,N,N,N,N,N,N,N,N,N,N,N,N,N,N,N,N,N,N,N,N,N,N,N,N,N,N,N,N,N,N,N,N,N,N,N,N,N,N,N,N,N,N,N,N
jack-invierno,10892,Jack Invierno,Lata/Botella,,N,,,,,,,61.00,,,,Y,Y,116.00,0.000,,N,N,N,N,N,N,N,N,N,N,N,N,N,N,N,N,N,N,N,N,N,N,N,N,N,N,N,N,N,N,N,N,N,N,N,N,N,N,N,N,N,N,N,N,N,N,N,N,N,N,N,N,N,N,N,N,N
jester-king-100-degrees,10489,Jester King 100 Degrees,Lata/Botella,,N,,,,,,,439.00,,,,Y,Y,778.00,0.000,,N,N,N,N,N,N,N,N,N,N,N,N,N,N,N,N,N,N,N,N,N,N,N,N,N,N,N,N,N,N,N,N,N,N,N,N,N,N,N,N,N,N,N,N,N,N,N,N,N,N,N,N,N,N,N,N,N
jester-king-acerose-efflorescence,11226,Jester King Acerose Efflorescence,Lata/Botella,,N,,,,,,,610.13,,,,Y,Y,915.00,1.000,,N,N,N,N,N,N,N,N,N,N,N,N,N,N,N,N,N,N,N,N,N,N,N,N,N,N,N,N,N,N,N,N,N,N,N,N,N,N,N,N,N,N,N,N,N,N,N,N,N,N,N,N,N,N,N,N,N
jester-king-biere-de-coupage,11158,Jester King Biere de Coupage,Lata/Botella,,N,,,,,,,610.13,,,,Y,Y,915.00,0.000,,N,N,N,N,N,N,N,N,N,N,N,N,N,N,N,N,N,N,N,N,N,N,N,N,N,N,N,N,N,N,N,N,N,N,N,N,N,N,N,N,N,N,N,N,N,N,N,N,N,N,N,N,N,N,N,N,N
jester-king-black-metal,11133,Jester King Black Metal,Lata/Botella,,N,,,,,,,142.00,,,,Y,Y,241.00,2.000,,N,N,N,N,N,N,N,N,N,N,N,N,N,N,N,N,N,N,N,N,N,N,N,N,N,N,N,N,N,N,N,N,N,N,N,N,N,N,N,N,N,N,N,N,N,N,N,N,N,N,N,N,N,N,N,N,N
jester-king-citrus-froot-750ml,10465,JESTER KING CITRUS FROOT 750ML,Lata/Botella,,N,,,,,,,590.00,,,,Y,Y,885.00,0.000,,N,N,N,N,N,N,N,N,N,N,N,N,N,N,N,N,N,N,N,N,N,N,N,N,N,N,N,N,N,N,N,N,N,N,N,N,N,N,N,N,N,N,N,N,N,N,N,N,N,N,N,N,N,N,N,N,N
jester-king-doom-forge,11134,Jester King Doom Forge,Lata/Botella,,N,,,,,,,148.00,,,,Y,Y,250.00,0.000,,N,N,N,N,N,N,N,N,N,N,N,N,N,N,N,N,N,N,N,N,N,N,N,N,N,N,N,N,N,N,N,N,N,N,N,N,N,N,N,N,N,N,N,N,N,N,N,N,N,N,N,N,N,N,N,N,N
jester-king-enigmatig-taxa,10883,Jester King Enigmatig Taxa,Lata/Botella,,N,,,,,,,513.13,,,,Y,Y,770.00,0.000,,N,N,N,N,N,N,N,N,N,N,N,N,N,N,N,N,N,N,N,N,N,N,N,N,N,N,N,N,N,N,N,N,N,N,N,N,N,N,N,N,N,N,N,N,N,N,N,N,N,N,N,N,N,N,N,N,N
jester-king-synthesis,10682,Jester King Synthesis,Lata/Botella,,N,,,,,,,0.00,,,,Y,Y,1275.00,0.000,,N,N,N,N,N,N,N,N,N,N,N,N,N,N,N,N,N,N,N,N,N,N,N,N,N,N,N,N,N,N,N,N,N,N,N,N,N,N,N,N,N,N,N,N,N,N,N,N,N,N,N,N,N,N,N,N,N
kapuziner-dunkel-hefe-weissbier,10889,Kapuziner Hefe Weissbier Naturtrub,Lata/Botella,,N,,,,,,,77.00,,,,Y,Y,144.00,0.000,,N,N,N,N,N,N,N,N,N,N,N,N,N,N,N,N,N,N,N,N,N,N,N,N,N,N,N,N,N,N,N,N,N,N,N,N,N,N,N,N,N,N,N,N,N,N,N,N,N,N,N,N,N,N,N,N,N
kapuziner-hefe-weissbier-dunkel,10995,Kapuziner Hefe-Weissbier Dunkel,Lata/Botella,,N,,,,,,,77.00,,,,Y,Y,144.00,0.000,,N,N,N,N,N,N,N,N,N,N,N,N,N,N,N,N,N,N,N,N,N,N,N,N,N,N,N,N,N,N,N,N,N,N,N,N,N,N,N,N,N,N,N,N,N,N,N,N,N,N,N,N,N,N,N,N,N
karmeliten-kloster-dunkel-2,10197,KARMELITEN KLOSTER DUNKEL,Lata/Botella,,N,,,,,,,64.00,,,,Y,Y,126.00,0.000,0.000,N,N,N,N,N,N,N,N,N,N,N,N,N,N,N,N,N,N,N,N,N,N,N,N,N,N,N,N,N,N,N,N,N,N,N,N,N,N,N,N,N,N,N,N,N,N,N,N,N,N,N,N,N,N,N,N,N
karmeliten-kloster-gold-hell-2,10198,KARMELITEN KLOSTER GOLD HELL,Lata/Botella,,N,,,,,,,64.00,,,,Y,Y,126.00,0.000,0.000,N,N,N,N,N,N,N,N,N,N,N,N,N,N,N,N,N,N,N,N,N,N,N,N,N,N,N,N,N,N,N,N,N,N,N,N,N,N,N,N,N,N,N,N,N,N,N,N,N,N,N,N,N,N,N,N,N
karmeliten-kloster-weizen-2,10199,KARMELITEN KLOSTER WEIZEN,Lata/Botella,,N,,,,,,,64.00,,,,Y,Y,126.00,0.000,0.000,N,N,N,N,N,N,N,N,N,N,N,N,N,N,N,N,N,N,N,N,N,N,N,N,N,N,N,N,N,N,N,N,N,N,N,N,N,N,N,N,N,N,N,N,N,N,N,N,N,N,N,N,N,N,N,N,N
karmeliten-sin-alcohol,10869,Karmeliten sin alcohol,Lata/Botella,,N,,,,,,,0.00,,,,Y,Y,126.00,0.000,,N,N,N,N,N,N,N,N,N,N,N,N,N,N,N,N,N,N,N,N,N,N,N,N,N,N,N,N,N,N,N,N,N,N,N,N,N,N,N,N,N,N,N,N,N,N,N,N,N,N,N,N,N,N,N,N,N
kasteel--donker,10433,Kasteel  Donker,Lata/Botella,,N,,,,,,,104.00,,,,Y,Y,188.00,0.000,0.000,N,N,N,N,N,N,N,N,N,N,N,N,N,N,N,N,N,N,N,N,N,N,N,N,N,N,N,N,N,N,N,N,N,N,N,N,N,N,N,N,N,N,N,N,N,N,N,N,N,N,N,N,N,N,N,N,N
kasteel---barista-chocolate-quad-2,10146,Kasteel - Barista Chocolate Quad,Lata/Botella,,N,,,,,,,109.00,,,,Y,Y,196.00,2.000,1000000.000,N,N,N,N,N,N,N,N,N,N,N,N,N,N,N,N,N,N,N,N,N,N,N,N,N,N,N,N,N,N,N,N,N,N,N,N,N,N,N,N,N,N,N,N,N,N,N,N,N,N,N,N,N,N,N,N,N
kasteel---barista-grande-2,10236,Kasteel - Barista Grande,Lata/Botella,,N,,,,,,,0.00,,,,Y,Y,490.00,0.000,,N,N,N,N,N,N,N,N,N,N,N,N,N,N,N,N,N,N,N,N,N,N,N,N,N,N,N,N,N,N,N,N,N,N,N,N,N,N,N,N,N,N,N,N,N,N,N,N,N,N,N,N,N,N,N,N,N
kasteel---cuvée-du-chateau-(etiqueta-negra),10083,Kasteel - Cuvée Du Chateau (Etiqueta Negra),Lata/Botella,,N,,,,,,,0.00,,,,Y,Y,170.00,0.000,1000000.000,N,N,N,N,N,N,N,N,N,N,N,N,N,N,N,N,N,N,N,N,N,N,N,N,N,N,N,N,N,N,N,N,N,N,N,N,N,N,N,N,N,N,N,N,N,N,N,N,N,N,N,N,N,N,N,N,N
kasteel---rouge---rubus-2,10145,Kasteel - Rouge - Rubus,Lata/Botella,,N,,,,,,,100.00,,,,Y,Y,182.00,2.000,,N,N,N,N,N,N,N,N,N,N,N,N,N,N,N,N,N,N,N,N,N,N,N,N,N,N,N,N,N,N,N,N,N,N,N,N,N,N,N,N,N,N,N,N,N,N,N,N,N,N,N,N,N,N,N,N,N
kasteel---trignac-2,10084,Kasteel - Trignac,Lata/Botella,,N,,,,,,,0.00,,,,Y,Y,800.00,0.000,1000000.000,N,N,N,N,N,N,N,N,N,N,N,N,N,N,N,N,N,N,N,N,N,N,N,N,N,N,N,N,N,N,N,N,N,N,N,N,N,N,N,N,N,N,N,N,N,N,N,N,N,N,N,N,N,N,N,N,N
kasteel-0.0,10832,Kasteel 0.0,Lata/Botella,,N,,,,,,,105.00,,,,Y,Y,190.00,0.000,,N,N,N,N,N,N,N,N,N,N,N,N,N,N,N,N,N,N,N,N,N,N,N,N,N,N,N,N,N,N,N,N,N,N,N,N,N,N,N,N,N,N,N,N,N,N,N,N,N,N,N,N,N,N,N,N,N
kasteel-rouge-framboise-250ml,10706,Kasteel Rouge Framboise 250ml,Lata/Botella,,N,,,,,,,68.00,,,,Y,Y,129.00,0.000,,N,N,N,N,N,N,N,N,N,N,N,N,N,N,N,N,N,N,N,N,N,N,N,N,N,N,N,N,N,N,N,N,N,N,N,N,N,N,N,N,N,N,N,N,N,N,N,N,N,N,N,N,N,N,N,N,N
kasteel-tripel,10537,Kasteel Tripel,Lata/Botella,,N,,,,,,,104.00,,,,Y,Y,188.00,3.000,0.000,N,N,N,N,N,N,N,N,N,N,N,N,N,N,N,N,N,N,N,N,N,N,N,N,N,N,N,N,N,N,N,N,N,N,N,N,N,N,N,N,N,N,N,N,N,N,N,N,N,N,N,N,N,N,N,N,N
knee-deep-clarity-ipa-2,10410,Knee Deep Clarity IPA,Lata/Botella,,N,,,,,,,76.00,,,,Y,Y,143.00,-1.000,,N,N,N,N,N,N,N,N,N,N,N,N,N,N,N,N,N,N,N,N,N,N,N,N,N,N,N,N,N,N,N,N,N,N,N,N,N,N,N,N,N,N,N,N,N,N,N,N,N,N,N,N,N,N,N,N,N
knee-deep-deep-island,10635,Knee Deep Deep Island,Lata/Botella,,N,,,,,,,70.00,,,,Y,Y,133.00,0.000,,N,N,N,N,N,N,N,N,N,N,N,N,N,N,N,N,N,N,N,N,N,N,N,N,N,N,N,N,N,N,N,N,N,N,N,N,N,N,N,N,N,N,N,N,N,N,N,N,N,N,N,N,N,N,N,N,N
knee-deep-hola-noche,10939,Knee Deep Hola Noche,Lata/Botella,,N,,,,,,,77.00,,,,Y,Y,144.00,0.000,,N,N,N,N,N,N,N,N,N,N,N,N,N,N,N,N,N,N,N,N,N,N,N,N,N,N,N,N,N,N,N,N,N,N,N,N,N,N,N,N,N,N,N,N,N,N,N,N,N,N,N,N,N,N,N,N,N
knee-deep-hola-sr,10930,Knee Deep Hola Sr,Lata/Botella,,N,,,,,,,60.00,,,,Y,Y,114.00,0.000,,N,N,N,N,N,N,N,N,N,N,N,N,N,N,N,N,N,N,N,N,N,N,N,N,N,N,N,N,N,N,N,N,N,N,N,N,N,N,N,N,N,N,N,N,N,N,N,N,N,N,N,N,N,N,N,N,N
knee-deep-hop---trio,11012,Knee Deep Hop - Trio,Lata/Botella,,N,,,,,,,240.00,,,,Y,Y,390.00,0.000,,N,N,N,N,N,N,N,N,N,N,N,N,N,N,N,N,N,N,N,N,N,N,N,N,N,N,N,N,N,N,N,N,N,N,N,N,N,N,N,N,N,N,N,N,N,N,N,N,N,N,N,N,N,N,N,N,N
knee-deep-hop-de-ranged,10634,Knee Deep Hop De Ranged,Lata/Botella,,N,,,,,,,190.00,,,,Y,Y,315.00,0.000,,N,N,N,N,N,N,N,N,N,N,N,N,N,N,N,N,N,N,N,N,N,N,N,N,N,N,N,N,N,N,N,N,N,N,N,N,N,N,N,N,N,N,N,N,N,N,N,N,N,N,N,N,N,N,N,N,N
knee-deep-hoptologist,10633,Knee Deep Hoptologist,Lata/Botella,,N,,,,,,,180.00,,,,Y,Y,299.00,2.000,,N,N,N,N,N,N,N,N,N,N,N,N,N,N,N,N,N,N,N,N,N,N,N,N,N,N,N,N,N,N,N,N,N,N,N,N,N,N,N,N,N,N,N,N,N,N,N,N,N,N,N,N,N,N,N,N,N
knee-deep-pocket-rockets,10640,Knee Deep Pocket Rockets,Lata/Botella,,N,,,,,,,700.00,,,,Y,Y,1120.00,0.000,,N,N,N,N,N,N,N,N,N,N,N,N,N,N,N,N,N,N,N,N,N,N,N,N,N,N,N,N,N,N,N,N,N,N,N,N,N,N,N,N,N,N,N,N,N,N,N,N,N,N,N,N,N,N,N,N,N
knee-deep-simtra-triple-ipa,10898,Knee Deep Simtra Triple IPA,Lata/Botella,,N,,,,,,,240.00,,,,Y,Y,390.00,0.000,,N,N,N,N,N,N,N,N,N,N,N,N,N,N,N,N,N,N,N,N,N,N,N,N,N,N,N,N,N,N,N,N,N,N,N,N,N,N,N,N,N,N,N,N,N,N,N,N,N,N,N,N,N,N,N,N,N
knee-deep-slooow-mo,10319,Knee Deep Slooow Mo,Lata/Botella,,N,,,,,,,130.00,,,,Y,Y,225.00,0.000,,N,N,N,N,N,N,N,N,N,N,N,N,N,N,N,N,N,N,N,N,N,N,N,N,N,N,N,N,N,N,N,N,N,N,N,N,N,N,N,N,N,N,N,N,N,N,N,N,N,N,N,N,N,N,N,N,N
knee-deep-where's-frankie,10973,Knee Deep Where's Frankie,Lata/Botella,,N,,,,,,,150.00,,,,Y,Y,253.00,0.000,,N,N,N,N,N,N,N,N,N,N,N,N,N,N,N,N,N,N,N,N,N,N,N,N,N,N,N,N,N,N,N,N,N,N,N,N,N,N,N,N,N,N,N,N,N,N,N,N,N,N,N,N,N,N,N,N,N
knee-deep--deep-hazy,10867,Knee Deep- Deep hazy,Lata/Botella,,N,,,,,,,0.00,,,,Y,Y,147.00,0.000,,N,N,N,N,N,N,N,N,N,N,N,N,N,N,N,N,N,N,N,N,N,N,N,N,N,N,N,N,N,N,N,N,N,N,N,N,N,N,N,N,N,N,N,N,N,N,N,N,N,N,N,N,N,N,N,N,N
knee-deep--folsom-haze,11118,Knee Deep- Folsom haze,Lata/Botella,,N,,,,,,,0.00,,,,Y,Y,130.00,3.000,,N,N,N,N,N,N,N,N,N,N,N,N,N,N,N,N,N,N,N,N,N,N,N,N,N,N,N,N,N,N,N,N,N,N,N,N,N,N,N,N,N,N,N,N,N,N,N,N,N,N,N,N,N,N,N,N,N
knee-deep-slow-mo,10870,Knee Deep-Slow mo,Lata/Botella,,N,,,,,,,0.00,,,,Y,Y,240.00,0.000,,N,N,N,N,N,N,N,N,N,N,N,N,N,N,N,N,N,N,N,N,N,N,N,N,N,N,N,N,N,N,N,N,N,N,N,N,N,N,N,N,N,N,N,N,N,N,N,N,N,N,N,N,N,N,N,N,N
knee-deep-tahoedeep,11117,Knee Deep-TahoeDeep,Lata/Botella,,N,,,,,,,0.00,,,,Y,Y,235.00,1.000,,N,N,N,N,N,N,N,N,N,N,N,N,N,N,N,N,N,N,N,N,N,N,N,N,N,N,N,N,N,N,N,N,N,N,N,N,N,N,N,N,N,N,N,N,N,N,N,N,N,N,N,N,N,N,N,N,N
komer-porter-baltycki-amburana,10757,Komer Porter Baltycki Amburana,Lata/Botella,,N,,,,,,,96.99,,,,Y,Y,177.00,5.000,,N,N,N,N,N,N,N,N,N,N,N,N,N,N,N,N,N,N,N,N,N,N,N,N,N,N,N,N,N,N,N,N,N,N,N,N,N,N,N,N,N,N,N,N,N,N,N,N,N,N,N,N,N,N,N,N,N
komes---wymrazany-porter-baltycki-2,10308,Komes - Wymrazany Porter Baltycki,Lata/Botella,,N,,,,,,,0.00,,,,Y,Y,435.00,0.000,,N,N,N,N,N,N,N,N,N,N,N,N,N,N,N,N,N,N,N,N,N,N,N,N,N,N,N,N,N,N,N,N,N,N,N,N,N,N,N,N,N,N,N,N,N,N,N,N,N,N,N,N,N,N,N,N,N
komes---wymrazany-porter-malinowy-2,10309,Komes - Wymrazany Porter Malinowy,Lata/Botella,,N,,,,,,,0.00,,,,Y,Y,435.00,0.000,,N,N,N,N,N,N,N,N,N,N,N,N,N,N,N,N,N,N,N,N,N,N,N,N,N,N,N,N,N,N,N,N,N,N,N,N,N,N,N,N,N,N,N,N,N,N,N,N,N,N,N,N,N,N,N,N,N
komes-barleywine,10759,Komes Barleywine,Lata/Botella,,N,,,,,,,100.00,,,,Y,Y,182.00,2.000,,N,N,N,N,N,N,N,N,N,N,N,N,N,N,N,N,N,N,N,N,N,N,N,N,N,N,N,N,N,N,N,N,N,N,N,N,N,N,N,N,N,N,N,N,N,N,N,N,N,N,N,N,N,N,N,N,N
komes-imperial-stout,10758,Komes Imperial Stout,Lata/Botella,,N,,,,,,,100.00,,,,Y,Y,182.00,3.000,,N,N,N,N,N,N,N,N,N,N,N,N,N,N,N,N,N,N,N,N,N,N,N,N,N,N,N,N,N,N,N,N,N,N,N,N,N,N,N,N,N,N,N,N,N,N,N,N,N,N,N,N,N,N,N,N,N
komes-porter-baltycki,10755,Komes Porter Baltycki Amburana,Lata/Botella,,N,,,,,,,94.00,,,,Y,Y,172.00,1.000,,N,N,N,N,N,N,N,N,N,N,N,N,N,N,N,N,N,N,N,N,N,N,N,N,N,N,N,N,N,N,N,N,N,N,N,N,N,N,N,N,N,N,N,N,N,N,N,N,N,N,N,N,N,N,N,N,N
komesporter-malinowy-frambuesa,10756,Komes Porter Malinowy Frambuesa,Lata/Botella,,N,,,,,,,94.99,,,,Y,Y,174.00,0.000,,N,N,N,N,N,N,N,N,N,N,N,N,N,N,N,N,N,N,N,N,N,N,N,N,N,N,N,N,N,N,N,N,N,N,N,N,N,N,N,N,N,N,N,N,N,N,N,N,N,N,N,N,N,N,N,N,N
kozel---dark-lata-2,10128,Kozel - Dark Lata,Lata/Botella,,N,,,,,,,42.50,,,,Y,Y,85.00,10.000,,N,N,N,N,N,N,N,N,N,N,N,N,N,N,N,N,N,N,N,N,N,N,N,N,N,N,N,N,N,N,N,N,N,N,N,N,N,N,N,N,N,N,N,N,N,N,N,N,N,N,N,N,N,N,N,N,N
kozel---lager-lata-2,10129,Kozel - Lager Lata,Lata/Botella,,N,,,,,,,42.00,,,,Y,Y,85.00,18.000,,N,N,N,N,N,N,N,N,N,N,N,N,N,N,N,N,N,N,N,N,N,N,N,N,N,N,N,N,N,N,N,N,N,N,N,N,N,N,N,N,N,N,N,N,N,N,N,N,N,N,N,N,N,N,N,N,N
la-picsa-port,10442,La Picsa Port,Lata/Botella,,N,,,,,,,99.00,,,,Y,Y,180.00,0.000,0.000,N,N,N,N,N,N,N,N,N,N,N,N,N,N,N,N,N,N,N,N,N,N,N,N,N,N,N,N,N,N,N,N,N,N,N,N,N,N,N,N,N,N,N,N,N,N,N,N,N,N,N,N,N,N,N,N,N
la-trappe-quadrupel,11211,La Trappe Quadrupel,Lata/Botella,,N,,,,,,,87.30,,,,Y,Y,161.00,6.000,,N,N,N,N,N,N,N,N,N,N,N,N,N,N,N,N,N,N,N,N,N,N,N,N,N,N,N,N,N,N,N,N,N,N,N,N,N,N,N,N,N,N,N,N,N,N,N,N,N,N,N,N,N,N,N,N,N
laguinas-trooper,11250,LAGUINAS TROOPER,Lata/Botella,,N,,,,,,,140.00,,,,Y,Y,238.00,0.000,,N,N,N,N,N,N,N,N,N,N,N,N,N,N,N,N,N,N,N,N,N,N,N,N,N,N,N,N,N,N,N,N,N,N,N,N,N,N,N,N,N,N,N,N,N,N,N,N,N,N,N,N,N,N,N,N,N
lagunitas---ipa-2,10313,Lagunitas - IPA,Lata/Botella,,N,,,,,,,0.00,,,,Y,Y,85.00,4.000,,N,N,N,N,N,N,N,N,N,N,N,N,N,N,N,N,N,N,N,N,N,N,N,N,N,N,N,N,N,N,N,N,N,N,N,N,N,N,N,N,N,N,N,N,N,N,N,N,N,N,N,N,N,N,N,N,N
lambrusco-riunite,11011,Lambrusco-Riunite,Lata/Botella,,N,,,,,,,0.00,,,,Y,Y,125.00,0.000,,N,N,N,N,N,N,N,N,N,N,N,N,N,N,N,N,N,N,N,N,N,N,N,N,N,N,N,N,N,N,N,N,N,N,N,N,N,N,N,N,N,N,N,N,N,N,N,N,N,N,N,N,N,N,N,N,N
lazarus&colin-tamarindo,10900,Lazarus&colin tamarindo,Lata/Botella,,N,,,,,,,0.00,,,,Y,Y,320.00,0.000,,N,N,N,N,N,N,N,N,N,N,N,N,N,N,N,N,N,N,N,N,N,N,N,N,N,N,N,N,N,N,N,N,N,N,N,N,N,N,N,N,N,N,N,N,N,N,N,N,N,N,N,N,N,N,N,N,N
left-hand-pumpkin-spice-latte-nitro-2,10188,Left Hand Pumpkin Spice Latte Nitro,Lata/Botella,,N,,,,,,,0.00,,,,Y,Y,142.00,0.000,,N,N,N,N,N,N,N,N,N,N,N,N,N,N,N,N,N,N,N,N,N,N,N,N,N,N,N,N,N,N,N,N,N,N,N,N,N,N,N,N,N,N,N,N,N,N,N,N,N,N,N,N,N,N,N,N,N
lindemans---apple-2,10085,Lindemans - Apple,Lata/Botella,,N,,,,,,,70.00,,,,Y,Y,133.00,5.000,1000000.000,N,N,N,N,N,N,N,N,N,N,N,N,N,N,N,N,N,N,N,N,N,N,N,N,N,N,N,N,N,N,N,N,N,N,N,N,N,N,N,N,N,N,N,N,N,N,N,N,N,N,N,N,N,N,N,N,N
lindemans---cassis-2,10086,Lindemans - Cassis,Lata/Botella,,N,,,,,,,82.00,,,,Y,Y,153.00,0.000,1000000.000,N,N,N,N,N,N,N,N,N,N,N,N,N,N,N,N,N,N,N,N,N,N,N,N,N,N,N,N,N,N,N,N,N,N,N,N,N,N,N,N,N,N,N,N,N,N,N,N,N,N,N,N,N,N,N,N,N
lindemans---framboise-2,10087,Lindemans - Framboise,Lata/Botella,,N,,,,,,,88.00,,,,Y,Y,162.00,2.000,1000000.000,N,N,N,N,N,N,N,N,N,N,N,N,N,N,N,N,N,N,N,N,N,N,N,N,N,N,N,N,N,N,N,N,N,N,N,N,N,N,N,N,N,N,N,N,N,N,N,N,N,N,N,N,N,N,N,N,N
lindemans---tarot-noir-2,10088,Lindemans - Tarot Noir,Lata/Botella,,N,,,,,,,94.00,,,,Y,Y,172.00,4.000,1000000.000,N,N,N,N,N,N,N,N,N,N,N,N,N,N,N,N,N,N,N,N,N,N,N,N,N,N,N,N,N,N,N,N,N,N,N,N,N,N,N,N,N,N,N,N,N,N,N,N,N,N,N,N,N,N,N,N,N
lindemans-–-framboise-grande-(750ml),10391,Lindemans – Framboise Grande (750ml),Lata/Botella,,N,,,,,,,205.00,,,,Y,Y,345.00,0.000,,N,N,N,N,N,N,N,N,N,N,N,N,N,N,N,N,N,N,N,N,N,N,N,N,N,N,N,N,N,N,N,N,N,N,N,N,N,N,N,N,N,N,N,N,N,N,N,N,N,N,N,N,N,N,N,N,N
lindemans-faro-250-ml-2,10209,LINDEMANS FARO 250 ML,Lata/Botella,,N,,,,,,,82.00,,,,Y,Y,153.00,2.000,0.000,N,N,N,N,N,N,N,N,N,N,N,N,N,N,N,N,N,N,N,N,N,N,N,N,N,N,N,N,N,N,N,N,N,N,N,N,N,N,N,N,N,N,N,N,N,N,N,N,N,N,N,N,N,N,N,N,N
lindemans-gueuze-250-ml-2,10210,LINDEMANS GUEUZE 250 ML,Lata/Botella,,N,,,,,,,82.00,,,,Y,Y,153.00,0.000,0.000,N,N,N,N,N,N,N,N,N,N,N,N,N,N,N,N,N,N,N,N,N,N,N,N,N,N,N,N,N,N,N,N,N,N,N,N,N,N,N,N,N,N,N,N,N,N,N,N,N,N,N,N,N,N,N,N,N
lindemans-kriek,10992,Lindemans Kriek,Lata/Botella,,N,,,,,,,82.00,,,,Y,Y,153.00,4.000,,N,N,N,N,N,N,N,N,N,N,N,N,N,N,N,N,N,N,N,N,N,N,N,N,N,N,N,N,N,N,N,N,N,N,N,N,N,N,N,N,N,N,N,N,N,N,N,N,N,N,N,N,N,N,N,N,N
lindemans-kriek-0.0%,11066,Lindemans Kriek 0.0%,Lata/Botella,,N,,,,,,,90.00,,,,Y,Y,166.00,3.000,,N,N,N,N,N,N,N,N,N,N,N,N,N,N,N,N,N,N,N,N,N,N,N,N,N,N,N,N,N,N,N,N,N,N,N,N,N,N,N,N,N,N,N,N,N,N,N,N,N,N,N,N,N,N,N,N,N
lindemans-pecheresse,10508,Lindemans Pecheresse,Lata/Botella,,N,,,,,,,86.00,,,,Y,Y,159.00,1.000,0.000,N,N,N,N,N,N,N,N,N,N,N,N,N,N,N,N,N,N,N,N,N,N,N,N,N,N,N,N,N,N,N,N,N,N,N,N,N,N,N,N,N,N,N,N,N,N,N,N,N,N,N,N,N,N,N,N,N
lindemans-perchesse-0.0%,11067,Lindemans Perchesse 0.0%,Lata/Botella,,N,,,,,,,92.00,,,,Y,Y,169.00,3.000,,N,N,N,N,N,N,N,N,N,N,N,N,N,N,N,N,N,N,N,N,N,N,N,N,N,N,N,N,N,N,N,N,N,N,N,N,N,N,N,N,N,N,N,N,N,N,N,N,N,N,N,N,N,N,N,N,N
lindemans-strawberry,10858,Lindemans Strawberry,Lata/Botella,,N,,,,,,,82.00,,,,Y,Y,153.00,2.000,,N,N,N,N,N,N,N,N,N,N,N,N,N,N,N,N,N,N,N,N,N,N,N,N,N,N,N,N,N,N,N,N,N,N,N,N,N,N,N,N,N,N,N,N,N,N,N,N,N,N,N,N,N,N,N,N,N
livinus-blonde,11019,Livinus Blonde,Lata/Botella,,N,,,,,,,79.54,,,,Y,Y,149.00,0.000,,N,N,N,N,N,N,N,N,N,N,N,N,N,N,N,N,N,N,N,N,N,N,N,N,N,N,N,N,N,N,N,N,N,N,N,N,N,N,N,N,N,N,N,N,N,N,N,N,N,N,N,N,N,N,N,N,N
loba-–-alfa,10064,LOBA – Alfa,Lata/Botella,,N,,,,,,,0.00,,,,Y,Y,90.00,0.000,1000000.000,N,N,N,N,N,N,N,N,N,N,N,N,N,N,N,N,N,N,N,N,N,N,N,N,N,N,N,N,N,N,N,N,N,N,N,N,N,N,N,N,N,N,N,N,N,N,N,N,N,N,N,N,N,N,N,N,N
loba-blanka-355-ml-2,8,Loba Blanka 355 ml,Lata/Botella,,N,,,,,,,0.00,,,,Y,Y,85.00,0.000,1000000.000,N,N,N,N,N,N,N,N,N,N,N,N,N,N,N,N,N,N,N,N,N,N,N,N,N,N,N,N,N,N,N,N,N,N,N,N,N,N,N,N,N,N,N,N,N,N,N,N,N,N,N,N,N,N,N,N,N
loba-paraíso-355-ml,9,Loba Paraíso 355 ml,Lata/Botella,,N,,,,,,,0.00,,,,Y,Y,94.00,0.000,1000000.000,N,N,N,N,N,N,N,N,N,N,N,N,N,N,N,N,N,N,N,N,N,N,N,N,N,N,N,N,N,N,N,N,N,N,N,N,N,N,N,N,N,N,N,N,N,N,N,N,N,N,N,N,N,N,N,N,N
long-trail-blackberry-wheat-(lata)-12-oz-2,68,Long Trail Blackberry Wheat (Lata) 12 oz,Lata/Botella,,N,,,,,,,0.00,,,,Y,Y,110.00,0.000,1000000.000,N,N,N,N,N,N,N,N,N,N,N,N,N,N,N,N,N,N,N,N,N,N,N,N,N,N,N,N,N,N,N,N,N,N,N,N,N,N,N,N,N,N,N,N,N,N,N,N,N,N,N,N,N,N,N,N,N
long-trail-little-anomaly-(lata)-12-oz-2,67,Long Trail Little Anomaly (Lata) 12 oz,Lata/Botella,,N,,,,,,,0.00,,,,Y,Y,110.00,0.000,1000000.000,N,N,N,N,N,N,N,N,N,N,N,N,N,N,N,N,N,N,N,N,N,N,N,N,N,N,N,N,N,N,N,N,N,N,N,N,N,N,N,N,N,N,N,N,N,N,N,N,N,N,N,N,N,N,N,N,N
long-trail-long-trail-ale-(lata)-12-oz-2,65,Long Trail Long Trail Ale (Lata) 12 oz,Lata/Botella,,N,,,,,,,0.00,,,,Y,Y,110.00,0.000,1000000.000,N,N,N,N,N,N,N,N,N,N,N,N,N,N,N,N,N,N,N,N,N,N,N,N,N,N,N,N,N,N,N,N,N,N,N,N,N,N,N,N,N,N,N,N,N,N,N,N,N,N,N,N,N,N,N,N,N
long-trail-vermont-ipa-(lata)-12-oz-2,66,Long Trail Vermont IPA (Lata) 12 oz,Lata/Botella,,N,,,,,,,0.00,,,,Y,Y,110.00,0.000,1000000.000,N,N,N,N,N,N,N,N,N,N,N,N,N,N,N,N,N,N,N,N,N,N,N,N,N,N,N,N,N,N,N,N,N,N,N,N,N,N,N,N,N,N,N,N,N,N,N,N,N,N,N,N,N,N,N,N,N
lucky---buddha-2,10089,Lucky - Buddha,Lata/Botella,,N,,,,,,,55.00,,,,Y,Y,105.00,0.000,1000000.000,N,N,N,N,N,N,N,N,N,N,N,N,N,N,N,N,N,N,N,N,N,N,N,N,N,N,N,N,N,N,N,N,N,N,N,N,N,N,N,N,N,N,N,N,N,N,N,N,N,N,N,N,N,N,N,N,N
lupulus---hibernatus-2,10241,Lupulus - Hibernatus,Lata/Botella,,N,,,,,,,0.00,,,,Y,Y,126.00,0.000,,N,N,N,N,N,N,N,N,N,N,N,N,N,N,N,N,N,N,N,N,N,N,N,N,N,N,N,N,N,N,N,N,N,N,N,N,N,N,N,N,N,N,N,N,N,N,N,N,N,N,N,N,N,N,N,N,N
madueño-craft-galaxy-draco,11121,Madueño Craft Galaxy Draco,Lata/Botella,,N,,,,,,,120.00,,,,Y,Y,211.00,0.000,,N,N,N,N,N,N,N,N,N,N,N,N,N,N,N,N,N,N,N,N,N,N,N,N,N,N,N,N,N,N,N,N,N,N,N,N,N,N,N,N,N,N,N,N,N,N,N,N,N,N,N,N,N,N,N,N,N
mahou---0.0-2,10249,Mahou - 0.0,Lata/Botella,,N,,,,,,,56.00,,,,Y,Y,106.00,3.000,,N,N,N,N,N,N,N,N,N,N,N,N,N,N,N,N,N,N,N,N,N,N,N,N,N,N,N,N,N,N,N,N,N,N,N,N,N,N,N,N,N,N,N,N,N,N,N,N,N,N,N,N,N,N,N,N,N
mahou---5-estrellas-2,10096,Mahou - 5 Estrellas,Lata/Botella,,N,,,,,,,54.00,,,,Y,Y,103.00,4.000,1000000.000,N,N,N,N,N,N,N,N,N,N,N,N,N,N,N,N,N,N,N,N,N,N,N,N,N,N,N,N,N,N,N,N,N,N,N,N,N,N,N,N,N,N,N,N,N,N,N,N,N,N,N,N,N,N,N,N,N
mahou---ipa-lata-1,10250,Mahou - IPA Lata,Lata/Botella,,N,,,,,,,59.00,,,,Y,Y,112.00,0.000,,N,N,N,N,N,N,N,N,N,N,N,N,N,N,N,N,N,N,N,N,N,N,N,N,N,N,N,N,N,N,N,N,N,N,N,N,N,N,N,N,N,N,N,N,N,N,N,N,N,N,N,N,N,N,N,N,N
mahou-maestra-dunkel,10439,Mahou Maestra Dunkel,Lata/Botella,,N,,,,,,,65.00,,,,Y,Y,124.00,0.000,0.000,N,N,N,N,N,N,N,N,N,N,N,N,N,N,N,N,N,N,N,N,N,N,N,N,N,N,N,N,N,N,N,N,N,N,N,N,N,N,N,N,N,N,N,N,N,N,N,N,N,N,N,N,N,N,N,N,N
mahou-sin-gluten,10654,Mahou sin gluten,Lata/Botella,,N,,,,,,,60.00,,,,Y,Y,114.00,9.000,,N,N,N,N,N,N,N,N,N,N,N,N,N,N,N,N,N,N,N,N,N,N,N,N,N,N,N,N,N,N,N,N,N,N,N,N,N,N,N,N,N,N,N,N,N,N,N,N,N,N,N,N,N,N,N,N,N
moisel-chocolate-bock,10664,Maisel chocolate bock,Lata/Botella,,N,,,,,,,180.00,,,,Y,Y,342.00,0.000,,N,N,N,N,N,N,N,N,N,N,N,N,N,N,N,N,N,N,N,N,N,N,N,N,N,N,N,N,N,N,N,N,N,N,N,N,N,N,N,N,N,N,N,N,N,N,N,N,N,N,N,N,N,N,N,N,N
maisel's-weisse,11192,Maisel's Weisse,Lata/Botella,,N,,,,,,,75.00,,,,Y,Y,141.00,0.000,,N,N,N,N,N,N,N,N,N,N,N,N,N,N,N,N,N,N,N,N,N,N,N,N,N,N,N,N,N,N,N,N,N,N,N,N,N,N,N,N,N,N,N,N,N,N,N,N,N,N,N,N,N,N,N,N,N
maredsous-10-tripel,11215,Maredsous 10 Tripel,Lata/Botella,,N,,,,,,,106.70,,,,Y,Y,193.00,6.000,,N,N,N,N,N,N,N,N,N,N,N,N,N,N,N,N,N,N,N,N,N,N,N,N,N,N,N,N,N,N,N,N,N,N,N,N,N,N,N,N,N,N,N,N,N,N,N,N,N,N,N,N,N,N,N,N,N
mason-ale-works,10780,Mason Ale Works,Lata/Botella,,N,,,,,,,157.99,,,,Y,Y,266.00,0.000,,N,N,N,N,N,N,N,N,N,N,N,N,N,N,N,N,N,N,N,N,N,N,N,N,N,N,N,N,N,N,N,N,N,N,N,N,N,N,N,N,N,N,N,N,N,N,N,N,N,N,N,N,N,N,N,N,N
mason-ale-works-black-currant-fruit-bomb,10777,Mason Ale Works Black Currant Fruit Bomb,Lata/Botella,,N,,,,,,,157.99,,,,Y,Y,266.00,0.000,,N,N,N,N,N,N,N,N,N,N,N,N,N,N,N,N,N,N,N,N,N,N,N,N,N,N,N,N,N,N,N,N,N,N,N,N,N,N,N,N,N,N,N,N,N,N,N,N,N,N,N,N,N,N,N,N,N
mason-ale-works-cherry-nectarine-fruit,10779,Mason Ale Works Cherry Nectarine Fruit,Lata/Botella,,N,,,,,,,157.99,,,,Y,Y,266.00,0.000,,N,N,N,N,N,N,N,N,N,N,N,N,N,N,N,N,N,N,N,N,N,N,N,N,N,N,N,N,N,N,N,N,N,N,N,N,N,N,N,N,N,N,N,N,N,N,N,N,N,N,N,N,N,N,N,N,N
mason-ale-works-the-royalist,11024,Mason Ale Works The Royalist,Lata/Botella,,N,,,,,,,263.83,,,,Y,Y,426.00,1.000,,N,N,N,N,N,N,N,N,N,N,N,N,N,N,N,N,N,N,N,N,N,N,N,N,N,N,N,N,N,N,N,N,N,N,N,N,N,N,N,N,N,N,N,N,N,N,N,N,N,N,N,N,N,N,N,N,N
mason-ale-works-watermelon-apricot,10734,Mason Ale Works Watermelon Apricot,Lata/Botella,,N,,,,,,,153.25,,,,Y,Y,258.00,0.000,,N,N,N,N,N,N,N,N,N,N,N,N,N,N,N,N,N,N,N,N,N,N,N,N,N,N,N,N,N,N,N,N,N,N,N,N,N,N,N,N,N,N,N,N,N,N,N,N,N,N,N,N,N,N,N,N,N
mason-aw-hoptapus,10881,Mason AW Hoptapus,Lata/Botella,,N,,,,,,,131.92,,,,Y,Y,227.00,0.000,,N,N,N,N,N,N,N,N,N,N,N,N,N,N,N,N,N,N,N,N,N,N,N,N,N,N,N,N,N,N,N,N,N,N,N,N,N,N,N,N,N,N,N,N,N,N,N,N,N,N,N,N,N,N,N,N,N
mason-aw-lfg,10882,Mason AW LFG,Lata/Botella,,N,,,,,,,131.92,,,,Y,Y,227.00,0.000,,N,N,N,N,N,N,N,N,N,N,N,N,N,N,N,N,N,N,N,N,N,N,N,N,N,N,N,N,N,N,N,N,N,N,N,N,N,N,N,N,N,N,N,N,N,N,N,N,N,N,N,N,N,N,N,N,N
mason-aw-mixed-berry-fruitbomb,10886,Mason AW Mixed Berry Fruitbomb,Lata/Botella,,N,,,,,,,153.25,,,,Y,Y,258.00,0.000,,N,N,N,N,N,N,N,N,N,N,N,N,N,N,N,N,N,N,N,N,N,N,N,N,N,N,N,N,N,N,N,N,N,N,N,N,N,N,N,N,N,N,N,N,N,N,N,N,N,N,N,N,N,N,N,N,N
mason-can't-resist-the-oats,10818,Mason Can't Resist the Oats,Lata/Botella,,N,,,,,,,135.00,,,,Y,Y,231.00,0.000,,N,N,N,N,N,N,N,N,N,N,N,N,N,N,N,N,N,N,N,N,N,N,N,N,N,N,N,N,N,N,N,N,N,N,N,N,N,N,N,N,N,N,N,N,N,N,N,N,N,N,N,N,N,N,N,N,N
mason-clint-hopwood,11079,Mason Clint Hopwood,Lata/Botella,,N,,,,,,,140.00,,,,Y,Y,238.00,0.000,,N,N,N,N,N,N,N,N,N,N,N,N,N,N,N,N,N,N,N,N,N,N,N,N,N,N,N,N,N,N,N,N,N,N,N,N,N,N,N,N,N,N,N,N,N,N,N,N,N,N,N,N,N,N,N,N,N
mason-discount-stuntman,11080,Mason Discount Stuntman,Lata/Botella,,N,,,,,,,140.00,,,,Y,Y,238.00,0.000,,N,N,N,N,N,N,N,N,N,N,N,N,N,N,N,N,N,N,N,N,N,N,N,N,N,N,N,N,N,N,N,N,N,N,N,N,N,N,N,N,N,N,N,N,N,N,N,N,N,N,N,N,N,N,N,N,N
mason-hard-luck,11081,Mason Hard Luck,Lata/Botella,,N,,,,,,,140.00,,,,Y,Y,238.00,0.000,,N,N,N,N,N,N,N,N,N,N,N,N,N,N,N,N,N,N,N,N,N,N,N,N,N,N,N,N,N,N,N,N,N,N,N,N,N,N,N,N,N,N,N,N,N,N,N,N,N,N,N,N,N,N,N,N,N
mason-west-coast-ipa,11063,Mason West Coast IPA,Lata/Botella,,N,,,,,,,115.43,,,,Y,Y,205.00,0.000,,N,N,N,N,N,N,N,N,N,N,N,N,N,N,N,N,N,N,N,N,N,N,N,N,N,N,N,N,N,N,N,N,N,N,N,N,N,N,N,N,N,N,N,N,N,N,N,N,N,N,N,N,N,N,N,N,N
mason-x-(10th-anniversary),11064,Mason X (10th Anniversary),Lata/Botella,,N,,,,,,,260.93,,,,Y,Y,421.00,0.000,,N,N,N,N,N,N,N,N,N,N,N,N,N,N,N,N,N,N,N,N,N,N,N,N,N,N,N,N,N,N,N,N,N,N,N,N,N,N,N,N,N,N,N,N,N,N,N,N,N,N,N,N,N,N,N,N,N
mason/charlie-cask-&-crown,10819,Mason/Charlie Cask & Crown,Lata/Botella,,N,,,,,,,266.00,,,,Y,Y,429.00,0.000,,N,N,N,N,N,N,N,N,N,N,N,N,N,N,N,N,N,N,N,N,N,N,N,N,N,N,N,N,N,N,N,N,N,N,N,N,N,N,N,N,N,N,N,N,N,N,N,N,N,N,N,N,N,N,N,N,N
maui-big-swell-2,10411,Maui Big Swell,Lata/Botella,,N,,,,,,,70.00,,,,Y,Y,135.00,0.000,,N,N,N,N,N,N,N,N,N,N,N,N,N,N,N,N,N,N,N,N,N,N,N,N,N,N,N,N,N,N,N,N,N,N,N,N,N,N,N,N,N,N,N,N,N,N,N,N,N,N,N,N,N,N,N,N,N
maui-omg,10983,Maui OMG,Lata/Botella,,N,,,,,,,71.00,,,,Y,Y,135.00,0.000,,N,N,N,N,N,N,N,N,N,N,N,N,N,N,N,N,N,N,N,N,N,N,N,N,N,N,N,N,N,N,N,N,N,N,N,N,N,N,N,N,N,N,N,N,N,N,N,N,N,N,N,N,N,N,N,N,N
max-kriek,10522,Max Kriek,Lata/Botella,,N,,,,,,,105.00,,,,Y,Y,190.00,3.000,,N,N,N,N,N,N,N,N,N,N,N,N,N,N,N,N,N,N,N,N,N,N,N,N,N,N,N,N,N,N,N,N,N,N,N,N,N,N,N,N,N,N,N,N,N,N,N,N,N,N,N,N,N,N,N,N,N
mc-ewan's-champion-export,11069,Mc Ewan's Champion Export,Lata/Botella,,N,,,,,,,81.00,,,,Y,Y,151.00,6.000,,N,N,N,N,N,N,N,N,N,N,N,N,N,N,N,N,N,N,N,N,N,N,N,N,N,N,N,N,N,N,N,N,N,N,N,N,N,N,N,N,N,N,N,N,N,N,N,N,N,N,N,N,N,N,N,N,N
mc-ewan’s-champion,10394,Mc Ewan’s Champion,Lata/Botella,,N,,,,,,,110.00,,,,Y,Y,198.00,0.000,,N,N,N,N,N,N,N,N,N,N,N,N,N,N,N,N,N,N,N,N,N,N,N,N,N,N,N,N,N,N,N,N,N,N,N,N,N,N,N,N,N,N,N,N,N,N,N,N,N,N,N,N,N,N,N,N,N
mikkeller---beer-geek-fudgesicle-lata-2,10245,Mikkeller - Beer Geek Fudgesicle Lata,Lata/Botella,,N,,,,,,,0.00,,,,Y,Y,370.00,0.000,,N,N,N,N,N,N,N,N,N,N,N,N,N,N,N,N,N,N,N,N,N,N,N,N,N,N,N,N,N,N,N,N,N,N,N,N,N,N,N,N,N,N,N,N,N,N,N,N,N,N,N,N,N,N,N,N,N
mikkeller---blanche-de-mikkeller-2,10054,Mikkeller - Blanche de Mikkeller,Lata/Botella,,N,,,,,,,0.00,,,,Y,Y,118.00,0.000,1000000.000,N,N,N,N,N,N,N,N,N,N,N,N,N,N,N,N,N,N,N,N,N,N,N,N,N,N,N,N,N,N,N,N,N,N,N,N,N,N,N,N,N,N,N,N,N,N,N,N,N,N,N,N,N,N,N,N,N
mikkeller---boon-gout-americain-2,10177,Mikkeller - Boon Gout Americain,Lata/Botella,,N,,,,,,,0.00,,,,Y,Y,278.00,0.000,,N,N,N,N,N,N,N,N,N,N,N,N,N,N,N,N,N,N,N,N,N,N,N,N,N,N,N,N,N,N,N,N,N,N,N,N,N,N,N,N,N,N,N,N,N,N,N,N,N,N,N,N,N,N,N,N,N
mikkeller---drink-in-the-sun-2,10243,Mikkeller - Drink in the Sun,Lata/Botella,,N,,,,,,,63.68,,,,Y,Y,121.00,0.000,,N,N,N,N,N,N,N,N,N,N,N,N,N,N,N,N,N,N,N,N,N,N,N,N,N,N,N,N,N,N,N,N,N,N,N,N,N,N,N,N,N,N,N,N,N,N,N,N,N,N,N,N,N,N,N,N,N
mikkeller---ich-bin-raspberry-1,10242,Mikkeller - Ich Bin Raspberry,Lata/Botella,,N,,,,,,,0.00,,,,Y,Y,121.00,0.000,,N,N,N,N,N,N,N,N,N,N,N,N,N,N,N,N,N,N,N,N,N,N,N,N,N,N,N,N,N,N,N,N,N,N,N,N,N,N,N,N,N,N,N,N,N,N,N,N,N,N,N,N,N,N,N,N,N
mikkeller---msd-traeblod-2021-lata-2,10246,Mikkeller - MSD Traeblod 2021 Lata,Lata/Botella,,N,,,,,,,0.00,,,,Y,Y,413.00,0.000,,N,N,N,N,N,N,N,N,N,N,N,N,N,N,N,N,N,N,N,N,N,N,N,N,N,N,N,N,N,N,N,N,N,N,N,N,N,N,N,N,N,N,N,N,N,N,N,N,N,N,N,N,N,N,N,N,N
mikkeller---nelson-sauvin-ba-chardonnay-20-2,10247,Mikkeller - Nelson Sauvin BA Chardonnay 20,Lata/Botella,,N,,,,,,,0.00,,,,Y,Y,522.00,0.000,,N,N,N,N,N,N,N,N,N,N,N,N,N,N,N,N,N,N,N,N,N,N,N,N,N,N,N,N,N,N,N,N,N,N,N,N,N,N,N,N,N,N,N,N,N,N,N,N,N,N,N,N,N,N,N,N,N
mikkeller---space-race-lata-2,10244,Mikkeller - Space Race Lata,Lata/Botella,,N,,,,,,,115.00,,,,Y,Y,205.00,0.000,,N,N,N,N,N,N,N,N,N,N,N,N,N,N,N,N,N,N,N,N,N,N,N,N,N,N,N,N,N,N,N,N,N,N,N,N,N,N,N,N,N,N,N,N,N,N,N,N,N,N,N,N,N,N,N,N,N
mikkeller-all-others-pale-ale-330-ml-lat-2,10162,Mikkeller All Others Pale Ale 330 ml lat,Lata/Botella,,N,,,,,,,0.00,,,,Y,Y,135.00,0.000,,N,N,N,N,N,N,N,N,N,N,N,N,N,N,N,N,N,N,N,N,N,N,N,N,N,N,N,N,N,N,N,N,N,N,N,N,N,N,N,N,N,N,N,N,N,N,N,N,N,N,N,N,N,N,N,N,N
mikkeller-burst-ipa-330-ml-2,10153,Mikkeller Burst IPA 330 ml,Lata/Botella,,N,,,,,,,63.68,,,,Y,Y,121.00,0.000,,N,N,N,N,N,N,N,N,N,N,N,N,N,N,N,N,N,N,N,N,N,N,N,N,N,N,N,N,N,N,N,N,N,N,N,N,N,N,N,N,N,N,N,N,N,N,N,N,N,N,N,N,N,N,N,N,N
mikkeller-golden-iris-hoppy-blond-330-ml-2,10161,Mikkeller Golden Iris Hoppy Blond 330 ml,Lata/Botella,,N,,,,,,,0.00,,,,Y,Y,135.00,0.000,,N,N,N,N,N,N,N,N,N,N,N,N,N,N,N,N,N,N,N,N,N,N,N,N,N,N,N,N,N,N,N,N,N,N,N,N,N,N,N,N,N,N,N,N,N,N,N,N,N,N,N,N,N,N,N,N,N
mikkeller-hop-shop-330-ml-2,10154,Mikkeller Hop Shop 330 ml,Lata/Botella,,N,,,,,,,0.00,,,,Y,Y,130.00,0.000,,N,N,N,N,N,N,N,N,N,N,N,N,N,N,N,N,N,N,N,N,N,N,N,N,N,N,N,N,N,N,N,N,N,N,N,N,N,N,N,N,N,N,N,N,N,N,N,N,N,N,N,N,N,N,N,N,N
mikkeller/3-sons----white-out-2,10248,Mikkeller/3 Sons  - White Out,Lata/Botella,,N,,,,,,,0.00,,,,Y,Y,1593.00,0.000,,N,N,N,N,N,N,N,N,N,N,N,N,N,N,N,N,N,N,N,N,N,N,N,N,N,N,N,N,N,N,N,N,N,N,N,N,N,N,N,N,N,N,N,N,N,N,N,N,N,N,N,N,N,N,N,N,N
miller---high-life-lata-2,10112,Miller - High Life Lata,Lata/Botella,,N,,,,,,,0.00,,,,Y,Y,65.00,0.000,1000000.000,N,N,N,N,N,N,N,N,N,N,N,N,N,N,N,N,N,N,N,N,N,N,N,N,N,N,N,N,N,N,N,N,N,N,N,N,N,N,N,N,N,N,N,N,N,N,N,N,N,N,N,N,N,N,N,N,N
miroslaw-arcyipa,10753,Miloslaw ArcyIPA,Lata/Botella,,N,,,,,,,71.99,,,,Y,Y,136.00,0.000,,N,N,N,N,N,N,N,N,N,N,N,N,N,N,N,N,N,N,N,N,N,N,N,N,N,N,N,N,N,N,N,N,N,N,N,N,N,N,N,N,N,N,N,N,N,N,N,N,N,N,N,N,N,N,N,N,N
miloslaw-bezalkoholowe-ipa,10754,Miloslaw Bezalkoholowe IPA,Lata/Botella,,N,,,,,,,58.99,,,,Y,Y,112.00,0.000,,N,N,N,N,N,N,N,N,N,N,N,N,N,N,N,N,N,N,N,N,N,N,N,N,N,N,N,N,N,N,N,N,N,N,N,N,N,N,N,N,N,N,N,N,N,N,N,N,N,N,N,N,N,N,N,N,N
miroslaw-sosnowe-apa,10752,Miloslaw Sosnowe APA,Lata/Botella,,N,,,,,,,71.99,,,,Y,Y,136.00,0.000,,N,N,N,N,N,N,N,N,N,N,N,N,N,N,N,N,N,N,N,N,N,N,N,N,N,N,N,N,N,N,N,N,N,N,N,N,N,N,N,N,N,N,N,N,N,N,N,N,N,N,N,N,N,N,N,N,N
minerva----stout-2,10038,Minerva  - Stout,Lata/Botella,,N,,,,,,,0.00,,,,Y,Y,75.00,0.000,0.000,N,N,N,N,N,N,N,N,N,N,N,N,N,N,N,N,N,N,N,N,N,N,N,N,N,N,N,N,N,N,N,N,N,N,N,N,N,N,N,N,N,N,N,N,N,N,N,N,N,N,N,N,N,N,N,N,N
minerva---la-veinte-aniversario-2,10299,Minerva - La Veinte Aniversario,Lata/Botella,,N,,,,,,,0.00,,,,Y,Y,162.00,0.000,,N,N,N,N,N,N,N,N,N,N,N,N,N,N,N,N,N,N,N,N,N,N,N,N,N,N,N,N,N,N,N,N,N,N,N,N,N,N,N,N,N,N,N,N,N,N,N,N,N,N,N,N,N,N,N,N,N
minerva---navideña-caja-roja,10305,Minerva - Navideña Caja Roja,Lata/Botella,,N,,,,,,,220.00,,,,Y,Y,360.00,0.000,,N,N,N,N,N,N,N,N,N,N,N,N,N,N,N,N,N,N,N,N,N,N,N,N,N,N,N,N,N,N,N,N,N,N,N,N,N,N,N,N,N,N,N,N,N,N,N,N,N,N,N,N,N,N,N,N,N
minerva---navideña-caja-verde,10306,Minerva - Navideña Caja Verde,Lata/Botella,,N,,,,,,,200.00,,,,Y,Y,341.00,0.000,,N,N,N,N,N,N,N,N,N,N,N,N,N,N,N,N,N,N,N,N,N,N,N,N,N,N,N,N,N,N,N,N,N,N,N,N,N,N,N,N,N,N,N,N,N,N,N,N,N,N,N,N,N,N,N,N,N
minerva---pánico-satánico-leyendas-legendarias,10282,Minerva - Pánico Satánico Leyendas Legendarias,Lata/Botella,,N,,,,,,,0.00,,,,Y,Y,101.00,0.000,,N,N,N,N,N,N,N,N,N,N,N,N,N,N,N,N,N,N,N,N,N,N,N,N,N,N,N,N,N,N,N,N,N,N,N,N,N,N,N,N,N,N,N,N,N,N,N,N,N,N,N,N,N,N,N,N,N
minerva-taller-spritz,10443,Minerva Taller Spritz,Lata/Botella,,N,,,,,,,84.00,,,,Y,Y,156.00,0.000,0.000,N,N,N,N,N,N,N,N,N,N,N,N,N,N,N,N,N,N,N,N,N,N,N,N,N,N,N,N,N,N,N,N,N,N,N,N,N,N,N,N,N,N,N,N,N,N,N,N,N,N,N,N,N,N,N,N,N
minerva-viena,10444,Minerva Viena,Lata/Botella,,N,,,,,,,0.00,,,,Y,Y,75.00,0.000,0.000,N,N,N,N,N,N,N,N,N,N,N,N,N,N,N,N,N,N,N,N,N,N,N,N,N,N,N,N,N,N,N,N,N,N,N,N,N,N,N,N,N,N,N,N,N,N,N,N,N,N,N,N,N,N,N,N,N
modelo-turin,10929,Modelo Turin,Lata/Botella,,N,,,,,,,0.00,,,,Y,Y,70.00,0.000,,N,N,N,N,N,N,N,N,N,N,N,N,N,N,N,N,N,N,N,N,N,N,N,N,N,N,N,N,N,N,N,N,N,N,N,N,N,N,N,N,N,N,N,N,N,N,N,N,N,N,N,N,N,N,N,N,N
modelo-turin-1,10003,Modelo Turin,Lata/Botella,,N,,,,,,,30.00,,,,Y,Y,70.00,0.000,,N,N,N,N,N,N,N,N,N,N,N,N,N,N,N,N,N,N,N,N,N,N,N,N,N,N,N,N,N,N,N,N,N,N,N,N,N,N,N,N,N,N,N,N,N,N,N,N,N,N,N,N,N,N,N,N,N
moldova-botella-2,10382,Moldova botella,Lata/Botella,,N,,,,,,,0.00,,,,Y,Y,95.00,0.000,,N,N,N,N,N,N,N,N,N,N,N,N,N,N,N,N,N,N,N,N,N,N,N,N,N,N,N,N,N,N,N,N,N,N,N,N,N,N,N,N,N,N,N,N,N,N,N,N,N,N,N,N,N,N,N,N,N
monchshof-bockbier,10972,Monchshof Bockbier,Lata/Botella,,N,,,,,,,77.00,,,,Y,Y,144.00,0.000,,N,N,N,N,N,N,N,N,N,N,N,N,N,N,N,N,N,N,N,N,N,N,N,N,N,N,N,N,N,N,N,N,N,N,N,N,N,N,N,N,N,N,N,N,N,N,N,N,N,N,N,N,N,N,N,N,N
monchshof-original,10826,Monchshof Original,Lata/Botella,,N,,,,,,,77.00,,,,Y,Y,144.00,3.000,,N,N,N,N,N,N,N,N,N,N,N,N,N,N,N,N,N,N,N,N,N,N,N,N,N,N,N,N,N,N,N,N,N,N,N,N,N,N,N,N,N,N,N,N,N,N,N,N,N,N,N,N,N,N,N,N,N
schwarzbier-monchshol,10738,Monchshof Schwarzbier,Lata/Botella,,N,,,,,,,77.00,,,,Y,Y,144.00,3.000,,N,N,N,N,N,N,N,N,N,N,N,N,N,N,N,N,N,N,N,N,N,N,N,N,N,N,N,N,N,N,N,N,N,N,N,N,N,N,N,N,N,N,N,N,N,N,N,N,N,N,N,N,N,N,N,N,N
monk's-stout-dupont-2,10362,Monk's Stout Dupont,Lata/Botella,,N,,,,,,,0.00,,,,Y,Y,150.00,0.000,0.000,N,N,N,N,N,N,N,N,N,N,N,N,N,N,N,N,N,N,N,N,N,N,N,N,N,N,N,N,N,N,N,N,N,N,N,N,N,N,N,N,N,N,N,N,N,N,N,N,N,N,N,N,N,N,N,N,N
monkey-waves-1.44-mb,11167,Monkey Waves 1.44 MB,Lata/Botella,,N,,,,,,,63.00,,,,Y,Y,120.00,2.000,,N,N,N,N,N,N,N,N,N,N,N,N,N,N,N,N,N,N,N,N,N,N,N,N,N,N,N,N,N,N,N,N,N,N,N,N,N,N,N,N,N,N,N,N,N,N,N,N,N,N,N,N,N,N,N,N,N
monkey-waves-ando-erizo-pa,10589,Monkey Waves Ando Erizo Pa,Lata/Botella,,N,,,,,,,73.00,,,,Y,Y,138.00,0.000,,N,N,N,N,N,N,N,N,N,N,N,N,N,N,N,N,N,N,N,N,N,N,N,N,N,N,N,N,N,N,N,N,N,N,N,N,N,N,N,N,N,N,N,N,N,N,N,N,N,N,N,N,N,N,N,N,N
monkey-waves-arremangalo-arrempujalo,10763,Monkey Waves Arremangalo Arrempujalo,Lata/Botella,,N,,,,,,,82.00,,,,Y,Y,153.00,0.000,,N,N,N,N,N,N,N,N,N,N,N,N,N,N,N,N,N,N,N,N,N,N,N,N,N,N,N,N,N,N,N,N,N,N,N,N,N,N,N,N,N,N,N,N,N,N,N,N,N,N,N,N,N,N,N,N,N
monkey-waves-babuino-sanchez,10946,Monkey Waves Babuino Sanchez,Lata/Botella,,N,,,,,,,81.00,,,,Y,Y,151.00,0.000,,N,N,N,N,N,N,N,N,N,N,N,N,N,N,N,N,N,N,N,N,N,N,N,N,N,N,N,N,N,N,N,N,N,N,N,N,N,N,N,N,N,N,N,N,N,N,N,N,N,N,N,N,N,N,N,N,N
monkey-waves-bien-exprimidote,10590,Monkey Waves Bien Exprimidote,Lata/Botella,,N,,,,,,,73.00,,,,Y,Y,138.00,0.000,,N,N,N,N,N,N,N,N,N,N,N,N,N,N,N,N,N,N,N,N,N,N,N,N,N,N,N,N,N,N,N,N,N,N,N,N,N,N,N,N,N,N,N,N,N,N,N,N,N,N,N,N,N,N,N,N,N
monkey-waves-bueywatch,10793,Monkey Waves Bueywatch,Lata/Botella,,N,,,,,,,83.00,,,,Y,Y,154.00,0.000,,N,N,N,N,N,N,N,N,N,N,N,N,N,N,N,N,N,N,N,N,N,N,N,N,N,N,N,N,N,N,N,N,N,N,N,N,N,N,N,N,N,N,N,N,N,N,N,N,N,N,N,N,N,N,N,N,N
monkey-waves-de-las-montañas,10619,Monkey Waves De las Montañas,Lata/Botella,,N,,,,,,,80.00,,,,Y,Y,149.00,0.000,,N,N,N,N,N,N,N,N,N,N,N,N,N,N,N,N,N,N,N,N,N,N,N,N,N,N,N,N,N,N,N,N,N,N,N,N,N,N,N,N,N,N,N,N,N,N,N,N,N,N,N,N,N,N,N,N,N
monkey-waves-don't-worry-be-kapi,10675,Monkey Waves Don't Worry be Kapi,Lata/Botella,,N,,,,,,,82.00,,,,Y,Y,153.00,0.000,,N,N,N,N,N,N,N,N,N,N,N,N,N,N,N,N,N,N,N,N,N,N,N,N,N,N,N,N,N,N,N,N,N,N,N,N,N,N,N,N,N,N,N,N,N,N,N,N,N,N,N,N,N,N,N,N,N
monkey-waves-el-fantasma-mador,10862,Monkey Waves El Fantasma Mador,Lata/Botella,,N,,,,,,,92.00,,,,Y,Y,169.00,0.000,,N,N,N,N,N,N,N,N,N,N,N,N,N,N,N,N,N,N,N,N,N,N,N,N,N,N,N,N,N,N,N,N,N,N,N,N,N,N,N,N,N,N,N,N,N,N,N,N,N,N,N,N,N,N,N,N,N
monkey-waves-el-mariachi-loco,10620,Monkey Waves El Mariachi-huahua,Lata/Botella,,N,,,,,,,60.00,,,,Y,Y,114.00,0.000,,N,N,N,N,N,N,N,N,N,N,N,N,N,N,N,N,N,N,N,N,N,N,N,N,N,N,N,N,N,N,N,N,N,N,N,N,N,N,N,N,N,N,N,N,N,N,N,N,N,N,N,N,N,N,N,N,N
monkey-waves-escote-de-plomero,10976,Monkey Waves Escote de Plomero,Lata/Botella,,N,,,,,,,81.00,,,,Y,Y,151.00,0.000,,N,N,N,N,N,N,N,N,N,N,N,N,N,N,N,N,N,N,N,N,N,N,N,N,N,N,N,N,N,N,N,N,N,N,N,N,N,N,N,N,N,N,N,N,N,N,N,N,N,N,N,N,N,N,N,N,N
monkey-waves-goatzilla,10764,Monkey Waves Goatzilla,Lata/Botella,,N,,,,,,,81.00,,,,Y,Y,151.00,0.000,,N,N,N,N,N,N,N,N,N,N,N,N,N,N,N,N,N,N,N,N,N,N,N,N,N,N,N,N,N,N,N,N,N,N,N,N,N,N,N,N,N,N,N,N,N,N,N,N,N,N,N,N,N,N,N,N,N
monkey-waves-gpi,10762,Monkey Waves GPI,Lata/Botella,,N,,,,,,,83.00,,,,Y,Y,154.00,0.000,,N,N,N,N,N,N,N,N,N,N,N,N,N,N,N,N,N,N,N,N,N,N,N,N,N,N,N,N,N,N,N,N,N,N,N,N,N,N,N,N,N,N,N,N,N,N,N,N,N,N,N,N,N,N,N,N,N
monkey-waves-homie-alone,10893,Monkey Waves Homie Alone,Lata/Botella,,N,,,,,,,83.00,,,,Y,Y,154.00,0.000,,N,N,N,N,N,N,N,N,N,N,N,N,N,N,N,N,N,N,N,N,N,N,N,N,N,N,N,N,N,N,N,N,N,N,N,N,N,N,N,N,N,N,N,N,N,N,N,N,N,N,N,N,N,N,N,N,N
monkey-waves-impreshionanti,11262,Monkey Waves Impreshionanti,Lata/Botella,,N,,,,,,,83.00,,,,Y,Y,154.00,4.000,,N,N,N,N,N,N,N,N,N,N,N,N,N,N,N,N,N,N,N,N,N,N,N,N,N,N,N,N,N,N,N,N,N,N,N,N,N,N,N,N,N,N,N,N,N,N,N,N,N,N,N,N,N,N,N,N,N
monkey-waves-la-posada-de-la-empresa,10894,Monkey Waves La Posada de la Empresa,Lata/Botella,,N,,,,,,,85.00,,,,Y,Y,157.00,0.000,,N,N,N,N,N,N,N,N,N,N,N,N,N,N,N,N,N,N,N,N,N,N,N,N,N,N,N,N,N,N,N,N,N,N,N,N,N,N,N,N,N,N,N,N,N,N,N,N,N,N,N,N,N,N,N,N,N
monkey-waves-1,11242,Monkey Waves La Rodilla,Lata/Botella,,N,,,,,,,83.00,,,,Y,Y,154.00,1.000,,N,N,N,N,N,N,N,N,N,N,N,N,N,N,N,N,N,N,N,N,N,N,N,N,N,N,N,N,N,N,N,N,N,N,N,N,N,N,N,N,N,N,N,N,N,N,N,N,N,N,N,N,N,N,N,N,N
monkey-waves-los-cachirules,11185,Monkey Waves Los Cachirules,Lata/Botella,,N,,,,,,,83.00,,,,Y,Y,154.00,0.000,,N,N,N,N,N,N,N,N,N,N,N,N,N,N,N,N,N,N,N,N,N,N,N,N,N,N,N,N,N,N,N,N,N,N,N,N,N,N,N,N,N,N,N,N,N,N,N,N,N,N,N,N,N,N,N,N,N
monkey-waves-mi-compa-el-chapulin,10681,Monkey Waves Mi Compa el Chapulin,Lata/Botella,,N,,,,,,,80.00,,,,Y,Y,149.00,0.000,,N,N,N,N,N,N,N,N,N,N,N,N,N,N,N,N,N,N,N,N,N,N,N,N,N,N,N,N,N,N,N,N,N,N,N,N,N,N,N,N,N,N,N,N,N,N,N,N,N,N,N,N,N,N,N,N,N
monkey-waves-mil-quinieeentos,10608,Monkey Waves Mil Quinieeentos,Lata/Botella,,N,,,,,,,85.00,,,,Y,Y,157.00,0.000,,N,N,N,N,N,N,N,N,N,N,N,N,N,N,N,N,N,N,N,N,N,N,N,N,N,N,N,N,N,N,N,N,N,N,N,N,N,N,N,N,N,N,N,N,N,N,N,N,N,N,N,N,N,N,N,N,N
monkey-waves-no-era-penal,11177,Monkey Waves No era penal,Lata/Botella,,N,,,,,,,83.00,,,,Y,Y,154.00,0.000,,N,N,N,N,N,N,N,N,N,N,N,N,N,N,N,N,N,N,N,N,N,N,N,N,N,N,N,N,N,N,N,N,N,N,N,N,N,N,N,N,N,N,N,N,N,N,N,N,N,N,N,N,N,N,N,N,N
monkey-waves-no-es-una-cuba,10794,Monkey Waves No es una Cuba,Lata/Botella,,N,,,,,,,83.00,,,,Y,Y,154.00,0.000,,N,N,N,N,N,N,N,N,N,N,N,N,N,N,N,N,N,N,N,N,N,N,N,N,N,N,N,N,N,N,N,N,N,N,N,N,N,N,N,N,N,N,N,N,N,N,N,N,N,N,N,N,N,N,N,N,N
monkey-waves-no-hay-novedad,10591,Monkey Waves No Hay Novedad,Lata/Botella,,N,,,,,,,73.00,,,,Y,Y,138.00,0.000,,N,N,N,N,N,N,N,N,N,N,N,N,N,N,N,N,N,N,N,N,N,N,N,N,N,N,N,N,N,N,N,N,N,N,N,N,N,N,N,N,N,N,N,N,N,N,N,N,N,N,N,N,N,N,N,N,N
monkey-waves-pregunta-que-prefieres,11168,Monkey Waves Pregunta que prefieres,Lata/Botella,,N,,,,,,,83.00,,,,Y,Y,154.00,0.000,,N,N,N,N,N,N,N,N,N,N,N,N,N,N,N,N,N,N,N,N,N,N,N,N,N,N,N,N,N,N,N,N,N,N,N,N,N,N,N,N,N,N,N,N,N,N,N,N,N,N,N,N,N,N,N,N,N
monkey-waves-pug-life,10661,Monkey Waves Pug Life,Lata/Botella,,N,,,,,,,81.00,,,,Y,Y,151.00,0.000,,N,N,N,N,N,N,N,N,N,N,N,N,N,N,N,N,N,N,N,N,N,N,N,N,N,N,N,N,N,N,N,N,N,N,N,N,N,N,N,N,N,N,N,N,N,N,N,N,N,N,N,N,N,N,N,N,N
monkey-waves-qué-prefieres?,11150,Monkey Waves Qué prefieres?,Lata/Botella,,N,,,,,,,83.00,,,,Y,Y,154.00,0.000,,N,N,N,N,N,N,N,N,N,N,N,N,N,N,N,N,N,N,N,N,N,N,N,N,N,N,N,N,N,N,N,N,N,N,N,N,N,N,N,N,N,N,N,N,N,N,N,N,N,N,N,N,N,N,N,N,N
monkey-waves-que-rica-esta-la-manzana,11113,Monkey Waves Que rica esta la manzana,Lata/Botella,,N,,,,,,,82.00,,,,Y,Y,153.00,0.000,,N,N,N,N,N,N,N,N,N,N,N,N,N,N,N,N,N,N,N,N,N,N,N,N,N,N,N,N,N,N,N,N,N,N,N,N,N,N,N,N,N,N,N,N,N,N,N,N,N,N,N,N,N,N,N,N,N
monkey-waves-seva-a-hacer-o-no-se-va-a-hacer,10795,Monkey Waves Seva a hacer o no se va a hacer,Lata/Botella,,N,,,,,,,83.00,,,,Y,Y,154.00,0.000,,N,N,N,N,N,N,N,N,N,N,N,N,N,N,N,N,N,N,N,N,N,N,N,N,N,N,N,N,N,N,N,N,N,N,N,N,N,N,N,N,N,N,N,N,N,N,N,N,N,N,N,N,N,N,N,N,N
monkey-waves-si-nos-organizamos...,10895,Monkey Waves Si nos organizamos...,Lata/Botella,,N,,,,,,,83.00,,,,Y,Y,154.00,0.000,,N,N,N,N,N,N,N,N,N,N,N,N,N,N,N,N,N,N,N,N,N,N,N,N,N,N,N,N,N,N,N,N,N,N,N,N,N,N,N,N,N,N,N,N,N,N,N,N,N,N,N,N,N,N,N,N,N
monkey-waves-solo-iba-por-tortillas,10700,Monkey Waves Solo iba por Tortillas,Lata/Botella,,N,,,,,,,81.00,,,,Y,Y,151.00,0.000,,N,N,N,N,N,N,N,N,N,N,N,N,N,N,N,N,N,N,N,N,N,N,N,N,N,N,N,N,N,N,N,N,N,N,N,N,N,N,N,N,N,N,N,N,N,N,N,N,N,N,N,N,N,N,N,N,N
monkey-waves-soplas,10699,Monkey Waves Soplas,Lata/Botella,,N,,,,,,,80.00,,,,Y,Y,149.00,0.000,,N,N,N,N,N,N,N,N,N,N,N,N,N,N,N,N,N,N,N,N,N,N,N,N,N,N,N,N,N,N,N,N,N,N,N,N,N,N,N,N,N,N,N,N,N,N,N,N,N,N,N,N,N,N,N,N,N
monkey-waves-tripie,10947,Monkey Waves Tripie,Lata/Botella,,N,,,,,,,105.00,,,,Y,Y,190.00,0.000,,N,N,N,N,N,N,N,N,N,N,N,N,N,N,N,N,N,N,N,N,N,N,N,N,N,N,N,N,N,N,N,N,N,N,N,N,N,N,N,N,N,N,N,N,N,N,N,N,N,N,N,N,N,N,N,N,N
monkey-waves-un-lobo-domesticado,11029,Monkey Waves Un Lobo Domesticado,Lata/Botella,,N,,,,,,,81.00,,,,Y,Y,151.00,0.000,,N,N,N,N,N,N,N,N,N,N,N,N,N,N,N,N,N,N,N,N,N,N,N,N,N,N,N,N,N,N,N,N,N,N,N,N,N,N,N,N,N,N,N,N,N,N,N,N,N,N,N,N,N,N,N,N,N
monkey-waves-va-de-vuelta,10783,Monkey Waves Va de Vuelta,Lata/Botella,,N,,,,,,,82.00,,,,Y,Y,153.00,0.000,,N,N,N,N,N,N,N,N,N,N,N,N,N,N,N,N,N,N,N,N,N,N,N,N,N,N,N,N,N,N,N,N,N,N,N,N,N,N,N,N,N,N,N,N,N,N,N,N,N,N,N,N,N,N,N,N,N
monkey-waves-vikingo,10709,Monkey Waves Vikingo,Lata/Botella,,N,,,,,,,80.00,,,,Y,Y,149.00,0.000,,N,N,N,N,N,N,N,N,N,N,N,N,N,N,N,N,N,N,N,N,N,N,N,N,N,N,N,N,N,N,N,N,N,N,N,N,N,N,N,N,N,N,N,N,N,N,N,N,N,N,N,N,N,N,N,N,N
monkey-waves-travesaño,11179,Monkey Waves-Travesaño,Lata/Botella,,N,,,,,,,83.00,,,,Y,Y,156.00,0.000,,N,N,N,N,N,N,N,N,N,N,N,N,N,N,N,N,N,N,N,N,N,N,N,N,N,N,N,N,N,N,N,N,N,N,N,N,N,N,N,N,N,N,N,N,N,N,N,N,N,N,N,N,N,N,N,N,N
monkey-waves/santa-sabina-this-is-not-your-daily-coffee,10863,Monkey Waves/Santa Sabina This is not your daily coffee,Lata/Botella,,N,,,,,,,68.00,,,,Y,Y,129.00,0.000,,N,N,N,N,N,N,N,N,N,N,N,N,N,N,N,N,N,N,N,N,N,N,N,N,N,N,N,N,N,N,N,N,N,N,N,N,N,N,N,N,N,N,N,N,N,N,N,N,N,N,N,N,N,N,N,N,N
monkey-wavesxmorenos-las-quesadillas-llevan-queso?,10697,Monkey WavesXMorenos las quesadillas llevan queso?,Lata/Botella,,N,,,,,,,0.00,,,,Y,Y,157.00,0.000,,N,N,N,N,N,N,N,N,N,N,N,N,N,N,N,N,N,N,N,N,N,N,N,N,N,N,N,N,N,N,N,N,N,N,N,N,N,N,N,N,N,N,N,N,N,N,N,N,N,N,N,N,N,N,N,N,N
mont-des-cats-330-ml-botella-2,10176,Mont des Cats 330 ml botella,Lata/Botella,,N,,,,,,,0.00,,,,Y,Y,193.00,0.000,,N,N,N,N,N,N,N,N,N,N,N,N,N,N,N,N,N,N,N,N,N,N,N,N,N,N,N,N,N,N,N,N,N,N,N,N,N,N,N,N,N,N,N,N,N,N,N,N,N,N,N,N,N,N,N,N,N
morenos-craft-galaxy-navidad-2,10343,Morenos Craft Galaxy Navidad,Lata/Botella,,N,,,,,,,87.00,,,,Y,Y,161.00,0.000,0.000,N,N,N,N,N,N,N,N,N,N,N,N,N,N,N,N,N,N,N,N,N,N,N,N,N,N,N,N,N,N,N,N,N,N,N,N,N,N,N,N,N,N,N,N,N,N,N,N,N,N,N,N,N,N,N,N,N
morenos-hazy-lab,10588,Morenos Hazy Lab,Lata/Botella,,N,,,,,,,89.00,,,,Y,Y,164.00,0.000,,N,N,N,N,N,N,N,N,N,N,N,N,N,N,N,N,N,N,N,N,N,N,N,N,N,N,N,N,N,N,N,N,N,N,N,N,N,N,N,N,N,N,N,N,N,N,N,N,N,N,N,N,N,N,N,N,N
morrigan,10526,Morrigan,Lata/Botella,,N,,,,,,,70.00,,,,Y,Y,133.00,0.000,,N,N,N,N,N,N,N,N,N,N,N,N,N,N,N,N,N,N,N,N,N,N,N,N,N,N,N,N,N,N,N,N,N,N,N,N,N,N,N,N,N,N,N,N,N,N,N,N,N,N,N,N,N,N,N,N,N
mort-subite-gueuze,11216,Mort Subite Gueuze,Lata/Botella,,N,,,,,,,77.60,,,,Y,Y,145.00,3.000,,N,N,N,N,N,N,N,N,N,N,N,N,N,N,N,N,N,N,N,N,N,N,N,N,N,N,N,N,N,N,N,N,N,N,N,N,N,N,N,N,N,N,N,N,N,N,N,N,N,N,N,N,N,N,N,N,N
mort-subite-kriek,11217,Mort Subite Kriek,Lata/Botella,,N,,,,,,,80.51,,,,Y,Y,150.00,6.000,,N,N,N,N,N,N,N,N,N,N,N,N,N,N,N,N,N,N,N,N,N,N,N,N,N,N,N,N,N,N,N,N,N,N,N,N,N,N,N,N,N,N,N,N,N,N,N,N,N,N,N,N,N,N,N,N,N
mort-subite-oude-gueuze,11218,Mort Subite Oude Gueuze,Lata/Botella,,N,,,,,,,125.12,,,,Y,Y,218.00,7.000,,N,N,N,N,N,N,N,N,N,N,N,N,N,N,N,N,N,N,N,N,N,N,N,N,N,N,N,N,N,N,N,N,N,N,N,N,N,N,N,N,N,N,N,N,N,N,N,N,N,N,N,N,N,N,N,N,N
murkeley-pure-project,10735,Murkeley Pure Project,Lata/Botella,,N,,,,,,,0.00,,,,Y,Y,278.00,0.000,,N,N,N,N,N,N,N,N,N,N,N,N,N,N,N,N,N,N,N,N,N,N,N,N,N,N,N,N,N,N,N,N,N,N,N,N,N,N,N,N,N,N,N,N,N,N,N,N,N,N,N,N,N,N,N,N,N
nomada-arigato,10553,Nomada Arigato,Lata/Botella,,N,,,,,,,33.00,,,,Y,Y,78.00,0.000,,N,N,N,N,N,N,N,N,N,N,N,N,N,N,N,N,N,N,N,N,N,N,N,N,N,N,N,N,N,N,N,N,N,N,N,N,N,N,N,N,N,N,N,N,N,N,N,N,N,N,N,N,N,N,N,N,N
nómada-artudipa,10532,Nómada Artudipa,Lata/Botella,,N,,,,,,,76.00,,,,Y,Y,148.00,0.000,0.000,N,N,N,N,N,N,N,N,N,N,N,N,N,N,N,N,N,N,N,N,N,N,N,N,N,N,N,N,N,N,N,N,N,N,N,N,N,N,N,N,N,N,N,N,N,N,N,N,N,N,N,N,N,N,N,N,N
nómada-better-call-sour,10663,Nómada better call sour,Lata/Botella,,N,,,,,,,69.00,,,,Y,Y,131.00,0.000,,N,N,N,N,N,N,N,N,N,N,N,N,N,N,N,N,N,N,N,N,N,N,N,N,N,N,N,N,N,N,N,N,N,N,N,N,N,N,N,N,N,N,N,N,N,N,N,N,N,N,N,N,N,N,N,N,N
nomada-bien-fria,10550,Nomada Bien Fria,Lata/Botella,,N,,,,,,,33.00,,,,Y,Y,78.00,0.000,,N,N,N,N,N,N,N,N,N,N,N,N,N,N,N,N,N,N,N,N,N,N,N,N,N,N,N,N,N,N,N,N,N,N,N,N,N,N,N,N,N,N,N,N,N,N,N,N,N,N,N,N,N,N,N,N,N
nomada-chelanga,10551,Nomada Chelanga,Lata/Botella,,N,,,,,,,33.00,,,,Y,Y,78.00,0.000,,N,N,N,N,N,N,N,N,N,N,N,N,N,N,N,N,N,N,N,N,N,N,N,N,N,N,N,N,N,N,N,N,N,N,N,N,N,N,N,N,N,N,N,N,N,N,N,N,N,N,N,N,N,N,N,N,N
nomada-dank-maul,11131,Nomada Dank Maul,Lata/Botella,,N,,,,,,,76.00,,,,Y,Y,143.00,0.000,,N,N,N,N,N,N,N,N,N,N,N,N,N,N,N,N,N,N,N,N,N,N,N,N,N,N,N,N,N,N,N,N,N,N,N,N,N,N,N,N,N,N,N,N,N,N,N,N,N,N,N,N,N,N,N,N,N
nomada-debi-pedir-mas-chela,10809,Nomada Debi Pedir mas chela,Lata/Botella,,N,,,,,,,69.00,,,,Y,Y,131.00,0.000,,N,N,N,N,N,N,N,N,N,N,N,N,N,N,N,N,N,N,N,N,N,N,N,N,N,N,N,N,N,N,N,N,N,N,N,N,N,N,N,N,N,N,N,N,N,N,N,N,N,N,N,N,N,N,N,N,N
nómada-mandilorian,10533,Nómada El Mandilorian,Lata/Botella,,N,,,,,,,76.00,,,,Y,Y,143.00,0.000,0.000,N,N,N,N,N,N,N,N,N,N,N,N,N,N,N,N,N,N,N,N,N,N,N,N,N,N,N,N,N,N,N,N,N,N,N,N,N,N,N,N,N,N,N,N,N,N,N,N,N,N,N,N,N,N,N,N,N
nomada-fantastic-fog,10660,Nomada Fantastic Fog,Lata/Botella,,N,,,,,,,69.00,,,,Y,Y,131.00,0.000,,N,N,N,N,N,N,N,N,N,N,N,N,N,N,N,N,N,N,N,N,N,N,N,N,N,N,N,N,N,N,N,N,N,N,N,N,N,N,N,N,N,N,N,N,N,N,N,N,N,N,N,N,N,N,N,N,N
nomada-knyeast,11086,Nomada Knyeast,Lata/Botella,,N,,,,,,,93.00,,,,Y,Y,170.00,0.000,,N,N,N,N,N,N,N,N,N,N,N,N,N,N,N,N,N,N,N,N,N,N,N,N,N,N,N,N,N,N,N,N,N,N,N,N,N,N,N,N,N,N,N,N,N,N,N,N,N,N,N,N,N,N,N,N,N
nomada-mano-de-dios,11188,Nomada Mano de Dios,Lata/Botella,,N,,,,,,,76.00,,,,Y,Y,143.00,0.000,,N,N,N,N,N,N,N,N,N,N,N,N,N,N,N,N,N,N,N,N,N,N,N,N,N,N,N,N,N,N,N,N,N,N,N,N,N,N,N,N,N,N,N,N,N,N,N,N,N,N,N,N,N,N,N,N,N
nómada-my-craft,10538,Nómada My Craft,Lata/Botella,,N,,,,,,,69.00,,,,Y,Y,131.00,0.000,0.000,N,N,N,N,N,N,N,N,N,N,N,N,N,N,N,N,N,N,N,N,N,N,N,N,N,N,N,N,N,N,N,N,N,N,N,N,N,N,N,N,N,N,N,N,N,N,N,N,N,N,N,N,N,N,N,N,N
nomada-no-le-gustas-tanto,11087,Nomada No le gustas tanto,Lata/Botella,,N,,,,,,,69.00,,,,Y,Y,131.00,0.000,,N,N,N,N,N,N,N,N,N,N,N,N,N,N,N,N,N,N,N,N,N,N,N,N,N,N,N,N,N,N,N,N,N,N,N,N,N,N,N,N,N,N,N,N,N,N,N,N,N,N,N,N,N,N,N,N,N
nomada-porterazo,10552,Nomada Porterazo,Lata/Botella,,N,,,,,,,33.00,,,,Y,Y,78.00,0.000,,N,N,N,N,N,N,N,N,N,N,N,N,N,N,N,N,N,N,N,N,N,N,N,N,N,N,N,N,N,N,N,N,N,N,N,N,N,N,N,N,N,N,N,N,N,N,N,N,N,N,N,N,N,N,N,N,N
nomada-rick-and-murky,10808,Nomada Rick and Murky,Lata/Botella,,N,,,,,,,89.00,,,,Y,Y,164.00,0.000,,N,N,N,N,N,N,N,N,N,N,N,N,N,N,N,N,N,N,N,N,N,N,N,N,N,N,N,N,N,N,N,N,N,N,N,N,N,N,N,N,N,N,N,N,N,N,N,N,N,N,N,N,N,N,N,N,N
nomada-scar-haze,10945,Nomada Scar Haze,Lata/Botella,,N,,,,,,,82.00,,,,Y,Y,153.00,0.000,,N,N,N,N,N,N,N,N,N,N,N,N,N,N,N,N,N,N,N,N,N,N,N,N,N,N,N,N,N,N,N,N,N,N,N,N,N,N,N,N,N,N,N,N,N,N,N,N,N,N,N,N,N,N,N,N,N
nómada-sombari-haze-me,10659,Nómada Sombari Haze Me,Lata/Botella,,N,,,,,,,69.00,,,,Y,Y,131.00,0.000,,N,N,N,N,N,N,N,N,N,N,N,N,N,N,N,N,N,N,N,N,N,N,N,N,N,N,N,N,N,N,N,N,N,N,N,N,N,N,N,N,N,N,N,N,N,N,N,N,N,N,N,N,N,N,N,N,N
nomada-supernova,10875,Nomada Supernova,Lata/Botella,,N,,,,,,,56.00,,,,Y,Y,106.00,0.000,,N,N,N,N,N,N,N,N,N,N,N,N,N,N,N,N,N,N,N,N,N,N,N,N,N,N,N,N,N,N,N,N,N,N,N,N,N,N,N,N,N,N,N,N,N,N,N,N,N,N,N,N,N,N,N,N,N
nómada-the-dank-side,10602,Nómada The Dank Side,Lata/Botella,,N,,,,,,,69.00,,,,Y,Y,131.00,0.000,,N,N,N,N,N,N,N,N,N,N,N,N,N,N,N,N,N,N,N,N,N,N,N,N,N,N,N,N,N,N,N,N,N,N,N,N,N,N,N,N,N,N,N,N,N,N,N,N,N,N,N,N,N,N,N,N,N
nomada-kanyeast,11088,Nomada-Kanyeast,Lata/Botella,,N,,,,,,,0.00,,,,Y,Y,167.00,0.000,,N,N,N,N,N,N,N,N,N,N,N,N,N,N,N,N,N,N,N,N,N,N,N,N,N,N,N,N,N,N,N,N,N,N,N,N,N,N,N,N,N,N,N,N,N,N,N,N,N,N,N,N,N,N,N,N,N
north-coast---old-rasputin-botella-russian-imperial-stout-2,10137,North Coast - Old Rasputin Botella Russian Imperial Stout,Lata/Botella,,N,,,,,,,87.00,,,,Y,Y,175.00,3.000,1000000.000,N,N,N,N,N,N,N,N,N,N,N,N,N,N,N,N,N,N,N,N,N,N,N,N,N,N,N,N,N,N,N,N,N,N,N,N,N,N,N,N,N,N,N,N,N,N,N,N,N,N,N,N,N,N,N,N,N
north-coast-berliner-passion-fruit-peach,10447,North Coast Berliner Passion Fruit Peach,Lata/Botella,,N,,,,,,,75.00,,,,Y,Y,150.00,0.000,0.000,N,N,N,N,N,N,N,N,N,N,N,N,N,N,N,N,N,N,N,N,N,N,N,N,N,N,N,N,N,N,N,N,N,N,N,N,N,N,N,N,N,N,N,N,N,N,N,N,N,N,N,N,N,N,N,N,N
north-coast-berliner-weisse-tart-cherry,11107,North Coast Berliner Weisse Tart Cherry,Lata/Botella,,N,,,,,,,75.00,,,,Y,Y,150.00,0.000,,N,N,N,N,N,N,N,N,N,N,N,N,N,N,N,N,N,N,N,N,N,N,N,N,N,N,N,N,N,N,N,N,N,N,N,N,N,N,N,N,N,N,N,N,N,N,N,N,N,N,N,N,N,N,N,N,N
north-coast-brother-thelonius,10450,North Coast Brother Thelonius,Lata/Botella,,N,,,,,,,93.00,,,,Y,Y,186.00,0.000,0.000,N,N,N,N,N,N,N,N,N,N,N,N,N,N,N,N,N,N,N,N,N,N,N,N,N,N,N,N,N,N,N,N,N,N,N,N,N,N,N,N,N,N,N,N,N,N,N,N,N,N,N,N,N,N,N,N,N
north-coast-foggy-day,10449,North Coast Foggy Day,Lata/Botella,,N,,,,,,,70.00,,,,Y,Y,140.00,0.000,0.000,N,N,N,N,N,N,N,N,N,N,N,N,N,N,N,N,N,N,N,N,N,N,N,N,N,N,N,N,N,N,N,N,N,N,N,N,N,N,N,N,N,N,N,N,N,N,N,N,N,N,N,N,N,N,N,N,N
north-coast-le-merle-saison,10448,North Coast Le Merle Saison,Lata/Botella,,N,,,,,,,80.00,,,,Y,Y,160.00,0.000,0.000,N,N,N,N,N,N,N,N,N,N,N,N,N,N,N,N,N,N,N,N,N,N,N,N,N,N,N,N,N,N,N,N,N,N,N,N,N,N,N,N,N,N,N,N,N,N,N,N,N,N,N,N,N,N,N,N,N
north-coast-old-stock-2024,10451,North Coast Old Stock 2024,Lata/Botella,,N,,,,,,,98.00,,,,Y,Y,196.00,3.000,0.000,N,N,N,N,N,N,N,N,N,N,N,N,N,N,N,N,N,N,N,N,N,N,N,N,N,N,N,N,N,N,N,N,N,N,N,N,N,N,N,N,N,N,N,N,N,N,N,N,N,N,N,N,N,N,N,N,N
north-coast-old-stock-barrica,10453,North Coast Old Stock Barrica,Lata/Botella,,N,,,,,,,198.00,,,,Y,Y,396.00,0.000,0.000,N,N,N,N,N,N,N,N,N,N,N,N,N,N,N,N,N,N,N,N,N,N,N,N,N,N,N,N,N,N,N,N,N,N,N,N,N,N,N,N,N,N,N,N,N,N,N,N,N,N,N,N,N,N,N,N,N
north-coast-pranqster,10446,North Coast Pranqster,Lata/Botella,,N,,,,,,,80.00,,,,Y,Y,160.00,2.000,0.000,N,N,N,N,N,N,N,N,N,N,N,N,N,N,N,N,N,N,N,N,N,N,N,N,N,N,N,N,N,N,N,N,N,N,N,N,N,N,N,N,N,N,N,N,N,N,N,N,N,N,N,N,N,N,N,N,N
north-coast-red-seal-ale,10452,North Coast Red Seal Ale,Lata/Botella,,N,,,,,,,70.00,,,,Y,Y,140.00,0.000,0.000,N,N,N,N,N,N,N,N,N,N,N,N,N,N,N,N,N,N,N,N,N,N,N,N,N,N,N,N,N,N,N,N,N,N,N,N,N,N,N,N,N,N,N,N,N,N,N,N,N,N,N,N,N,N,N,N,N
nuevo-imperio-fahrenheit,11082,Nuevo Imperio Fahrenheit,Lata/Botella,,N,,,,,,,88.00,,,,Y,Y,162.00,0.000,,N,N,N,N,N,N,N,N,N,N,N,N,N,N,N,N,N,N,N,N,N,N,N,N,N,N,N,N,N,N,N,N,N,N,N,N,N,N,N,N,N,N,N,N,N,N,N,N,N,N,N,N,N,N,N,N,N
fruit-pasteur-nuevo-imperio,10593,Nuevo Imperio Fruit pasteur Tajin,Lata/Botella,,N,,,,,,,88.00,,,,Y,Y,162.00,2.000,,N,N,N,N,N,N,N,N,N,N,N,N,N,N,N,N,N,N,N,N,N,N,N,N,N,N,N,N,N,N,N,N,N,N,N,N,N,N,N,N,N,N,N,N,N,N,N,N,N,N,N,N,N,N,N,N,N
nuevo-imperio-fuit-pasteur-mezcal-jamaica,11191,Nuevo Imperio Fuit Pasteur Mezcal Jamaica,Lata/Botella,,N,,,,,,,90.00,,,,Y,Y,166.00,0.000,,N,N,N,N,N,N,N,N,N,N,N,N,N,N,N,N,N,N,N,N,N,N,N,N,N,N,N,N,N,N,N,N,N,N,N,N,N,N,N,N,N,N,N,N,N,N,N,N,N,N,N,N,N,N,N,N,N
nuevo-imperio-picafresa,11190,Nuevo Imperio Fuit Pasteur Picafresa,Lata/Botella,,N,,,,,,,90.00,,,,Y,Y,166.00,2.000,,N,N,N,N,N,N,N,N,N,N,N,N,N,N,N,N,N,N,N,N,N,N,N,N,N,N,N,N,N,N,N,N,N,N,N,N,N,N,N,N,N,N,N,N,N,N,N,N,N,N,N,N,N,N,N,N,N
nuevo-imperio-imperial-pastry-stout,10601,Nuevo Imperio Imperial Pastry Stout,Lata/Botella,,N,,,,,,,90.00,,,,Y,Y,166.00,5.000,,N,N,N,N,N,N,N,N,N,N,N,N,N,N,N,N,N,N,N,N,N,N,N,N,N,N,N,N,N,N,N,N,N,N,N,N,N,N,N,N,N,N,N,N,N,N,N,N,N,N,N,N,N,N,N,N,N
nuevo-imperio-loly-pop-sour,10844,Nuevo Imperio Loly Pop Sour,Lata/Botella,,N,,,,,,,90.00,,,,Y,Y,166.00,3.000,,N,N,N,N,N,N,N,N,N,N,N,N,N,N,N,N,N,N,N,N,N,N,N,N,N,N,N,N,N,N,N,N,N,N,N,N,N,N,N,N,N,N,N,N,N,N,N,N,N,N,N,N,N,N,N,N,N
nuevo-imperio-moloko,10958,Nuevo Imperio Moloko,Lata/Botella,,N,,,,,,,105.00,,,,Y,Y,190.00,2.000,,N,N,N,N,N,N,N,N,N,N,N,N,N,N,N,N,N,N,N,N,N,N,N,N,N,N,N,N,N,N,N,N,N,N,N,N,N,N,N,N,N,N,N,N,N,N,N,N,N,N,N,N,N,N,N,N,N
nuevo-imperio-whisky-porter-cookies,10605,Nuevo Imperio Whisky Porter Cookies,Lata/Botella,,N,,,,,,,90.00,,,,Y,Y,166.00,1.000,,N,N,N,N,N,N,N,N,N,N,N,N,N,N,N,N,N,N,N,N,N,N,N,N,N,N,N,N,N,N,N,N,N,N,N,N,N,N,N,N,N,N,N,N,N,N,N,N,N,N,N,N,N,N,N,N,N
númber-rotbeer,10474,Númber-rotbeer,Lata/Botella,,N,,,,,,,0.00,,,,Y,Y,166.00,0.000,0.000,N,N,N,N,N,N,N,N,N,N,N,N,N,N,N,N,N,N,N,N,N,N,N,N,N,N,N,N,N,N,N,N,N,N,N,N,N,N,N,N,N,N,N,N,N,N,N,N,N,N,N,N,N,N,N,N,N
oatsees-hercules,10736,Oatsees Hercules,Lata/Botella,,N,,,,,,,0.00,,,,Y,Y,139.00,0.000,,N,N,N,N,N,N,N,N,N,N,N,N,N,N,N,N,N,N,N,N,N,N,N,N,N,N,N,N,N,N,N,N,N,N,N,N,N,N,N,N,N,N,N,N,N,N,N,N,N,N,N,N,N,N,N,N,N
obni-fusion,11092,Obni Fusion,Lata/Botella,,N,,,,,,,65.00,,,,Y,Y,124.00,0.000,,N,N,N,N,N,N,N,N,N,N,N,N,N,N,N,N,N,N,N,N,N,N,N,N,N,N,N,N,N,N,N,N,N,N,N,N,N,N,N,N,N,N,N,N,N,N,N,N,N,N,N,N,N,N,N,N,N
obni-negras,11093,Obni Negras,Lata/Botella,,N,,,,,,,65.00,,,,Y,Y,124.00,0.000,,N,N,N,N,N,N,N,N,N,N,N,N,N,N,N,N,N,N,N,N,N,N,N,N,N,N,N,N,N,N,N,N,N,N,N,N,N,N,N,N,N,N,N,N,N,N,N,N,N,N,N,N,N,N,N,N,N
obni-palacio-de-bambu,10068,Obni palacio de bambu,Lata/Botella,,N,,,,,,,0.00,,,,Y,Y,117.00,0.000,0.000,N,N,N,N,N,N,N,N,N,N,N,N,N,N,N,N,N,N,N,N,N,N,N,N,N,N,N,N,N,N,N,N,N,N,N,N,N,N,N,N,N,N,N,N,N,N,N,N,N,N,N,N,N,N,N,N,N
offshoot-escape,11205,Offshoot Escape,Lata/Botella,,N,,,,,,,115.00,,,,Y,Y,205.00,0.000,,N,N,N,N,N,N,N,N,N,N,N,N,N,N,N,N,N,N,N,N,N,N,N,N,N,N,N,N,N,N,N,N,N,N,N,N,N,N,N,N,N,N,N,N,N,N,N,N,N,N,N,N,N,N,N,N,N
offshoot-relax,11206,Offshoot Relax,Lata/Botella,,N,,,,,,,115.00,,,,Y,Y,205.00,0.000,,N,N,N,N,N,N,N,N,N,N,N,N,N,N,N,N,N,N,N,N,N,N,N,N,N,N,N,N,N,N,N,N,N,N,N,N,N,N,N,N,N,N,N,N,N,N,N,N,N,N,N,N,N,N,N,N,N
offshoot-relax-mango,11207,Offshoot Relax Mango,Lata/Botella,,N,,,,,,,115.00,,,,Y,Y,205.00,0.000,,N,N,N,N,N,N,N,N,N,N,N,N,N,N,N,N,N,N,N,N,N,N,N,N,N,N,N,N,N,N,N,N,N,N,N,N,N,N,N,N,N,N,N,N,N,N,N,N,N,N,N,N,N,N,N,N,N
ojo-sucio---santa-sabina,10723,Ojo Sucio - Santa Sabina,Lata/Botella,,N,,,,,,,0.00,,,,Y,Y,140.00,0.000,,N,N,N,N,N,N,N,N,N,N,N,N,N,N,N,N,N,N,N,N,N,N,N,N,N,N,N,N,N,N,N,N,N,N,N,N,N,N,N,N,N,N,N,N,N,N,N,N,N,N,N,N,N,N,N,N,N
old-milwaukee---sin-alcohol-2,10312,Old Milwaukee - Sin Alcohol,Lata/Botella,,N,,,,,,,0.00,,,,Y,Y,69.00,8.000,,N,N,N,N,N,N,N,N,N,N,N,N,N,N,N,N,N,N,N,N,N,N,N,N,N,N,N,N,N,N,N,N,N,N,N,N,N,N,N,N,N,N,N,N,N,N,N,N,N,N,N,N,N,N,N,N,N
old-raputin-xxxviii,11156,Old Raputin XXXVIII,Lata/Botella,,N,,,,,,,247.34,,,,Y,Y,401.00,0.000,,N,N,N,N,N,N,N,N,N,N,N,N,N,N,N,N,N,N,N,N,N,N,N,N,N,N,N,N,N,N,N,N,N,N,N,N,N,N,N,N,N,N,N,N,N,N,N,N,N,N,N,N,N,N,N,N,N
old-rasputin-lata-473ml,11157,Old Rasputin Lata 473ml,Lata/Botella,,N,,,,,,,106.70,,,,Y,Y,193.00,0.000,,N,N,N,N,N,N,N,N,N,N,N,N,N,N,N,N,N,N,N,N,N,N,N,N,N,N,N,N,N,N,N,N,N,N,N,N,N,N,N,N,N,N,N,N,N,N,N,N,N,N,N,N,N,N,N,N,N
omer,11020,Omer,Lata/Botella,,N,,,,,,,96.02,,,,Y,Y,175.00,3.000,,N,N,N,N,N,N,N,N,N,N,N,N,N,N,N,N,N,N,N,N,N,N,N,N,N,N,N,N,N,N,N,N,N,N,N,N,N,N,N,N,N,N,N,N,N,N,N,N,N,N,N,N,N,N,N,N,N
omnipollo,10724,Omnipollo,Lata/Botella,,N,,,,,,,0.00,,,,Y,Y,648.00,0.000,,N,N,N,N,N,N,N,N,N,N,N,N,N,N,N,N,N,N,N,N,N,N,N,N,N,N,N,N,N,N,N,N,N,N,N,N,N,N,N,N,N,N,N,N,N,N,N,N,N,N,N,N,N,N,N,N,N
omnipollo---noa-pecan-mud-cake-2,10092,Omnipollo - Noa Pecan Mud Cake,Lata/Botella,,N,,,,,,,199.00,,,,Y,Y,328.00,3.000,1000000.000,N,N,N,N,N,N,N,N,N,N,N,N,N,N,N,N,N,N,N,N,N,N,N,N,N,N,N,N,N,N,N,N,N,N,N,N,N,N,N,N,N,N,N,N,N,N,N,N,N,N,N,N,N,N,N,N,N
omnipollo-0.0-noa-pecan-mud-cake,10833,Omnipollo 0.0 Noa Pecan Mud Cake,Lata/Botella,,N,,,,,,,127.00,,,,Y,Y,221.00,0.000,,N,N,N,N,N,N,N,N,N,N,N,N,N,N,N,N,N,N,N,N,N,N,N,N,N,N,N,N,N,N,N,N,N,N,N,N,N,N,N,N,N,N,N,N,N,N,N,N,N,N,N,N,N,N,N,N,N
omnipollo-ba-maple-truffle-ice-cream-waffle-colaboration-buxton,10773,Omnipollo BA Maple Truffle Ice Cream Waffle Colaboration Buxton,Lata/Botella,<p>Omnipollo Barrel Aged Original Maple Truffle Ice Cream Waffle Colaboration Buxton</p>,N,,,,,,,470.00,,,,Y,Y,710.00,0.000,,N,N,N,N,N,N,N,N,N,N,N,N,N,N,N,N,N,N,N,N,N,N,N,N,N,N,N,N,N,N,N,N,N,N,N,N,N,N,N,N,N,N,N,N,N,N,N,N,N,N,N,N,N,N,N,N,N
omnipollo-noa-decade-of-pastry,10511,Omnipollo Noa Decade of Pastry,Lata/Botella,,N,,,,,,,465.00,,,,Y,Y,703.00,0.000,0.000,N,N,N,N,N,N,N,N,N,N,N,N,N,N,N,N,N,N,N,N,N,N,N,N,N,N,N,N,N,N,N,N,N,N,N,N,N,N,N,N,N,N,N,N,N,N,N,N,N,N,N,N,N,N,N,N,N
omnipollo-noa-pecan-mudcake-basil-hayden-barrel-aged,10805,Omnipollo Noa Pecan Mudcake Basil Hayden Barrel Aged,Lata/Botella,,N,,,,,,,470.00,,,,Y,Y,710.00,0.000,,N,N,N,N,N,N,N,N,N,N,N,N,N,N,N,N,N,N,N,N,N,N,N,N,N,N,N,N,N,N,N,N,N,N,N,N,N,N,N,N,N,N,N,N,N,N,N,N,N,N,N,N,N,N,N,N,N
omnipollo/angry-chair-safari,10923,Omnipollo/Angry Chair Safari,Lata/Botella,,N,,,,,,,470.00,,,,Y,Y,710.00,1.000,,N,N,N,N,N,N,N,N,N,N,N,N,N,N,N,N,N,N,N,N,N,N,N,N,N,N,N,N,N,N,N,N,N,N,N,N,N,N,N,N,N,N,N,N,N,N,N,N,N,N,N,N,N,N,N,N,N
omnipollo/bottle-logic-fundamental-cake,10921,Omnipollo/Bottle Logic Fundamental Cake,Lata/Botella,,N,,,,,,,470.00,,,,Y,Y,710.00,1.000,,N,N,N,N,N,N,N,N,N,N,N,N,N,N,N,N,N,N,N,N,N,N,N,N,N,N,N,N,N,N,N,N,N,N,N,N,N,N,N,N,N,N,N,N,N,N,N,N,N,N,N,N,N,N,N,N,N
omnipollo/trillium-kanelbullar,10922,Omnipollo/Trillium Kanelbullar,Lata/Botella,,N,,,,,,,470.00,,,,Y,Y,710.00,0.000,,N,N,N,N,N,N,N,N,N,N,N,N,N,N,N,N,N,N,N,N,N,N,N,N,N,N,N,N,N,N,N,N,N,N,N,N,N,N,N,N,N,N,N,N,N,N,N,N,N,N,N,N,N,N,N,N,N
omnipollo/wakefield-ba-eton-mess-brush,11050,Omnipollo/Wakefield BA Eton Mess Brush,Lata/Botella,,N,,,,,,,470.00,,,,Y,Y,710.00,0.000,,N,N,N,N,N,N,N,N,N,N,N,N,N,N,N,N,N,N,N,N,N,N,N,N,N,N,N,N,N,N,N,N,N,N,N,N,N,N,N,N,N,N,N,N,N,N,N,N,N,N,N,N,N,N,N,N,N
orval-2,10358,Orval,Lata/Botella,,N,,,,,,,0.00,,,,Y,Y,183.00,0.000,0.000,N,N,N,N,N,N,N,N,N,N,N,N,N,N,N,N,N,N,N,N,N,N,N,N,N,N,N,N,N,N,N,N,N,N,N,N,N,N,N,N,N,N,N,N,N,N,N,N,N,N,N,N,N,N,N,N,N
oude-mure-tilquin,11034,Oude Mure Tilquin,Lata/Botella,,N,,,,,,,380.00,,,,Y,Y,700.00,0.000,,N,N,N,N,N,N,N,N,N,N,N,N,N,N,N,N,N,N,N,N,N,N,N,N,N,N,N,N,N,N,N,N,N,N,N,N,N,N,N,N,N,N,N,N,N,N,N,N,N,N,N,N,N,N,N,N,N
oveja-mística-amarre,10876,Oveja Mística Amarre,Lata/Botella,,N,,,,,,,73.00,,,,Y,Y,138.00,0.000,,N,N,N,N,N,N,N,N,N,N,N,N,N,N,N,N,N,N,N,N,N,N,N,N,N,N,N,N,N,N,N,N,N,N,N,N,N,N,N,N,N,N,N,N,N,N,N,N,N,N,N,N,N,N,N,N,N
oveja-mistica-chakra,11189,Oveja Mistica Chakra,Lata/Botella,,N,,,,,,,73.00,,,,Y,Y,138.00,0.000,,N,N,N,N,N,N,N,N,N,N,N,N,N,N,N,N,N,N,N,N,N,N,N,N,N,N,N,N,N,N,N,N,N,N,N,N,N,N,N,N,N,N,N,N,N,N,N,N,N,N,N,N,N,N,N,N,N
oveja-mística-mictlan,10847,Oveja Mística Mictlan,Lata/Botella,,N,,,,,,,73.00,,,,Y,Y,138.00,0.000,,N,N,N,N,N,N,N,N,N,N,N,N,N,N,N,N,N,N,N,N,N,N,N,N,N,N,N,N,N,N,N,N,N,N,N,N,N,N,N,N,N,N,N,N,N,N,N,N,N,N,N,N,N,N,N,N,N
oveja-mística-pandora,10554,Oveja Mística Pandora,Lata/Botella,,N,,,,,,,73.00,,,,Y,Y,138.00,5.000,,N,N,N,N,N,N,N,N,N,N,N,N,N,N,N,N,N,N,N,N,N,N,N,N,N,N,N,N,N,N,N,N,N,N,N,N,N,N,N,N,N,N,N,N,N,N,N,N,N,N,N,N,N,N,N,N,N
oveja-mística-yin-black-ipa,11090,Oveja Mística-Yin Black ipa,Lata/Botella,,N,,,,,,,0.00,,,,Y,Y,147.00,0.000,,N,N,N,N,N,N,N,N,N,N,N,N,N,N,N,N,N,N,N,N,N,N,N,N,N,N,N,N,N,N,N,N,N,N,N,N,N,N,N,N,N,N,N,N,N,N,N,N,N,N,N,N,N,N,N,N,N
overworks-in-two-minds,10547,OverWorks In Two Minds,Lata/Botella,,N,,,,,,,125.00,,,,Y,Y,365.00,0.000,,N,N,N,N,N,N,N,N,N,N,N,N,N,N,N,N,N,N,N,N,N,N,N,N,N,N,N,N,N,N,N,N,N,N,N,N,N,N,N,N,N,N,N,N,N,N,N,N,N,N,N,N,N,N,N,N,N
palma---cristal-2,10091,Palma - Cristal,Lata/Botella,,N,,,,,,,0.00,,,,Y,Y,110.00,0.000,1000000.000,N,N,N,N,N,N,N,N,N,N,N,N,N,N,N,N,N,N,N,N,N,N,N,N,N,N,N,N,N,N,N,N,N,N,N,N,N,N,N,N,N,N,N,N,N,N,N,N,N,N,N,N,N,N,N,N,N
paquetestorm-troper,10871,PaqueteStorm troper,Lata/Botella,,N,,,,,,,0.00,,,,Y,Y,1192.00,0.000,,N,N,N,N,N,N,N,N,N,N,N,N,N,N,N,N,N,N,N,N,N,N,N,N,N,N,N,N,N,N,N,N,N,N,N,N,N,N,N,N,N,N,N,N,N,N,N,N,N,N,N,N,N,N,N,N,N
paranoia-sin-alcohol,10835,Paranoia Sin Alcohol,Lata/Botella,,N,,,,,,,91.00,,,,Y,Y,167.00,2.000,,N,N,N,N,N,N,N,N,N,N,N,N,N,N,N,N,N,N,N,N,N,N,N,N,N,N,N,N,N,N,N,N,N,N,N,N,N,N,N,N,N,N,N,N,N,N,N,N,N,N,N,N,N,N,N,N,N
patricia---dunkel-lata-2,10134,Patricia - Dunkel Lata,Lata/Botella,,N,,,,,,,0.00,,,,Y,Y,90.00,0.000,1000000.000,N,N,N,N,N,N,N,N,N,N,N,N,N,N,N,N,N,N,N,N,N,N,N,N,N,N,N,N,N,N,N,N,N,N,N,N,N,N,N,N,N,N,N,N,N,N,N,N,N,N,N,N,N,N,N,N,N
patricia---porter-lata-2,10311,Patricia - Porter Lata,Lata/Botella,,N,,,,,,,48.00,,,,Y,Y,98.00,0.000,,N,N,N,N,N,N,N,N,N,N,N,N,N,N,N,N,N,N,N,N,N,N,N,N,N,N,N,N,N,N,N,N,N,N,N,N,N,N,N,N,N,N,N,N,N,N,N,N,N,N,N,N,N,N,N,N,N
cagamua-patricia-dunkel,10926,Patricia Dunkel Cagamua,Lata/Botella,,N,,,,,,,0.00,,,,Y,Y,180.00,0.000,,N,N,N,N,N,N,N,N,N,N,N,N,N,N,N,N,N,N,N,N,N,N,N,N,N,N,N,N,N,N,N,N,N,N,N,N,N,N,N,N,N,N,N,N,N,N,N,N,N,N,N,N,N,N,N,N,N
patricia-lager,10614,Patricia Lager,Lata/Botella,,N,,,,,,,100.00,,,,Y,Y,245.00,0.000,,N,N,N,N,N,N,N,N,N,N,N,N,N,N,N,N,N,N,N,N,N,N,N,N,N,N,N,N,N,N,N,N,N,N,N,N,N,N,N,N,N,N,N,N,N,N,N,N,N,N,N,N,N,N,N,N,N
patricia-lager-lata-2,10353,Patricia lager lata,Lata/Botella,,N,,,,,,,0.00,,,,Y,Y,92.00,0.000,0.000,N,N,N,N,N,N,N,N,N,N,N,N,N,N,N,N,N,N,N,N,N,N,N,N,N,N,N,N,N,N,N,N,N,N,N,N,N,N,N,N,N,N,N,N,N,N,N,N,N,N,N,N,N,N,N,N,N
patrona-santa-otilia,10412,Patrona Santa Otilia,Lata/Botella,,N,,,,,,,0.00,,,,Y,Y,105.00,0.000,0.000,N,N,N,N,N,N,N,N,N,N,N,N,N,N,N,N,N,N,N,N,N,N,N,N,N,N,N,N,N,N,N,N,N,N,N,N,N,N,N,N,N,N,N,N,N,N,N,N,N,N,N,N,N,N,N,N,N
paulaner---oktoberfestbier-2,10072,Paulaner - Oktoberfestbier,Lata/Botella,,N,,,,,,,0.00,,,,Y,Y,143.00,0.000,1000000.000,N,N,N,N,N,N,N,N,N,N,N,N,N,N,N,N,N,N,N,N,N,N,N,N,N,N,N,N,N,N,N,N,N,N,N,N,N,N,N,N,N,N,N,N,N,N,N,N,N,N,N,N,N,N,N,N,N
paulaner-dunkel,10915,Paulaner Dunkel,Lata/Botella,,N,,,,,,,107.00,,,,Y,Y,193.00,4.000,,N,N,N,N,N,N,N,N,N,N,N,N,N,N,N,N,N,N,N,N,N,N,N,N,N,N,N,N,N,N,N,N,N,N,N,N,N,N,N,N,N,N,N,N,N,N,N,N,N,N,N,N,N,N,N,N,N
paulaner-oktoberfestbier,10785,Paulaner Oktoberfestbier,Lata/Botella,,N,,,,,,,107.00,,,,Y,Y,193.00,0.000,,N,N,N,N,N,N,N,N,N,N,N,N,N,N,N,N,N,N,N,N,N,N,N,N,N,N,N,N,N,N,N,N,N,N,N,N,N,N,N,N,N,N,N,N,N,N,N,N,N,N,N,N,N,N,N,N,N
paulaner-original-hell,10477,Paulaner Original Hell,Lata/Botella,,N,,,,,,,107.00,,,,Y,Y,193.00,0.000,0.000,N,N,N,N,N,N,N,N,N,N,N,N,N,N,N,N,N,N,N,N,N,N,N,N,N,N,N,N,N,N,N,N,N,N,N,N,N,N,N,N,N,N,N,N,N,N,N,N,N,N,N,N,N,N,N,N,N
paulaner-salvator,10470,Paulaner Salvator,Lata/Botella,,N,,,,,,,81.00,,,,Y,Y,151.00,4.000,0.000,N,N,N,N,N,N,N,N,N,N,N,N,N,N,N,N,N,N,N,N,N,N,N,N,N,N,N,N,N,N,N,N,N,N,N,N,N,N,N,N,N,N,N,N,N,N,N,N,N,N,N,N,N,N,N,N,N
paulaner-weissbier-0.0-non-alcoholic-2,10390,Paulaner Weissbier 0.0 Non-alcoholic,Lata/Botella,,N,,,,,,,81.00,,,,Y,Y,151.00,0.000,,N,N,N,N,N,N,N,N,N,N,N,N,N,N,N,N,N,N,N,N,N,N,N,N,N,N,N,N,N,N,N,N,N,N,N,N,N,N,N,N,N,N,N,N,N,N,N,N,N,N,N,N,N,N,N,N,N
paulaner-naturtrub-500-ml-2,93,Paulaner Weissbier Naturtrub,Lata/Botella,,N,,,,,,,107.00,,,,Y,Y,193.00,4.000,1000000.000,N,N,N,N,N,N,N,N,N,N,N,N,N,N,N,N,N,N,N,N,N,N,N,N,N,N,N,N,N,N,N,N,N,N,N,N,N,N,N,N,N,N,N,N,N,N,N,N,N,N,N,N,N,N,N,N,N
pauwel-kwak-2,10361,Pauwel Kwak,Lata/Botella,,N,,,,,,,0.00,,,,Y,Y,154.00,0.000,0.000,N,N,N,N,N,N,N,N,N,N,N,N,N,N,N,N,N,N,N,N,N,N,N,N,N,N,N,N,N,N,N,N,N,N,N,N,N,N,N,N,N,N,N,N,N,N,N,N,N,N,N,N,N,N,N,N,N
pax-dieu,11219,Pax Dieu,Lata/Botella,,N,,,,,,,126.09,,,,Y,Y,219.00,0.000,,N,N,N,N,N,N,N,N,N,N,N,N,N,N,N,N,N,N,N,N,N,N,N,N,N,N,N,N,N,N,N,N,N,N,N,N,N,N,N,N,N,N,N,N,N,N,N,N,N,N,N,N,N,N,N,N,N
peroni---peroni-2,10264,Peroni - Peroni,Lata/Botella,,N,,,,,,,0.00,,,,Y,Y,101.00,0.000,,N,N,N,N,N,N,N,N,N,N,N,N,N,N,N,N,N,N,N,N,N,N,N,N,N,N,N,N,N,N,N,N,N,N,N,N,N,N,N,N,N,N,N,N,N,N,N,N,N,N,N,N,N,N,N,N,N
pilsen-caguama,10615,Pilsen Caguama,Lata/Botella,,N,,,,,,,100.00,,,,Y,Y,245.00,0.000,,N,N,N,N,N,N,N,N,N,N,N,N,N,N,N,N,N,N,N,N,N,N,N,N,N,N,N,N,N,N,N,N,N,N,N,N,N,N,N,N,N,N,N,N,N,N,N,N,N,N,N,N,N,N,N,N,N
pilsner-urquell---lata-2,10130,Pilsner Urquell - Lata 500ml,Lata/Botella,,N,,,,,,,46.99,,,,Y,Y,115.00,27.000,1000000.000,N,N,N,N,N,N,N,N,N,N,N,N,N,N,N,N,N,N,N,N,N,N,N,N,N,N,N,N,N,N,N,N,N,N,N,N,N,N,N,N,N,N,N,N,N,N,N,N,N,N,N,N,N,N,N,N,N
pilsner-urquell-330-ml-2,103,Pilsner Urquell 330 ml,Lata/Botella,,N,,,,,,,50.00,,,,Y,Y,95.00,0.000,1000000.000,N,N,N,N,N,N,N,N,N,N,N,N,N,N,N,N,N,N,N,N,N,N,N,N,N,N,N,N,N,N,N,N,N,N,N,N,N,N,N,N,N,N,N,N,N,N,N,N,N,N,N,N,N,N,N,N,N
pipeworks-ba-end-of-days,11124,Pipeworks BA End of Days,Lata/Botella,,N,,,,,,,285.00,,,,Y,Y,457.00,0.000,,N,N,N,N,N,N,N,N,N,N,N,N,N,N,N,N,N,N,N,N,N,N,N,N,N,N,N,N,N,N,N,N,N,N,N,N,N,N,N,N,N,N,N,N,N,N,N,N,N,N,N,N,N,N,N,N,N
pipeworks-cow-vs-unicorn,11125,Pipeworks Cow vs Unicorn,Lata/Botella,,N,,,,,,,110.00,,,,Y,Y,198.00,0.000,,N,N,N,N,N,N,N,N,N,N,N,N,N,N,N,N,N,N,N,N,N,N,N,N,N,N,N,N,N,N,N,N,N,N,N,N,N,N,N,N,N,N,N,N,N,N,N,N,N,N,N,N,N,N,N,N,N
pipeworksequal-magnitudes,11126,Pipeworks Equal Magnitudes,Lata/Botella,,N,,,,,,,120.00,,,,Y,Y,211.00,0.000,,N,N,N,N,N,N,N,N,N,N,N,N,N,N,N,N,N,N,N,N,N,N,N,N,N,N,N,N,N,N,N,N,N,N,N,N,N,N,N,N,N,N,N,N,N,N,N,N,N,N,N,N,N,N,N,N,N
pipeworks-excellent-expedition,11110,Pipeworks Excellent Expedition,Lata/Botella,,N,,,,,,,120.00,,,,Y,Y,211.00,0.000,,N,N,N,N,N,N,N,N,N,N,N,N,N,N,N,N,N,N,N,N,N,N,N,N,N,N,N,N,N,N,N,N,N,N,N,N,N,N,N,N,N,N,N,N,N,N,N,N,N,N,N,N,N,N,N,N,N
pipeworks-infinity-citra,11127,Pipeworks Infinity Citra,Lata/Botella,,N,,,,,,,105.00,,,,Y,Y,190.00,0.000,,N,N,N,N,N,N,N,N,N,N,N,N,N,N,N,N,N,N,N,N,N,N,N,N,N,N,N,N,N,N,N,N,N,N,N,N,N,N,N,N,N,N,N,N,N,N,N,N,N,N,N,N,N,N,N,N,N
pipeworks-ninja-vs-unicorn,11128,Pipeworks Ninja vs Unicorn,Lata/Botella,,N,,,,,,,110.00,,,,Y,Y,198.00,0.000,,N,N,N,N,N,N,N,N,N,N,N,N,N,N,N,N,N,N,N,N,N,N,N,N,N,N,N,N,N,N,N,N,N,N,N,N,N,N,N,N,N,N,N,N,N,N,N,N,N,N,N,N,N,N,N,N,N
pipeworks-tigers-of-the-sea,11129,Pipeworks Tigers of the Sea,Lata/Botella,,N,,,,,,,110.00,,,,Y,Y,198.00,0.000,,N,N,N,N,N,N,N,N,N,N,N,N,N,N,N,N,N,N,N,N,N,N,N,N,N,N,N,N,N,N,N,N,N,N,N,N,N,N,N,N,N,N,N,N,N,N,N,N,N,N,N,N,N,N,N,N,N
pipeworks-unicorn-vs-the-haze,11130,Pipeworks Unicorn vs The Haze,Lata/Botella,,N,,,,,,,110.00,,,,Y,Y,198.00,0.000,,N,N,N,N,N,N,N,N,N,N,N,N,N,N,N,N,N,N,N,N,N,N,N,N,N,N,N,N,N,N,N,N,N,N,N,N,N,N,N,N,N,N,N,N,N,N,N,N,N,N,N,N,N,N,N,N,N
pipeworks-mini-unicorns,11119,Pipeworks-Mini unicorns,Lata/Botella,,N,,,,,,,105.00,,,,Y,Y,190.00,0.000,,N,N,N,N,N,N,N,N,N,N,N,N,N,N,N,N,N,N,N,N,N,N,N,N,N,N,N,N,N,N,N,N,N,N,N,N,N,N,N,N,N,N,N,N,N,N,N,N,N,N,N,N,N,N,N,N,N
principia---asimetría,10281,Principia - Asimetría,Lata/Botella,,N,,,,,,,55.00,,,,Y,Y,105.00,0.000,,N,N,N,N,N,N,N,N,N,N,N,N,N,N,N,N,N,N,N,N,N,N,N,N,N,N,N,N,N,N,N,N,N,N,N,N,N,N,N,N,N,N,N,N,N,N,N,N,N,N,N,N,N,N,N,N,N
principia---dark-lager-2,10113,Principia - Dark Lager,Lata/Botella,,N,,,,,,,0.00,,,,Y,Y,86.00,0.000,1000000.000,N,N,N,N,N,N,N,N,N,N,N,N,N,N,N,N,N,N,N,N,N,N,N,N,N,N,N,N,N,N,N,N,N,N,N,N,N,N,N,N,N,N,N,N,N,N,N,N,N,N,N,N,N,N,N,N,N
principia---extra-solar-2,10286,Principia - Extra Solar,Lata/Botella,,N,,,,,,,63.00,,,,Y,Y,120.00,0.000,,N,N,N,N,N,N,N,N,N,N,N,N,N,N,N,N,N,N,N,N,N,N,N,N,N,N,N,N,N,N,N,N,N,N,N,N,N,N,N,N,N,N,N,N,N,N,N,N,N,N,N,N,N,N,N,N,N
principia---infrared-spectra-2,10114,Principia - Infrared Spectra,Lata/Botella,,N,,,,,,,63.00,,,,Y,Y,120.00,0.000,1000000.000,N,N,N,N,N,N,N,N,N,N,N,N,N,N,N,N,N,N,N,N,N,N,N,N,N,N,N,N,N,N,N,N,N,N,N,N,N,N,N,N,N,N,N,N,N,N,N,N,N,N,N,N,N,N,N,N,N
principia---oatmeal-stout-2,10115,Principia - Oatmeal Stout,Lata/Botella,,N,,,,,,,0.00,,,,Y,Y,93.00,0.000,1000000.000,N,N,N,N,N,N,N,N,N,N,N,N,N,N,N,N,N,N,N,N,N,N,N,N,N,N,N,N,N,N,N,N,N,N,N,N,N,N,N,N,N,N,N,N,N,N,N,N,N,N,N,N,N,N,N,N,N
principia---session-ipa-2,10116,Principia - Session IPA,Lata/Botella,,N,,,,,,,0.00,,,,Y,Y,100.00,0.000,1000000.000,N,N,N,N,N,N,N,N,N,N,N,N,N,N,N,N,N,N,N,N,N,N,N,N,N,N,N,N,N,N,N,N,N,N,N,N,N,N,N,N,N,N,N,N,N,N,N,N,N,N,N,N,N,N,N,N,N
principia---spectra-1,10284,Principia - Spectra,Lata/Botella,,N,,,,,,,59.00,,,,Y,Y,112.00,0.000,,N,N,N,N,N,N,N,N,N,N,N,N,N,N,N,N,N,N,N,N,N,N,N,N,N,N,N,N,N,N,N,N,N,N,N,N,N,N,N,N,N,N,N,N,N,N,N,N,N,N,N,N,N,N,N,N,N
principia---spectra-ddh-2,10117,Principia - Spectra DDH,Lata/Botella,,N,,,,,,,0.00,,,,Y,Y,123.00,0.000,1000000.000,N,N,N,N,N,N,N,N,N,N,N,N,N,N,N,N,N,N,N,N,N,N,N,N,N,N,N,N,N,N,N,N,N,N,N,N,N,N,N,N,N,N,N,N,N,N,N,N,N,N,N,N,N,N,N,N,N
principia---starlight-2,10118,Principia - Starlight,Lata/Botella,,N,,,,,,,77.00,,,,Y,Y,144.00,0.000,1000000.000,N,N,N,N,N,N,N,N,N,N,N,N,N,N,N,N,N,N,N,N,N,N,N,N,N,N,N,N,N,N,N,N,N,N,N,N,N,N,N,N,N,N,N,N,N,N,N,N,N,N,N,N,N,N,N,N,N
principia---starstuff-2,10120,Principia - Starstuff,Lata/Botella,,N,,,,,,,0.00,,,,Y,Y,125.00,0.000,1000000.000,N,N,N,N,N,N,N,N,N,N,N,N,N,N,N,N,N,N,N,N,N,N,N,N,N,N,N,N,N,N,N,N,N,N,N,N,N,N,N,N,N,N,N,N,N,N,N,N,N,N,N,N,N,N,N,N,N
principia-barrel-aged-entropia-2,10403,Principia Barrel Aged Entropia,Lata/Botella,,N,,,,,,,140.00,,,,Y,Y,238.00,0.000,,N,N,N,N,N,N,N,N,N,N,N,N,N,N,N,N,N,N,N,N,N,N,N,N,N,N,N,N,N,N,N,N,N,N,N,N,N,N,N,N,N,N,N,N,N,N,N,N,N,N,N,N,N,N,N,N,N
principia-brewed-with-stardust-007-tiramisú,10623,Principia Brewed with Stardust 007 Tiramisú,Lata/Botella,,N,,,,,,,77.00,,,,Y,Y,144.00,0.000,,N,N,N,N,N,N,N,N,N,N,N,N,N,N,N,N,N,N,N,N,N,N,N,N,N,N,N,N,N,N,N,N,N,N,N,N,N,N,N,N,N,N,N,N,N,N,N,N,N,N,N,N,N,N,N,N,N
principia-cuasar-3c-dank-red-ipa,10457,Principia Cuasar 3c Dank Red IPA,Lata/Botella,,N,,,,,,,62.00,,,,Y,Y,118.00,0.000,0.000,N,N,N,N,N,N,N,N,N,N,N,N,N,N,N,N,N,N,N,N,N,N,N,N,N,N,N,N,N,N,N,N,N,N,N,N,N,N,N,N,N,N,N,N,N,N,N,N,N,N,N,N,N,N,N,N,N
principia-desierto-extra-solar,10710,Principia Desierto Extra Solar,Lata/Botella,,N,,,,,,,80.00,,,,Y,Y,149.00,0.000,,N,N,N,N,N,N,N,N,N,N,N,N,N,N,N,N,N,N,N,N,N,N,N,N,N,N,N,N,N,N,N,N,N,N,N,N,N,N,N,N,N,N,N,N,N,N,N,N,N,N,N,N,N,N,N,N,N
principia-entropia-2,10344,Principia Entropia,Lata/Botella,,N,,,,,,,0.00,,,,Y,Y,124.00,0.000,0.000,N,N,N,N,N,N,N,N,N,N,N,N,N,N,N,N,N,N,N,N,N,N,N,N,N,N,N,N,N,N,N,N,N,N,N,N,N,N,N,N,N,N,N,N,N,N,N,N,N,N,N,N,N,N,N,N,N
principia-entropia-barrel-aged-2,10211,Principia Entropia Barrel Aged,Lata/Botella,,N,,,,,,,130.00,,,,Y,Y,225.00,0.000,0.000,N,N,N,N,N,N,N,N,N,N,N,N,N,N,N,N,N,N,N,N,N,N,N,N,N,N,N,N,N,N,N,N,N,N,N,N,N,N,N,N,N,N,N,N,N,N,N,N,N,N,N,N,N,N,N,N,N
principia-phenomena-2,10345,Principia Phenomena,Lata/Botella,,N,,,,,,,0.00,,,,Y,Y,124.00,0.000,0.000,N,N,N,N,N,N,N,N,N,N,N,N,N,N,N,N,N,N,N,N,N,N,N,N,N,N,N,N,N,N,N,N,N,N,N,N,N,N,N,N,N,N,N,N,N,N,N,N,N,N,N,N,N,N,N,N,N
principia-red-berries-ale-2,10404,Principia Red Berries Ale,Lata/Botella,,N,,,,,,,69.00,,,,Y,Y,131.00,0.000,,N,N,N,N,N,N,N,N,N,N,N,N,N,N,N,N,N,N,N,N,N,N,N,N,N,N,N,N,N,N,N,N,N,N,N,N,N,N,N,N,N,N,N,N,N,N,N,N,N,N,N,N,N,N,N,N,N
principia-spectra-0,10796,Principia Spectra 0,Lata/Botella,,N,,,,,,,50.00,,,,Y,Y,95.00,0.000,,N,N,N,N,N,N,N,N,N,N,N,N,N,N,N,N,N,N,N,N,N,N,N,N,N,N,N,N,N,N,N,N,N,N,N,N,N,N,N,N,N,N,N,N,N,N,N,N,N,N,N,N,N,N,N,N,N
principia-supersimetria-2,10346,Principia Supersimetria,Lata/Botella,,N,,,,,,,59.00,,,,Y,Y,112.00,0.000,0.000,N,N,N,N,N,N,N,N,N,N,N,N,N,N,N,N,N,N,N,N,N,N,N,N,N,N,N,N,N,N,N,N,N,N,N,N,N,N,N,N,N,N,N,N,N,N,N,N,N,N,N,N,N,N,N,N,N
principia-supersimetria-lata,10920,Principia Supersimetria Lata,Lata/Botella,,N,,,,,,,80.00,,,,Y,Y,149.00,0.000,,N,N,N,N,N,N,N,N,N,N,N,N,N,N,N,N,N,N,N,N,N,N,N,N,N,N,N,N,N,N,N,N,N,N,N,N,N,N,N,N,N,N,N,N,N,N,N,N,N,N,N,N,N,N,N,N,N
principia-supersimetria-lata-roja,10977,Principia Supersimetria Lata Roja,Lata/Botella,,N,,,,,,,80.00,,,,Y,Y,149.00,0.000,,N,N,N,N,N,N,N,N,N,N,N,N,N,N,N,N,N,N,N,N,N,N,N,N,N,N,N,N,N,N,N,N,N,N,N,N,N,N,N,N,N,N,N,N,N,N,N,N,N,N,N,N,N,N,N,N,N
principia-ultraviolet-spectra-2,10405,Principia Ultraviolet Spectra,Lata/Botella,,N,,,,,,,67.00,,,,Y,Y,127.00,0.000,,N,N,N,N,N,N,N,N,N,N,N,N,N,N,N,N,N,N,N,N,N,N,N,N,N,N,N,N,N,N,N,N,N,N,N,N,N,N,N,N,N,N,N,N,N,N,N,N,N,N,N,N,N,N,N,N,N
promo-fer,10868,Promo Fer,Lata/Botella,,N,,,,,,,0.00,,,,Y,Y,40.00,0.000,,N,N,N,N,N,N,N,N,N,N,N,N,N,N,N,N,N,N,N,N,N,N,N,N,N,N,N,N,N,N,N,N,N,N,N,N,N,N,N,N,N,N,N,N,N,N,N,N,N,N,N,N,N,N,N,N,N
pure-project---diamond-dust-2,10059,Pure Project - Diamond Dust,Lata/Botella,,N,,,,,,,163.93,,,,Y,Y,275.00,0.000,1000000.000,N,N,N,N,N,N,N,N,N,N,N,N,N,N,N,N,N,N,N,N,N,N,N,N,N,N,N,N,N,N,N,N,N,N,N,N,N,N,N,N,N,N,N,N,N,N,N,N,N,N,N,N,N,N,N,N,N
moonlight-summit---pure-project,10721,Pure Project Moonlight Summit,Lata/Botella,,N,,,,,,,169.75,,,,Y,Y,284.00,0.000,,N,N,N,N,N,N,N,N,N,N,N,N,N,N,N,N,N,N,N,N,N,N,N,N,N,N,N,N,N,N,N,N,N,N,N,N,N,N,N,N,N,N,N,N,N,N,N,N,N,N,N,N,N,N,N,N,N
pure-project-pure-west-473-ml-lata-2,10174,Pure Project Pure West 473 ml lata,Lata/Botella,,N,,,,,,,159.99,,,,Y,Y,269.00,2.000,,N,N,N,N,N,N,N,N,N,N,N,N,N,N,N,N,N,N,N,N,N,N,N,N,N,N,N,N,N,N,N,N,N,N,N,N,N,N,N,N,N,N,N,N,N,N,N,N,N,N,N,N,N,N,N,N,N
pure-project-sun-rays-like-stilts-473-ml-2,10175,Pure Project Sun Rays Like Stilts 473 ml,Lata/Botella,,N,,,,,,,0.00,,,,Y,Y,193.00,0.000,,N,N,N,N,N,N,N,N,N,N,N,N,N,N,N,N,N,N,N,N,N,N,N,N,N,N,N,N,N,N,N,N,N,N,N,N,N,N,N,N,N,N,N,N,N,N,N,N,N,N,N,N,N,N,N,N,N
pyraser-kellerbier-500ml-2,10144,Pyraser Kellerbier 500ml,Lata/Botella,,N,,,,,,,0.00,,,,Y,Y,105.00,0.000,,N,N,N,N,N,N,N,N,N,N,N,N,N,N,N,N,N,N,N,N,N,N,N,N,N,N,N,N,N,N,N,N,N,N,N,N,N,N,N,N,N,N,N,N,N,N,N,N,N,N,N,N,N,N,N,N,N
pyraser-rotbier-500ml-2,10142,Pyraser Rotbier 500ml,Lata/Botella,,N,,,,,,,0.00,,,,Y,Y,105.00,0.000,,N,N,N,N,N,N,N,N,N,N,N,N,N,N,N,N,N,N,N,N,N,N,N,N,N,N,N,N,N,N,N,N,N,N,N,N,N,N,N,N,N,N,N,N,N,N,N,N,N,N,N,N,N,N,N,N,N
quilmes-340ml-2,10208,QUILMES 340ML,Lata/Botella,,N,,,,,,,0.00,,,,Y,Y,85.00,0.000,0.000,N,N,N,N,N,N,N,N,N,N,N,N,N,N,N,N,N,N,N,N,N,N,N,N,N,N,N,N,N,N,N,N,N,N,N,N,N,N,N,N,N,N,N,N,N,N,N,N,N,N,N,N,N,N,N,N,N
ramuri---15-aniversario-2,10300,Ramuri - 15 Aniversario,Lata/Botella,,N,,,,,,,105.00,,,,Y,Y,190.00,0.000,,N,N,N,N,N,N,N,N,N,N,N,N,N,N,N,N,N,N,N,N,N,N,N,N,N,N,N,N,N,N,N,N,N,N,N,N,N,N,N,N,N,N,N,N,N,N,N,N,N,N,N,N,N,N,N,N,N
ramuri---1993-life-and-death-1,10285,Ramuri - 1993 Life and Death,Lata/Botella,,N,,,,,,,0.00,,,,Y,Y,108.00,0.000,,N,N,N,N,N,N,N,N,N,N,N,N,N,N,N,N,N,N,N,N,N,N,N,N,N,N,N,N,N,N,N,N,N,N,N,N,N,N,N,N,N,N,N,N,N,N,N,N,N,N,N,N,N,N,N,N,N
ramuri---lagrimas-de-avellana-1,10287,Ramuri - Lagrimas de Avellana,Lata/Botella,,N,,,,,,,63.00,,,,Y,Y,120.00,0.000,,N,N,N,N,N,N,N,N,N,N,N,N,N,N,N,N,N,N,N,N,N,N,N,N,N,N,N,N,N,N,N,N,N,N,N,N,N,N,N,N,N,N,N,N,N,N,N,N,N,N,N,N,N,N,N,N,N
ramuri---lagrimas-de-cacahuate-1,10273,Ramuri - Lagrimas de Cacahuate,Lata/Botella,,N,,,,,,,57.00,,,,Y,Y,108.00,4.000,,N,N,N,N,N,N,N,N,N,N,N,N,N,N,N,N,N,N,N,N,N,N,N,N,N,N,N,N,N,N,N,N,N,N,N,N,N,N,N,N,N,N,N,N,N,N,N,N,N,N,N,N,N,N,N,N,N
ramuri---lagrimas-negras-1,10274,Ramuri - Lagrimas Negras,Lata/Botella,,N,,,,,,,54.00,,,,Y,Y,115.00,6.000,,N,N,N,N,N,N,N,N,N,N,N,N,N,N,N,N,N,N,N,N,N,N,N,N,N,N,N,N,N,N,N,N,N,N,N,N,N,N,N,N,N,N,N,N,N,N,N,N,N,N,N,N,N,N,N,N,N
ramuri---zapatitos-rojos-1,10275,Ramuri - Zapatitos Rojos,Lata/Botella,,N,,,,,,,0.00,,,,Y,Y,94.00,0.000,,N,N,N,N,N,N,N,N,N,N,N,N,N,N,N,N,N,N,N,N,N,N,N,N,N,N,N,N,N,N,N,N,N,N,N,N,N,N,N,N,N,N,N,N,N,N,N,N,N,N,N,N,N,N,N,N,N
ramuri-don-arturo,10548,Ramuri Don Arturo,Lata/Botella,,N,,,,,,,165.00,,,,Y,Y,276.00,0.000,,N,N,N,N,N,N,N,N,N,N,N,N,N,N,N,N,N,N,N,N,N,N,N,N,N,N,N,N,N,N,N,N,N,N,N,N,N,N,N,N,N,N,N,N,N,N,N,N,N,N,N,N,N,N,N,N,N
ramuri-jolly-splash,10549,Ramuri Jolly Splash,Lata/Botella,,N,,,,,,,63.00,,,,Y,Y,120.00,0.000,,N,N,N,N,N,N,N,N,N,N,N,N,N,N,N,N,N,N,N,N,N,N,N,N,N,N,N,N,N,N,N,N,N,N,N,N,N,N,N,N,N,N,N,N,N,N,N,N,N,N,N,N,N,N,N,N,N
rámuri-lágrimas-de-mi-abuelita,10651,Ramuri Lagrimas de mi abuelita,Lata/Botella,,N,,,,,,,63.00,,,,Y,Y,120.00,4.000,,N,N,N,N,N,N,N,N,N,N,N,N,N,N,N,N,N,N,N,N,N,N,N,N,N,N,N,N,N,N,N,N,N,N,N,N,N,N,N,N,N,N,N,N,N,N,N,N,N,N,N,N,N,N,N,N,N
ramuri-mexican-imperial-stout,10765,Ramuri Mexican Imperial Stout,Lata/Botella,,N,,,,,,,63.00,,,,Y,Y,120.00,0.000,,N,N,N,N,N,N,N,N,N,N,N,N,N,N,N,N,N,N,N,N,N,N,N,N,N,N,N,N,N,N,N,N,N,N,N,N,N,N,N,N,N,N,N,N,N,N,N,N,N,N,N,N,N,N,N,N,N
rámuri-odin,10445,Ramuri Odin,Lata/Botella,,N,,,,,,,54.00,,,,Y,Y,115.00,0.000,0.000,N,N,N,N,N,N,N,N,N,N,N,N,N,N,N,N,N,N,N,N,N,N,N,N,N,N,N,N,N,N,N,N,N,N,N,N,N,N,N,N,N,N,N,N,N,N,N,N,N,N,N,N,N,N,N,N,N
rey-árbol---betula-el-gigante-botella,10304,Rey Árbol - Betula el Gigante Botella,Lata/Botella,,N,,,,,,,0.00,,,,Y,Y,249.00,0.000,,N,N,N,N,N,N,N,N,N,N,N,N,N,N,N,N,N,N,N,N,N,N,N,N,N,N,N,N,N,N,N,N,N,N,N,N,N,N,N,N,N,N,N,N,N,N,N,N,N,N,N,N,N,N,N,N,N
rey-árbol---brote-de-roble,10294,Rey Árbol - Brote de Roble,Lata/Botella,,N,,,,,,,80.04,,,,Y,Y,149.00,0.000,,N,N,N,N,N,N,N,N,N,N,N,N,N,N,N,N,N,N,N,N,N,N,N,N,N,N,N,N,N,N,N,N,N,N,N,N,N,N,N,N,N,N,N,N,N,N,N,N,N,N,N,N,N,N,N,N,N
rey-árbol---ipa-de-la-paz,10297,Rey Árbol - IPA de la Paz,Lata/Botella,,N,,,,,,,0.00,,,,Y,Y,160.00,0.000,,N,N,N,N,N,N,N,N,N,N,N,N,N,N,N,N,N,N,N,N,N,N,N,N,N,N,N,N,N,N,N,N,N,N,N,N,N,N,N,N,N,N,N,N,N,N,N,N,N,N,N,N,N,N,N,N,N
rey-árbol---seaver,10303,Rey Árbol - Seaver,Lata/Botella,,N,,,,,,,0.00,,,,Y,Y,208.00,0.000,,N,N,N,N,N,N,N,N,N,N,N,N,N,N,N,N,N,N,N,N,N,N,N,N,N,N,N,N,N,N,N,N,N,N,N,N,N,N,N,N,N,N,N,N,N,N,N,N,N,N,N,N,N,N,N,N,N
rey-árbol---viejo-pardo-edición-especial-5to-aniversario,10293,Rey Árbol - Viejo Pardo Edición Especial 5to Aniversario,Lata/Botella,,N,,,,,,,0.00,,,,Y,Y,136.00,0.000,,N,N,N,N,N,N,N,N,N,N,N,N,N,N,N,N,N,N,N,N,N,N,N,N,N,N,N,N,N,N,N,N,N,N,N,N,N,N,N,N,N,N,N,N,N,N,N,N,N,N,N,N,N,N,N,N,N
rey-árbol-–-alberto,10406,Rey Árbol – Alberto,Lata/Botella,,N,,,,,,,70.00,,,,Y,Y,133.00,0.000,,N,N,N,N,N,N,N,N,N,N,N,N,N,N,N,N,N,N,N,N,N,N,N,N,N,N,N,N,N,N,N,N,N,N,N,N,N,N,N,N,N,N,N,N,N,N,N,N,N,N,N,N,N,N,N,N,N
rey-arbol-5to-aniversario-en-caja-2,10347,Rey Arbol 5to Aniversario en caja,Lata/Botella,,N,,,,,,,150.00,,,,Y,Y,253.00,0.000,0.000,N,N,N,N,N,N,N,N,N,N,N,N,N,N,N,N,N,N,N,N,N,N,N,N,N,N,N,N,N,N,N,N,N,N,N,N,N,N,N,N,N,N,N,N,N,N,N,N,N,N,N,N,N,N,N,N,N
rey-arbol-anthony-hopdain,11240,Rey Arbol Anthony Hopdain,Lata/Botella,,N,,,,,,,82.00,,,,Y,Y,153.00,3.000,,N,N,N,N,N,N,N,N,N,N,N,N,N,N,N,N,N,N,N,N,N,N,N,N,N,N,N,N,N,N,N,N,N,N,N,N,N,N,N,N,N,N,N,N,N,N,N,N,N,N,N,N,N,N,N,N,N
rey-arbol-bananana,10771,Rey Arbol Bananana,Lata/Botella,,N,,,,,,,62.00,,,,Y,Y,118.00,0.000,,N,N,N,N,N,N,N,N,N,N,N,N,N,N,N,N,N,N,N,N,N,N,N,N,N,N,N,N,N,N,N,N,N,N,N,N,N,N,N,N,N,N,N,N,N,N,N,N,N,N,N,N,N,N,N,N,N
rey-árbol-betulita,10513,Rey Árbol Betulita,Lata/Botella,,N,,,,,,,70.00,,,,Y,Y,133.00,0.000,0.000,N,N,N,N,N,N,N,N,N,N,N,N,N,N,N,N,N,N,N,N,N,N,N,N,N,N,N,N,N,N,N,N,N,N,N,N,N,N,N,N,N,N,N,N,N,N,N,N,N,N,N,N,N,N,N,N,N
rey-arbol-biblical,10798,Rey Arbol Biblical,Lata/Botella,,N,,,,,,,72.00,,,,Y,Y,136.00,0.000,,N,N,N,N,N,N,N,N,N,N,N,N,N,N,N,N,N,N,N,N,N,N,N,N,N,N,N,N,N,N,N,N,N,N,N,N,N,N,N,N,N,N,N,N,N,N,N,N,N,N,N,N,N,N,N,N,N
rey-arbol-bravo,10772,Rey Arbol Bravo,Lata/Botella,,N,,,,,,,48.00,,,,Y,Y,91.00,0.000,,N,N,N,N,N,N,N,N,N,N,N,N,N,N,N,N,N,N,N,N,N,N,N,N,N,N,N,N,N,N,N,N,N,N,N,N,N,N,N,N,N,N,N,N,N,N,N,N,N,N,N,N,N,N,N,N,N
rey-arbol-bruma-en-la-ceiba,10931,Rey Arbol Bruma en la Ceiba,Lata/Botella,,N,,,,,,,80.04,,,,Y,Y,149.00,0.000,,N,N,N,N,N,N,N,N,N,N,N,N,N,N,N,N,N,N,N,N,N,N,N,N,N,N,N,N,N,N,N,N,N,N,N,N,N,N,N,N,N,N,N,N,N,N,N,N,N,N,N,N,N,N,N,N,N
rey-arbol-camino-a-joshuua,10042,Rey Arbol Camino a Joshua Tree,Lata/Botella,,N,,,,,,,73.00,,,,Y,Y,138.00,0.000,,N,N,N,N,N,N,N,N,N,N,N,N,N,N,N,N,N,N,N,N,N,N,N,N,N,N,N,N,N,N,N,N,N,N,N,N,N,N,N,N,N,N,N,N,N,N,N,N,N,N,N,N,N,N,N,N,N
rey-árbol-cocao,10527,Rey Árbol Cocao,Lata/Botella,,N,,,,,,,75.00,,,,Y,Y,141.00,0.000,,N,N,N,N,N,N,N,N,N,N,N,N,N,N,N,N,N,N,N,N,N,N,N,N,N,N,N,N,N,N,N,N,N,N,N,N,N,N,N,N,N,N,N,N,N,N,N,N,N,N,N,N,N,N,N,N,N
rey-arbol-dixon-greenberg,11251,Rey Arbol Dixon Greenberg,Lata/Botella,,N,,,,,,,70.00,,,,Y,Y,133.00,3.000,,N,N,N,N,N,N,N,N,N,N,N,N,N,N,N,N,N,N,N,N,N,N,N,N,N,N,N,N,N,N,N,N,N,N,N,N,N,N,N,N,N,N,N,N,N,N,N,N,N,N,N,N,N,N,N,N,N
rey-arbol-duss-el-alto,10978,Rey Arbol Duss el Alto,Lata/Botella,,N,,,,,,,60.00,,,,Y,Y,114.00,0.000,,N,N,N,N,N,N,N,N,N,N,N,N,N,N,N,N,N,N,N,N,N,N,N,N,N,N,N,N,N,N,N,N,N,N,N,N,N,N,N,N,N,N,N,N,N,N,N,N,N,N,N,N,N,N,N,N,N
rey-arbol-gran-reserva-xxi,10865,Rey Arbol Gran Reserva XXI,Lata/Botella,,N,,,,,,,200.00,,,,Y,Y,330.00,0.000,,N,N,N,N,N,N,N,N,N,N,N,N,N,N,N,N,N,N,N,N,N,N,N,N,N,N,N,N,N,N,N,N,N,N,N,N,N,N,N,N,N,N,N,N,N,N,N,N,N,N,N,N,N,N,N,N,N
rey-arbol-guardián-de-secuoya,10658,Rey Arbol Guardián de Secuoya,Lata/Botella,,N,,,,,,,80.00,,,,Y,Y,149.00,0.000,,N,N,N,N,N,N,N,N,N,N,N,N,N,N,N,N,N,N,N,N,N,N,N,N,N,N,N,N,N,N,N,N,N,N,N,N,N,N,N,N,N,N,N,N,N,N,N,N,N,N,N,N,N,N,N,N,N
rey-arbol-guero,11169,Rey Arbol Guero,Lata/Botella,,N,,,,,,,80.00,,,,Y,Y,149.00,0.000,,N,N,N,N,N,N,N,N,N,N,N,N,N,N,N,N,N,N,N,N,N,N,N,N,N,N,N,N,N,N,N,N,N,N,N,N,N,N,N,N,N,N,N,N,N,N,N,N,N,N,N,N,N,N,N,N,N
rey-arbol-hoppy-charms,11122,Rey Arbol Hoppy Charms,Lata/Botella,,N,,,,,,,81.00,,,,Y,Y,151.00,0.000,,N,N,N,N,N,N,N,N,N,N,N,N,N,N,N,N,N,N,N,N,N,N,N,N,N,N,N,N,N,N,N,N,N,N,N,N,N,N,N,N,N,N,N,N,N,N,N,N,N,N,N,N,N,N,N,N,N
rey-árbol-hoppy-dansk,10462,Rey Árbol Hoppy Dansk,Lata/Botella,,N,,,,,,,75.00,,,,Y,Y,141.00,0.000,0.000,N,N,N,N,N,N,N,N,N,N,N,N,N,N,N,N,N,N,N,N,N,N,N,N,N,N,N,N,N,N,N,N,N,N,N,N,N,N,N,N,N,N,N,N,N,N,N,N,N,N,N,N,N,N,N,N,N
rey-arbol-hops,10799,Rey Arbol HOPS,Lata/Botella,,N,,,,,,,80.04,,,,Y,Y,149.00,0.000,,N,N,N,N,N,N,N,N,N,N,N,N,N,N,N,N,N,N,N,N,N,N,N,N,N,N,N,N,N,N,N,N,N,N,N,N,N,N,N,N,N,N,N,N,N,N,N,N,N,N,N,N,N,N,N,N,N
rey-arbol-jacaranda,11252,Rey Arbol Jacaranda,Lata/Botella,,N,,,,,,,73.00,,,,Y,Y,138.00,1.000,,N,N,N,N,N,N,N,N,N,N,N,N,N,N,N,N,N,N,N,N,N,N,N,N,N,N,N,N,N,N,N,N,N,N,N,N,N,N,N,N,N,N,N,N,N,N,N,N,N,N,N,N,N,N,N,N,N
rey-árbol-miel-de-café,10711,Rey Árbol Miel De Café,Lata/Botella,,N,,,,,,,75.00,,,,Y,Y,141.00,0.000,,N,N,N,N,N,N,N,N,N,N,N,N,N,N,N,N,N,N,N,N,N,N,N,N,N,N,N,N,N,N,N,N,N,N,N,N,N,N,N,N,N,N,N,N,N,N,N,N,N,N,N,N,N,N,N,N,N
rey-arbol-olivo,11248,REY ARBOL OLIVO,Lata/Botella,,N,,,,,,,60.00,,,,Y,Y,114.00,0.000,,N,N,N,N,N,N,N,N,N,N,N,N,N,N,N,N,N,N,N,N,N,N,N,N,N,N,N,N,N,N,N,N,N,N,N,N,N,N,N,N,N,N,N,N,N,N,N,N,N,N,N,N,N,N,N,N,N
rey-arbol-ou-bruin-2,10349,Rey Arbol Ou Bruin,Lata/Botella,,N,,,,,,,0.00,,,,Y,Y,117.00,0.000,0.000,N,N,N,N,N,N,N,N,N,N,N,N,N,N,N,N,N,N,N,N,N,N,N,N,N,N,N,N,N,N,N,N,N,N,N,N,N,N,N,N,N,N,N,N,N,N,N,N,N,N,N,N,N,N,N,N,N
rey-arbol-paquete-betula-el-gigante-2,10348,Rey Arbol paquete betula el gigante,Lata/Botella,,N,,,,,,,0.00,,,,Y,Y,550.00,0.000,0.000,N,N,N,N,N,N,N,N,N,N,N,N,N,N,N,N,N,N,N,N,N,N,N,N,N,N,N,N,N,N,N,N,N,N,N,N,N,N,N,N,N,N,N,N,N,N,N,N,N,N,N,N,N,N,N,N,N
rey-arbol-pardo-gigante,10797,Rey Arbol Pardo Gigante,Lata/Botella,,N,,,,,,,156.00,,,,Y,Y,263.00,1.000,,N,N,N,N,N,N,N,N,N,N,N,N,N,N,N,N,N,N,N,N,N,N,N,N,N,N,N,N,N,N,N,N,N,N,N,N,N,N,N,N,N,N,N,N,N,N,N,N,N,N,N,N,N,N,N,N,N
rey-arbol-the-hopsons,11249,REY ARBOL THE HOPSONS,Lata/Botella,,N,,,,,,,73.00,,,,Y,Y,138.00,0.000,,N,N,N,N,N,N,N,N,N,N,N,N,N,N,N,N,N,N,N,N,N,N,N,N,N,N,N,N,N,N,N,N,N,N,N,N,N,N,N,N,N,N,N,N,N,N,N,N,N,N,N,N,N,N,N,N,N
rey-arbol-toasty-charms,11111,Rey Arbol Toasty Charms,Lata/Botella,,N,,,,,,,81.00,,,,Y,Y,151.00,0.000,,N,N,N,N,N,N,N,N,N,N,N,N,N,N,N,N,N,N,N,N,N,N,N,N,N,N,N,N,N,N,N,N,N,N,N,N,N,N,N,N,N,N,N,N,N,N,N,N,N,N,N,N,N,N,N,N,N
rey-árbol-walter-hoppy,10428,Rey Árbol Walter Hoppy,Lata/Botella,,N,,,,,,,72.00,,,,Y,Y,136.00,0.000,0.000,N,N,N,N,N,N,N,N,N,N,N,N,N,N,N,N,N,N,N,N,N,N,N,N,N,N,N,N,N,N,N,N,N,N,N,N,N,N,N,N,N,N,N,N,N,N,N,N,N,N,N,N,N,N,N,N,N
rey-arbol--rock-garden,10617,Rey arbol- Rock Garden,Lata/Botella,,N,,,,,,,0.00,,,,Y,Y,128.00,0.000,,N,N,N,N,N,N,N,N,N,N,N,N,N,N,N,N,N,N,N,N,N,N,N,N,N,N,N,N,N,N,N,N,N,N,N,N,N,N,N,N,N,N,N,N,N,N,N,N,N,N,N,N,N,N,N,N,N
rey-árbol--un-viaje-a-kashyyk,10622,Rey Árbol- Un viaje a Kashyyk,Lata/Botella,,N,,,,,,,70.00,,,,Y,Y,133.00,0.000,,N,N,N,N,N,N,N,N,N,N,N,N,N,N,N,N,N,N,N,N,N,N,N,N,N,N,N,N,N,N,N,N,N,N,N,N,N,N,N,N,N,N,N,N,N,N,N,N,N,N,N,N,N,N,N,N,N
rey-árbol-nuevas-raíces,10674,Rey Árbol-nuevas raíces,Lata/Botella,,N,,,,,,,0.00,,,,Y,Y,139.00,0.000,,N,N,N,N,N,N,N,N,N,N,N,N,N,N,N,N,N,N,N,N,N,N,N,N,N,N,N,N,N,N,N,N,N,N,N,N,N,N,N,N,N,N,N,N,N,N,N,N,N,N,N,N,N,N,N,N,N
rince-cochon-750ml,10974,Rince Cochon 750ml,Lata/Botella,,N,,,,,,,200.00,,,,Y,Y,330.00,1.000,,N,N,N,N,N,N,N,N,N,N,N,N,N,N,N,N,N,N,N,N,N,N,N,N,N,N,N,N,N,N,N,N,N,N,N,N,N,N,N,N,N,N,N,N,N,N,N,N,N,N,N,N,N,N,N,N,N
rochefort---8-2,10050,Rochefort - 8,Lata/Botella,,N,,,,,,,96.02,,,,Y,Y,175.00,6.000,1000000.000,N,N,N,N,N,N,N,N,N,N,N,N,N,N,N,N,N,N,N,N,N,N,N,N,N,N,N,N,N,N,N,N,N,N,N,N,N,N,N,N,N,N,N,N,N,N,N,N,N,N,N,N,N,N,N,N,N
rochefort-10-330-ml-2,89,Rochefort 10 330 ml,Lata/Botella,,N,,,,,,,110.58,,,,Y,Y,199.00,2.000,999999.999,N,N,N,N,N,N,N,N,N,N,N,N,N,N,N,N,N,N,N,N,N,N,N,N,N,N,N,N,N,N,N,N,N,N,N,N,N,N,N,N,N,N,N,N,N,N,N,N,N,N,N,N,N,N,N,N,N
rochefort-tripel-extra,10587,Rochefort Tripel Extra,Lata/Botella,,N,,,,,,,85.99,,,,Y,Y,159.00,9.000,,N,N,N,N,N,N,N,N,N,N,N,N,N,N,N,N,N,N,N,N,N,N,N,N,N,N,N,N,N,N,N,N,N,N,N,N,N,N,N,N,N,N,N,N,N,N,N,N,N,N,N,N,N,N,N,N,N
rodenbach-grand-cru,11173,Rodenbach Grand Cru,Lata/Botella,,N,,,,,,,95.00,,,,Y,Y,174.00,5.000,,N,N,N,N,N,N,N,N,N,N,N,N,N,N,N,N,N,N,N,N,N,N,N,N,N,N,N,N,N,N,N,N,N,N,N,N,N,N,N,N,N,N,N,N,N,N,N,N,N,N,N,N,N,N,N,N,N
rogue-berry-blonde,10535,Rogue berry blonde,Lata/Botella,,N,,,,,,,0.00,,,,Y,Y,145.00,0.000,0.000,N,N,N,N,N,N,N,N,N,N,N,N,N,N,N,N,N,N,N,N,N,N,N,N,N,N,N,N,N,N,N,N,N,N,N,N,N,N,N,N,N,N,N,N,N,N,N,N,N,N,N,N,N,N,N,N,N
rogue-dead-guy-ipa,10824,Rogue Dead Guy IPA,Lata/Botella,,N,,,,,,,61.00,,,,Y,Y,135.00,0.000,,N,N,N,N,N,N,N,N,N,N,N,N,N,N,N,N,N,N,N,N,N,N,N,N,N,N,N,N,N,N,N,N,N,N,N,N,N,N,N,N,N,N,N,N,N,N,N,N,N,N,N,N,N,N,N,N,N
rogue-dead-guy-maibock,10825,Rogue Dead Guy Maibock,Lata/Botella,,N,,,,,,,61.00,,,,Y,Y,135.00,0.000,,N,N,N,N,N,N,N,N,N,N,N,N,N,N,N,N,N,N,N,N,N,N,N,N,N,N,N,N,N,N,N,N,N,N,N,N,N,N,N,N,N,N,N,N,N,N,N,N,N,N,N,N,N,N,N,N,N
rogue-dead-guy-pilsner,10823,Rogue Dead Guy Pilsner,Lata/Botella,,N,,,,,,,61.00,,,,Y,Y,135.00,0.000,,N,N,N,N,N,N,N,N,N,N,N,N,N,N,N,N,N,N,N,N,N,N,N,N,N,N,N,N,N,N,N,N,N,N,N,N,N,N,N,N,N,N,N,N,N,N,N,N,N,N,N,N,N,N,N,N,N
rogue-double-chocolate-stout,10488,Rogue Double Chocolate Stout,Lata/Botella,,N,,,,,,,119.00,,,,Y,Y,210.00,0.000,,N,N,N,N,N,N,N,N,N,N,N,N,N,N,N,N,N,N,N,N,N,N,N,N,N,N,N,N,N,N,N,N,N,N,N,N,N,N,N,N,N,N,N,N,N,N,N,N,N,N,N,N,N,N,N,N,N
rogue-honey-kölsch,10536,Rogue Honey Kölsch,Lata/Botella,,N,,,,,,,0.00,,,,Y,Y,145.00,0.000,0.000,N,N,N,N,N,N,N,N,N,N,N,N,N,N,N,N,N,N,N,N,N,N,N,N,N,N,N,N,N,N,N,N,N,N,N,N,N,N,N,N,N,N,N,N,N,N,N,N,N,N,N,N,N,N,N,N,N
rogue-pacific-northwest-ipa,10543,Rogue Pacific Northwest IPA,Lata/Botella,,N,,,,,,,0.00,,,,Y,Y,165.00,0.000,0.000,N,N,N,N,N,N,N,N,N,N,N,N,N,N,N,N,N,N,N,N,N,N,N,N,N,N,N,N,N,N,N,N,N,N,N,N,N,N,N,N,N,N,N,N,N,N,N,N,N,N,N,N,N,N,N,N,N
rogue-hazy-ipa,10539,Rogue-hazy ipa,Lata/Botella,,N,,,,,,,0.00,,,,Y,Y,165.00,0.000,0.000,N,N,N,N,N,N,N,N,N,N,N,N,N,N,N,N,N,N,N,N,N,N,N,N,N,N,N,N,N,N,N,N,N,N,N,N,N,N,N,N,N,N,N,N,N,N,N,N,N,N,N,N,N,N,N,N,N
rogue-imperial-ipa,10782,Rogue-imperial ipa,Lata/Botella,,N,,,,,,,0.00,,,,Y,Y,135.00,0.000,,N,N,N,N,N,N,N,N,N,N,N,N,N,N,N,N,N,N,N,N,N,N,N,N,N,N,N,N,N,N,N,N,N,N,N,N,N,N,N,N,N,N,N,N,N,N,N,N,N,N,N,N,N,N,N,N,N
roman-adriaen-brouwer-oaked,10834,Roman Adriaen Brouwer Oaked,Lata/Botella,,N,,,,,,,110.00,,,,Y,Y,198.00,3.000,,N,N,N,N,N,N,N,N,N,N,N,N,N,N,N,N,N,N,N,N,N,N,N,N,N,N,N,N,N,N,N,N,N,N,N,N,N,N,N,N,N,N,N,N,N,N,N,N,N,N,N,N,N,N,N,N,N
rouge-max,11016,Rouge Max,Lata/Botella,,N,,,,,,,109.00,,,,Y,Y,198.00,0.000,,N,N,N,N,N,N,N,N,N,N,N,N,N,N,N,N,N,N,N,N,N,N,N,N,N,N,N,N,N,N,N,N,N,N,N,N,N,N,N,N,N,N,N,N,N,N,N,N,N,N,N,N,N,N,N,N,N
rrey-kölsch,10454,Rrey Kölsch,Lata/Botella,,N,,,,,,,0.00,,,,Y,Y,84.00,0.000,0.000,N,N,N,N,N,N,N,N,N,N,N,N,N,N,N,N,N,N,N,N,N,N,N,N,N,N,N,N,N,N,N,N,N,N,N,N,N,N,N,N,N,N,N,N,N,N,N,N,N,N,N,N,N,N,N,N,N
rrëy-n°2-löndon-355-ml,5,Rrëy N°2 Löndon 355 ml,Lata/Botella,,N,,,,,,,0.00,,,,Y,Y,84.00,0.000,1000000.000,N,N,N,N,N,N,N,N,N,N,N,N,N,N,N,N,N,N,N,N,N,N,N,N,N,N,N,N,N,N,N,N,N,N,N,N,N,N,N,N,N,N,N,N,N,N,N,N,N,N,N,N,N,N,N,N,N
rrëy-n°3-whïte-355-ml,6,Rrëy N°3 Whïte 355 ml,Lata/Botella,,N,,,,,,,0.00,,,,Y,Y,84.00,0.000,1000000.000,N,N,N,N,N,N,N,N,N,N,N,N,N,N,N,N,N,N,N,N,N,N,N,N,N,N,N,N,N,N,N,N,N,N,N,N,N,N,N,N,N,N,N,N,N,N,N,N,N,N,N,N,N,N,N,N,N
rrëy-n°5-mëxican-ipa-355-ml,7,Rrëy N°5 Mëxican IPA 355 ml,Lata/Botella,,N,,,,,,,0.00,,,,Y,Y,88.00,0.000,1000000.000,N,N,N,N,N,N,N,N,N,N,N,N,N,N,N,N,N,N,N,N,N,N,N,N,N,N,N,N,N,N,N,N,N,N,N,N,N,N,N,N,N,N,N,N,N,N,N,N,N,N,N,N,N,N,N,N,N
sacro-bitter-is-not,11091,Sacro Bitter is Not,Lata/Botella,,N,,,,,,,85.00,,,,Y,Y,157.00,0.000,,N,N,N,N,N,N,N,N,N,N,N,N,N,N,N,N,N,N,N,N,N,N,N,N,N,N,N,N,N,N,N,N,N,N,N,N,N,N,N,N,N,N,N,N,N,N,N,N,N,N,N,N,N,N,N,N,N
sacro-bruce,10980,Sacro Bruce,Lata/Botella,,N,,,,,,,85.00,,,,Y,Y,157.00,0.000,,N,N,N,N,N,N,N,N,N,N,N,N,N,N,N,N,N,N,N,N,N,N,N,N,N,N,N,N,N,N,N,N,N,N,N,N,N,N,N,N,N,N,N,N,N,N,N,N,N,N,N,N,N,N,N,N,N
sacro-cerberus,11142,Sacro Cerberus,Lata/Botella,,N,,,,,,,120.00,,,,Y,Y,211.00,3.000,,N,N,N,N,N,N,N,N,N,N,N,N,N,N,N,N,N,N,N,N,N,N,N,N,N,N,N,N,N,N,N,N,N,N,N,N,N,N,N,N,N,N,N,N,N,N,N,N,N,N,N,N,N,N,N,N,N
sacro-dank-hop,11141,Sacro Dank Hop,Lata/Botella,,N,,,,,,,85.00,,,,Y,Y,157.00,0.000,,N,N,N,N,N,N,N,N,N,N,N,N,N,N,N,N,N,N,N,N,N,N,N,N,N,N,N,N,N,N,N,N,N,N,N,N,N,N,N,N,N,N,N,N,N,N,N,N,N,N,N,N,N,N,N,N,N
sacro-mr.-white,10944,Sacro Mr. White,Lata/Botella,,N,,,,,,,100.00,,,,Y,Y,182.00,0.000,,N,N,N,N,N,N,N,N,N,N,N,N,N,N,N,N,N,N,N,N,N,N,N,N,N,N,N,N,N,N,N,N,N,N,N,N,N,N,N,N,N,N,N,N,N,N,N,N,N,N,N,N,N,N,N,N,N
sacro-palo-grande,10993,Sacro Palo Grande,Lata/Botella,,N,,,,,,,100.00,,,,Y,Y,182.00,0.000,,N,N,N,N,N,N,N,N,N,N,N,N,N,N,N,N,N,N,N,N,N,N,N,N,N,N,N,N,N,N,N,N,N,N,N,N,N,N,N,N,N,N,N,N,N,N,N,N,N,N,N,N,N,N,N,N,N
sacro-say-my-name,10986,Sacro Say My Name,Lata/Botella,,N,,,,,,,100.00,,,,Y,Y,182.00,0.000,,N,N,N,N,N,N,N,N,N,N,N,N,N,N,N,N,N,N,N,N,N,N,N,N,N,N,N,N,N,N,N,N,N,N,N,N,N,N,N,N,N,N,N,N,N,N,N,N,N,N,N,N,N,N,N,N,N
sacro-stephoidea,10985,Sacro Stephoidea,Lata/Botella,,N,,,,,,,100.00,,,,Y,Y,182.00,0.000,,N,N,N,N,N,N,N,N,N,N,N,N,N,N,N,N,N,N,N,N,N,N,N,N,N,N,N,N,N,N,N,N,N,N,N,N,N,N,N,N,N,N,N,N,N,N,N,N,N,N,N,N,N,N,N,N,N
sacro-sugar-worms,10696,Sacro-Sugar worms,Lata/Botella,,N,,,,,,,0.00,,,,Y,Y,185.00,0.000,,N,N,N,N,N,N,N,N,N,N,N,N,N,N,N,N,N,N,N,N,N,N,N,N,N,N,N,N,N,N,N,N,N,N,N,N,N,N,N,N,N,N,N,N,N,N,N,N,N,N,N,N,N,N,N,N,N
saison-dupont-cuvee-dry-hopping,11021,Saison Dupont Cuvee Dry Hopping,Lata/Botella,,N,,,,,,,76.63,,,,Y,Y,144.00,0.000,,N,N,N,N,N,N,N,N,N,N,N,N,N,N,N,N,N,N,N,N,N,N,N,N,N,N,N,N,N,N,N,N,N,N,N,N,N,N,N,N,N,N,N,N,N,N,N,N,N,N,N,N,N,N,N,N,N
samichlaus-barrique-330-ml-botella,10968,Samichlaus Barrique 330 ml botella,Lata/Botella,,N,,,,,,,121.24,,,,Y,Y,213.00,12.000,,N,N,N,N,N,N,N,N,N,N,N,N,N,N,N,N,N,N,N,N,N,N,N,N,N,N,N,N,N,N,N,N,N,N,N,N,N,N,N,N,N,N,N,N,N,N,N,N,N,N,N,N,N,N,N,N,N
samichlaus-classic-330-ml-botella-2,10166,Samichlaus Classic 330 ml botella,Lata/Botella,,N,,,,,,,98.93,,,,Y,Y,180.00,4.000,,N,N,N,N,N,N,N,N,N,N,N,N,N,N,N,N,N,N,N,N,N,N,N,N,N,N,N,N,N,N,N,N,N,N,N,N,N,N,N,N,N,N,N,N,N,N,N,N,N,N,N,N,N,N,N,N,N
samichlaus-schwarzes-330-ml-botella-2,10167,Samichlaus Schwarzes 330 ml botella,Lata/Botella,,N,,,,,,,98.93,,,,Y,Y,180.00,7.000,,N,N,N,N,N,N,N,N,N,N,N,N,N,N,N,N,N,N,N,N,N,N,N,N,N,N,N,N,N,N,N,N,N,N,N,N,N,N,N,N,N,N,N,N,N,N,N,N,N,N,N,N,N,N,N,N,N
samuel-adams---boston-lager-2,10138,Samuel Adams - Boston Lager,Lata/Botella,,N,,,,,,,0.00,,,,Y,Y,110.00,0.000,1000000.000,N,N,N,N,N,N,N,N,N,N,N,N,N,N,N,N,N,N,N,N,N,N,N,N,N,N,N,N,N,N,N,N,N,N,N,N,N,N,N,N,N,N,N,N,N,N,N,N,N,N,N,N,N,N,N,N,N
samuel-adams-wicked-easy-2,10354,Samuel Adams Wicked Easy,Lata/Botella,,N,,,,,,,0.00,,,,Y,Y,131.00,0.000,0.000,N,N,N,N,N,N,N,N,N,N,N,N,N,N,N,N,N,N,N,N,N,N,N,N,N,N,N,N,N,N,N,N,N,N,N,N,N,N,N,N,N,N,N,N,N,N,N,N,N,N,N,N,N,N,N,N,N
samuel-smith---chocolate-organic-stout-2,10098,Samuel Smith - Chocolate Organic Stout,Lata/Botella,,N,,,,,,,66.95,,,,Y,Y,133.00,0.000,1000000.000,N,N,N,N,N,N,N,N,N,N,N,N,N,N,N,N,N,N,N,N,N,N,N,N,N,N,N,N,N,N,N,N,N,N,N,N,N,N,N,N,N,N,N,N,N,N,N,N,N,N,N,N,N,N,N,N,N
samuel-smith---imperial-stout-2,10251,Samuel Smith - Imperial Stout,Lata/Botella,,N,,,,,,,68.00,,,,Y,Y,133.00,10.000,,N,N,N,N,N,N,N,N,N,N,N,N,N,N,N,N,N,N,N,N,N,N,N,N,N,N,N,N,N,N,N,N,N,N,N,N,N,N,N,N,N,N,N,N,N,N,N,N,N,N,N,N,N,N,N,N,N
samuel-smith---cherry-2,10252,Samuel Smith - Organic Cherry,Lata/Botella,,N,,,,,,,79.49,,,,Y,Y,148.00,7.000,,N,N,N,N,N,N,N,N,N,N,N,N,N,N,N,N,N,N,N,N,N,N,N,N,N,N,N,N,N,N,N,N,N,N,N,N,N,N,N,N,N,N,N,N,N,N,N,N,N,N,N,N,N,N,N,N,N
samuel-smith---raspberry-2,10326,Samuel Smith - Raspberry,Lata/Botella,,N,,,,,,,79.49,,,,Y,Y,148.00,9.000,,N,N,N,N,N,N,N,N,N,N,N,N,N,N,N,N,N,N,N,N,N,N,N,N,N,N,N,N,N,N,N,N,N,N,N,N,N,N,N,N,N,N,N,N,N,N,N,N,N,N,N,N,N,N,N,N,N
samuel-smith---strawberry-2,10253,Samuel Smith - Strawberry,Lata/Botella,,N,,,,,,,79.49,,,,Y,Y,148.00,3.000,,N,N,N,N,N,N,N,N,N,N,N,N,N,N,N,N,N,N,N,N,N,N,N,N,N,N,N,N,N,N,N,N,N,N,N,N,N,N,N,N,N,N,N,N,N,N,N,N,N,N,N,N,N,N,N,N,N
samuel-smith-nut-brown-ale,10807,Samuel Smith Nut Brown Ale,Lata/Botella,,N,,,,,,,61.10,,,,Y,Y,122.00,6.000,,N,N,N,N,N,N,N,N,N,N,N,N,N,N,N,N,N,N,N,N,N,N,N,N,N,N,N,N,N,N,N,N,N,N,N,N,N,N,N,N,N,N,N,N,N,N,N,N,N,N,N,N,N,N,N,N,N
samuel-smith-oatmeal-stout,10843,Samuel Smith Oatmeal Stout,Lata/Botella,,N,,,,,,,68.00,,,,Y,Y,132.00,7.000,,N,N,N,N,N,N,N,N,N,N,N,N,N,N,N,N,N,N,N,N,N,N,N,N,N,N,N,N,N,N,N,N,N,N,N,N,N,N,N,N,N,N,N,N,N,N,N,N,N,N,N,N,N,N,N,N,N
samuel-smith-organic-apricot-355-ml-2,101,Samuel Smith Organic Apricot 355 ml,Lata/Botella,,N,,,,,,,77.11,,,,Y,Y,145.00,7.000,1000000.000,N,N,N,N,N,N,N,N,N,N,N,N,N,N,N,N,N,N,N,N,N,N,N,N,N,N,N,N,N,N,N,N,N,N,N,N,N,N,N,N,N,N,N,N,N,N,N,N,N,N,N,N,N,N,N,N,N
samuel-smith-organic-chocolate-stout-lata-440-ml-2,102,Samuel Smith Organic Chocolate Stout Lata 440 ml,Lata/Botella,,N,,,,,,,73.00,,,,Y,Y,138.00,6.000,1000000.000,N,N,N,N,N,N,N,N,N,N,N,N,N,N,N,N,N,N,N,N,N,N,N,N,N,N,N,N,N,N,N,N,N,N,N,N,N,N,N,N,N,N,N,N,N,N,N,N,N,N,N,N,N,N,N,N,N
samuel-smith-taddy-porter,10484,Samuel Smith Taddy Porter,Lata/Botella,,N,,,,,,,62.99,,,,Y,Y,120.00,0.000,,N,N,N,N,N,N,N,N,N,N,N,N,N,N,N,N,N,N,N,N,N,N,N,N,N,N,N,N,N,N,N,N,N,N,N,N,N,N,N,N,N,N,N,N,N,N,N,N,N,N,N,N,N,N,N,N,N
san-miguel,10760,San Miguel,Lata/Botella,,N,,,,,,,39.90,,,,Y,Y,84.90,0.000,,N,N,N,N,N,N,N,N,N,N,N,N,N,N,N,N,N,N,N,N,N,N,N,N,N,N,N,N,N,N,N,N,N,N,N,N,N,N,N,N,N,N,N,N,N,N,N,N,N,N,N,N,N,N,N,N,N
sans-golden-ale-sin-alcohol-2,10407,Sans Golden Ale sin alcohol,Lata/Botella,,N,,,,,,,52.00,,,,Y,Y,99.00,2.000,,N,N,N,N,N,N,N,N,N,N,N,N,N,N,N,N,N,N,N,N,N,N,N,N,N,N,N,N,N,N,N,N,N,N,N,N,N,N,N,N,N,N,N,N,N,N,N,N,N,N,N,N,N,N,N,N,N
sans-lager-sin-alcohol-2,10408,Sans Lager sin alcohol,Lata/Botella,,N,,,,,,,47.00,,,,Y,Y,99.00,0.000,,N,N,N,N,N,N,N,N,N,N,N,N,N,N,N,N,N,N,N,N,N,N,N,N,N,N,N,N,N,N,N,N,N,N,N,N,N,N,N,N,N,N,N,N,N,N,N,N,N,N,N,N,N,N,N,N,N
sans-stout-sin-alcohol-2,10206,Sans Stout sin alcohol,Lata/Botella,,N,,,,,,,52.00,,,,Y,Y,99.00,0.000,0.000,N,N,N,N,N,N,N,N,N,N,N,N,N,N,N,N,N,N,N,N,N,N,N,N,N,N,N,N,N,N,N,N,N,N,N,N,N,N,N,N,N,N,N,N,N,N,N,N,N,N,N,N,N,N,N,N,N
santa-sabina----follow-the-black-rabbit-2,10384,Santa Sabina  - Follow the Black Rabbit,Lata/Botella,,N,,,,,,,120.00,,,,Y,Y,211.00,0.000,0.000,N,N,N,N,N,N,N,N,N,N,N,N,N,N,N,N,N,N,N,N,N,N,N,N,N,N,N,N,N,N,N,N,N,N,N,N,N,N,N,N,N,N,N,N,N,N,N,N,N,N,N,N,N,N,N,N,N
santa-sabina---el-señor-invisible-y-su-helado-negro,10301,Santa Sabina - El Señor Invisible y su Helado Negro,Lata/Botella,,N,,,,,,,0.00,,,,Y,Y,177.00,0.000,,N,N,N,N,N,N,N,N,N,N,N,N,N,N,N,N,N,N,N,N,N,N,N,N,N,N,N,N,N,N,N,N,N,N,N,N,N,N,N,N,N,N,N,N,N,N,N,N,N,N,N,N,N,N,N,N,N
santa-sabina---homemade-banana-thai-2,10302,Santa Sabina - Homemade Banana Thai,Lata/Botella,,N,,,,,,,120.00,,,,Y,Y,211.00,0.000,,N,N,N,N,N,N,N,N,N,N,N,N,N,N,N,N,N,N,N,N,N,N,N,N,N,N,N,N,N,N,N,N,N,N,N,N,N,N,N,N,N,N,N,N,N,N,N,N,N,N,N,N,N,N,N,N,N
santa-sabina---hop-hop-hurra-2,10126,Santa Sabina - Hop Hop Hurra,Lata/Botella,,N,,,,,,,52.00,,,,Y,Y,99.00,0.000,1000000.000,N,N,N,N,N,N,N,N,N,N,N,N,N,N,N,N,N,N,N,N,N,N,N,N,N,N,N,N,N,N,N,N,N,N,N,N,N,N,N,N,N,N,N,N,N,N,N,N,N,N,N,N,N,N,N,N,N
santa-sabina---hop-hop-hurra-mandarina-2,10289,Santa Sabina - Hop Hop Hurra Mandarina,Lata/Botella,,N,,,,,,,58.00,,,,Y,Y,117.00,0.000,,N,N,N,N,N,N,N,N,N,N,N,N,N,N,N,N,N,N,N,N,N,N,N,N,N,N,N,N,N,N,N,N,N,N,N,N,N,N,N,N,N,N,N,N,N,N,N,N,N,N,N,N,N,N,N,N,N
santa-sabina---rosalía,10127,Santa Sabina - Rosalía,Lata/Botella,,N,,,,,,,66.12,,,,Y,Y,126.00,0.000,,N,N,N,N,N,N,N,N,N,N,N,N,N,N,N,N,N,N,N,N,N,N,N,N,N,N,N,N,N,N,N,N,N,N,N,N,N,N,N,N,N,N,N,N,N,N,N,N,N,N,N,N,N,N,N,N,N
santa-sabina---stout-de-olla-2,10266,Santa Sabina - Stout de Olla,Lata/Botella,,N,,,,,,,55.19,,,,Y,Y,105.00,0.000,,N,N,N,N,N,N,N,N,N,N,N,N,N,N,N,N,N,N,N,N,N,N,N,N,N,N,N,N,N,N,N,N,N,N,N,N,N,N,N,N,N,N,N,N,N,N,N,N,N,N,N,N,N,N,N,N,N
santa-sabina-1%-de-olla,10528,Santa Sabina 1% de Olla,Lata/Botella,,N,,,,,,,48.00,,,,Y,Y,91.00,0.000,,N,N,N,N,N,N,N,N,N,N,N,N,N,N,N,N,N,N,N,N,N,N,N,N,N,N,N,N,N,N,N,N,N,N,N,N,N,N,N,N,N,N,N,N,N,N,N,N,N,N,N,N,N,N,N,N,N
santa-sabina-alas-de-mosca,10800,Santa Sabina Alas de Mosca,Lata/Botella,,N,,,,,,,75.00,,,,Y,Y,141.00,0.000,,N,N,N,N,N,N,N,N,N,N,N,N,N,N,N,N,N,N,N,N,N,N,N,N,N,N,N,N,N,N,N,N,N,N,N,N,N,N,N,N,N,N,N,N,N,N,N,N,N,N,N,N,N,N,N,N,N
santa-sabina-banana-pecan,11123,Santa Sabina Banana Pecan,Lata/Botella,,N,,,,,,,130.00,,,,Y,Y,225.00,0.000,,N,N,N,N,N,N,N,N,N,N,N,N,N,N,N,N,N,N,N,N,N,N,N,N,N,N,N,N,N,N,N,N,N,N,N,N,N,N,N,N,N,N,N,N,N,N,N,N,N,N,N,N,N,N,N,N,N
santa-sabina-ceremonia,11170,Santa Sabina Ceremonia,Lata/Botella,,N,,,,,,,62.00,,,,Y,Y,118.00,0.000,,N,N,N,N,N,N,N,N,N,N,N,N,N,N,N,N,N,N,N,N,N,N,N,N,N,N,N,N,N,N,N,N,N,N,N,N,N,N,N,N,N,N,N,N,N,N,N,N,N,N,N,N,N,N,N,N,N
santa-sabina-combi-banana,10874,Santa Sabina combi banana,Lata/Botella,,N,,,,,,,138.71,,,,Y,Y,236.00,0.000,,N,N,N,N,N,N,N,N,N,N,N,N,N,N,N,N,N,N,N,N,N,N,N,N,N,N,N,N,N,N,N,N,N,N,N,N,N,N,N,N,N,N,N,N,N,N,N,N,N,N,N,N,N,N,N,N,N
santa-sabina-delirious-rabbits-universe,10464,Santa Sabina Delirious Rabbits Universe,Lata/Botella,,N,,,,,,,120.00,,,,Y,Y,211.00,0.000,0.000,N,N,N,N,N,N,N,N,N,N,N,N,N,N,N,N,N,N,N,N,N,N,N,N,N,N,N,N,N,N,N,N,N,N,N,N,N,N,N,N,N,N,N,N,N,N,N,N,N,N,N,N,N,N,N,N,N
santa-sabina-doce-años,10914,Santa Sabina Doce Años,Lata/Botella,,N,,,,,,,95.00,,,,Y,Y,174.00,0.000,,N,N,N,N,N,N,N,N,N,N,N,N,N,N,N,N,N,N,N,N,N,N,N,N,N,N,N,N,N,N,N,N,N,N,N,N,N,N,N,N,N,N,N,N,N,N,N,N,N,N,N,N,N,N,N,N,N
santa-sabina-don-alejandro-mango,11231,Santa Sabina Don Alejandro Mango,Lata/Botella,,N,,,,,,,77.60,,,,Y,Y,145.00,1.000,,N,N,N,N,N,N,N,N,N,N,N,N,N,N,N,N,N,N,N,N,N,N,N,N,N,N,N,N,N,N,N,N,N,N,N,N,N,N,N,N,N,N,N,N,N,N,N,N,N,N,N,N,N,N,N,N,N
santa-sabina-el-contra-ataque-del-capitan-churro-2,10350,Santa Sabina El Contra ataque del capitan churro,Lata/Botella,,N,,,,,,,0.00,,,,Y,Y,193.00,0.000,0.000,N,N,N,N,N,N,N,N,N,N,N,N,N,N,N,N,N,N,N,N,N,N,N,N,N,N,N,N,N,N,N,N,N,N,N,N,N,N,N,N,N,N,N,N,N,N,N,N,N,N,N,N,N,N,N,N,N
santa-sabina-gelato-mostro,10960,Santa Sabina Gelato Mostro,Lata/Botella,,N,,,,,,,115.00,,,,Y,Y,223.00,0.000,,N,N,N,N,N,N,N,N,N,N,N,N,N,N,N,N,N,N,N,N,N,N,N,N,N,N,N,N,N,N,N,N,N,N,N,N,N,N,N,N,N,N,N,N,N,N,N,N,N,N,N,N,N,N,N,N,N
santa-sabina-great-banana-rabbit,11132,Santa Sabina Great Banana Rabbit,Lata/Botella,,N,,,,,,,160.00,,,,Y,Y,269.00,0.000,,N,N,N,N,N,N,N,N,N,N,N,N,N,N,N,N,N,N,N,N,N,N,N,N,N,N,N,N,N,N,N,N,N,N,N,N,N,N,N,N,N,N,N,N,N,N,N,N,N,N,N,N,N,N,N,N,N
santa-sabina-hop-hop-hurra-limoncello,10712,Santa Sabina Hop Hop Hurra Limoncello,Lata/Botella,,N,,,,,,,63.00,,,,Y,Y,120.00,0.000,,N,N,N,N,N,N,N,N,N,N,N,N,N,N,N,N,N,N,N,N,N,N,N,N,N,N,N,N,N,N,N,N,N,N,N,N,N,N,N,N,N,N,N,N,N,N,N,N,N,N,N,N,N,N,N,N,N
santa-sabina-hop-hop-hurra-toronja,10621,Santa Sabina Hop Hop Hurra Toronja,Lata/Botella,,N,,,,,,,62.00,,,,Y,Y,118.00,0.000,,N,N,N,N,N,N,N,N,N,N,N,N,N,N,N,N,N,N,N,N,N,N,N,N,N,N,N,N,N,N,N,N,N,N,N,N,N,N,N,N,N,N,N,N,N,N,N,N,N,N,N,N,N,N,N,N,N
santa-sabina-i've-fondo-the-white-rabbit,10461,Santa Sabina I've found the White rabbit,Lata/Botella,,N,,,,,,,120.00,,,,Y,Y,211.00,0.000,0.000,N,N,N,N,N,N,N,N,N,N,N,N,N,N,N,N,N,N,N,N,N,N,N,N,N,N,N,N,N,N,N,N,N,N,N,N,N,N,N,N,N,N,N,N,N,N,N,N,N,N,N,N,N,N,N,N,N
santa-sabina-killing-the-dazed-moon,11065,Santa Sabina Killing the Dazed Moon,Lata/Botella,,N,,,,,,,139.68,,,,Y,Y,238.00,0.000,,N,N,N,N,N,N,N,N,N,N,N,N,N,N,N,N,N,N,N,N,N,N,N,N,N,N,N,N,N,N,N,N,N,N,N,N,N,N,N,N,N,N,N,N,N,N,N,N,N,N,N,N,N,N,N,N,N
santa-sabina-kinky-breakfast,10636,Santa Sabina Kinky Breakfast,Lata/Botella,,N,,,,,,,60.00,,,,Y,Y,114.00,0.000,,N,N,N,N,N,N,N,N,N,N,N,N,N,N,N,N,N,N,N,N,N,N,N,N,N,N,N,N,N,N,N,N,N,N,N,N,N,N,N,N,N,N,N,N,N,N,N,N,N,N,N,N,N,N,N,N,N
santa-sabina-los-degenerados,11162,Santa Sabina Los Degenerados,Lata/Botella,,N,,,,,,,75.66,,,,Y,Y,142.00,0.000,,N,N,N,N,N,N,N,N,N,N,N,N,N,N,N,N,N,N,N,N,N,N,N,N,N,N,N,N,N,N,N,N,N,N,N,N,N,N,N,N,N,N,N,N,N,N,N,N,N,N,N,N,N,N,N,N,N
santa-sabina-magic-fluffy-muffins,10801,Santa Sabina MAgic Fluffy Muffins,Lata/Botella,,N,,,,,,,145.00,,,,Y,Y,246.00,0.000,,N,N,N,N,N,N,N,N,N,N,N,N,N,N,N,N,N,N,N,N,N,N,N,N,N,N,N,N,N,N,N,N,N,N,N,N,N,N,N,N,N,N,N,N,N,N,N,N,N,N,N,N,N,N,N,N,N
santa-sabina-mani-de-olla,10701,Santa Sabina Mani de Olla,Lata/Botella,,N,,,,,,,65.00,,,,Y,Y,124.00,4.000,,N,N,N,N,N,N,N,N,N,N,N,N,N,N,N,N,N,N,N,N,N,N,N,N,N,N,N,N,N,N,N,N,N,N,N,N,N,N,N,N,N,N,N,N,N,N,N,N,N,N,N,N,N,N,N,N,N
santa-sabina-memelada-de-olla,11072,Santa Sabina Mermelada de Olla,Lata/Botella,,N,,,,,,,62.00,,,,Y,Y,155.00,0.000,,N,N,N,N,N,N,N,N,N,N,N,N,N,N,N,N,N,N,N,N,N,N,N,N,N,N,N,N,N,N,N,N,N,N,N,N,N,N,N,N,N,N,N,N,N,N,N,N,N,N,N,N,N,N,N,N,N
santa-sabina-ojos-de-mosca,11186,Santa Sabina Ojos de Mosca,Lata/Botella,,N,,,,,,,83.00,,,,Y,Y,154.00,0.000,,N,N,N,N,N,N,N,N,N,N,N,N,N,N,N,N,N,N,N,N,N,N,N,N,N,N,N,N,N,N,N,N,N,N,N,N,N,N,N,N,N,N,N,N,N,N,N,N,N,N,N,N,N,N,N,N,N
santa-sabina-pan-de-olla,10896,Santa Sabina Pan de Olla,Lata/Botella,,N,,,,,,,62.00,,,,Y,Y,118.00,0.000,,N,N,N,N,N,N,N,N,N,N,N,N,N,N,N,N,N,N,N,N,N,N,N,N,N,N,N,N,N,N,N,N,N,N,N,N,N,N,N,N,N,N,N,N,N,N,N,N,N,N,N,N,N,N,N,N,N
santa-sabina-pistacchio-oasis,11025,Santa Sabina Pistacchio Oasis,Lata/Botella,,N,,,,,,,138.71,,,,Y,Y,236.00,0.000,,N,N,N,N,N,N,N,N,N,N,N,N,N,N,N,N,N,N,N,N,N,N,N,N,N,N,N,N,N,N,N,N,N,N,N,N,N,N,N,N,N,N,N,N,N,N,N,N,N,N,N,N,N,N,N,N,N
santa-sabina-pumpkin-de-olla,10802,Santa Sabina Pumpkin de Olla,Lata/Botella,,N,,,,,,,65.00,,,,Y,Y,124.00,0.000,,N,N,N,N,N,N,N,N,N,N,N,N,N,N,N,N,N,N,N,N,N,N,N,N,N,N,N,N,N,N,N,N,N,N,N,N,N,N,N,N,N,N,N,N,N,N,N,N,N,N,N,N,N,N,N,N,N
santa-sabina-requiem-2,10351,Santa Sabina Requiem,Lata/Botella,,N,,,,,,,158.00,,,,Y,Y,312.00,0.000,0.000,N,N,N,N,N,N,N,N,N,N,N,N,N,N,N,N,N,N,N,N,N,N,N,N,N,N,N,N,N,N,N,N,N,N,N,N,N,N,N,N,N,N,N,N,N,N,N,N,N,N,N,N,N,N,N,N,N
santa-sabina-requiem-raspberry-2,10352,Santa Sabina Requiem Raspberry,Lata/Botella,,N,,,,,,,0.00,,,,Y,Y,312.00,0.000,0.000,N,N,N,N,N,N,N,N,N,N,N,N,N,N,N,N,N,N,N,N,N,N,N,N,N,N,N,N,N,N,N,N,N,N,N,N,N,N,N,N,N,N,N,N,N,N,N,N,N,N,N,N,N,N,N,N,N
santa-sabina-ritual-imperial-stout,11073,Santa Sabina Ritual Imperial Stout,Lata/Botella,,N,,,,,,,105.00,,,,Y,Y,190.00,0.000,,N,N,N,N,N,N,N,N,N,N,N,N,N,N,N,N,N,N,N,N,N,N,N,N,N,N,N,N,N,N,N,N,N,N,N,N,N,N,N,N,N,N,N,N,N,N,N,N,N,N,N,N,N,N,N,N,N
santa-sabina-s'mores-de-olla,11004,Santa Sabina S'mores de Olla,Lata/Botella,,N,,,,,,,62.00,,,,Y,Y,118.00,0.000,,N,N,N,N,N,N,N,N,N,N,N,N,N,N,N,N,N,N,N,N,N,N,N,N,N,N,N,N,N,N,N,N,N,N,N,N,N,N,N,N,N,N,N,N,N,N,N,N,N,N,N,N,N,N,N,N,N
santa-sabina-santuario-bodegón-3,10655,Santa Sabina Santuario Bodegón 3,Lata/Botella,,N,,,,,,,166.00,,,,Y,Y,280.00,0.000,,N,N,N,N,N,N,N,N,N,N,N,N,N,N,N,N,N,N,N,N,N,N,N,N,N,N,N,N,N,N,N,N,N,N,N,N,N,N,N,N,N,N,N,N,N,N,N,N,N,N,N,N,N,N,N,N,N
santa-sabina-seagul--patrol,11178,Santa Sabina Seagul  Patrol,Lata/Botella,,N,,,,,,,52.00,,,,Y,Y,99.00,0.000,,N,N,N,N,N,N,N,N,N,N,N,N,N,N,N,N,N,N,N,N,N,N,N,N,N,N,N,N,N,N,N,N,N,N,N,N,N,N,N,N,N,N,N,N,N,N,N,N,N,N,N,N,N,N,N,N,N
santa-sabina,10704,Santa Sabina Sleepy Giant,Lata/Botella,,N,,,,,,,175.00,,,,Y,Y,292.00,0.000,,N,N,N,N,N,N,N,N,N,N,N,N,N,N,N,N,N,N,N,N,N,N,N,N,N,N,N,N,N,N,N,N,N,N,N,N,N,N,N,N,N,N,N,N,N,N,N,N,N,N,N,N,N,N,N,N,N
santa-sabina-who-the-fuck-is-sabina?,10529,Santa Sabina Who the fuck is Sabina?,Lata/Botella,,N,,,,,,,68.00,,,,Y,Y,132.00,0.000,,N,N,N,N,N,N,N,N,N,N,N,N,N,N,N,N,N,N,N,N,N,N,N,N,N,N,N,N,N,N,N,N,N,N,N,N,N,N,N,N,N,N,N,N,N,N,N,N,N,N,N,N,N,N,N,N,N
santa-sabina--moras-de-olla,10650,Santa Sabina- moras de olla,Lata/Botella,,N,,,,,,,63.00,,,,Y,Y,120.00,0.000,,N,N,N,N,N,N,N,N,N,N,N,N,N,N,N,N,N,N,N,N,N,N,N,N,N,N,N,N,N,N,N,N,N,N,N,N,N,N,N,N,N,N,N,N,N,N,N,N,N,N,N,N,N,N,N,N,N
santa-sabina-barro-negro,10747,Santa Sabina-Barro negro,Lata/Botella,,N,,,,,,,0.00,,,,Y,Y,107.00,0.000,,N,N,N,N,N,N,N,N,N,N,N,N,N,N,N,N,N,N,N,N,N,N,N,N,N,N,N,N,N,N,N,N,N,N,N,N,N,N,N,N,N,N,N,N,N,N,N,N,N,N,N,N,N,N,N,N,N
satan-black-2,10363,Satan Black,Lata/Botella,,N,,,,,,,0.00,,,,Y,Y,160.00,0.000,0.000,N,N,N,N,N,N,N,N,N,N,N,N,N,N,N,N,N,N,N,N,N,N,N,N,N,N,N,N,N,N,N,N,N,N,N,N,N,N,N,N,N,N,N,N,N,N,N,N,N,N,N,N,N,N,N,N,N
schlenkerla---marzen-2,10073,Schlenkerla - Marzen,Lata/Botella,,N,,,,,,,88.00,,,,Y,Y,185.00,5.000,1000000.000,N,N,N,N,N,N,N,N,N,N,N,N,N,N,N,N,N,N,N,N,N,N,N,N,N,N,N,N,N,N,N,N,N,N,N,N,N,N,N,N,N,N,N,N,N,N,N,N,N,N,N,N,N,N,N,N,N
schlenkerla-erle,11140,Schlenkerla Erle,Lata/Botella,,N,,,,,,,88.00,,,,Y,Y,185.00,0.000,,N,N,N,N,N,N,N,N,N,N,N,N,N,N,N,N,N,N,N,N,N,N,N,N,N,N,N,N,N,N,N,N,N,N,N,N,N,N,N,N,N,N,N,N,N,N,N,N,N,N,N,N,N,N,N,N,N
schlenkerla-helles,11139,Schlenkerla Helles,Lata/Botella,,N,,,,,,,88.00,,,,Y,Y,185.00,4.000,,N,N,N,N,N,N,N,N,N,N,N,N,N,N,N,N,N,N,N,N,N,N,N,N,N,N,N,N,N,N,N,N,N,N,N,N,N,N,N,N,N,N,N,N,N,N,N,N,N,N,N,N,N,N,N,N,N
schlenkerla-rotbier,11258,Schlenkerla Rotbier,Lata/Botella,,N,,,,,,,88.00,,,,Y,Y,162.00,5.000,,N,N,N,N,N,N,N,N,N,N,N,N,N,N,N,N,N,N,N,N,N,N,N,N,N,N,N,N,N,N,N,N,N,N,N,N,N,N,N,N,N,N,N,N,N,N,N,N,N,N,N,N,N,N,N,N,N
schlenkerla-schwarbier,11259,Schlenkerla Schwarbier,Lata/Botella,,N,,,,,,,88.00,,,,Y,Y,162.00,2.000,,N,N,N,N,N,N,N,N,N,N,N,N,N,N,N,N,N,N,N,N,N,N,N,N,N,N,N,N,N,N,N,N,N,N,N,N,N,N,N,N,N,N,N,N,N,N,N,N,N,N,N,N,N,N,N,N,N
schlenkerla-urbock-2,10378,Schlenkerla Urbock,Lata/Botella,,N,,,,,,,0.00,,,,Y,Y,185.00,0.000,0.000,N,N,N,N,N,N,N,N,N,N,N,N,N,N,N,N,N,N,N,N,N,N,N,N,N,N,N,N,N,N,N,N,N,N,N,N,N,N,N,N,N,N,N,N,N,N,N,N,N,N,N,N,N,N,N,N,N
schlenkerla-weichsel-2,10338,Schlenkerla Weichsel,Lata/Botella,,N,,,,,,,88.00,,,,Y,Y,185.00,0.000,0.000,N,N,N,N,N,N,N,N,N,N,N,N,N,N,N,N,N,N,N,N,N,N,N,N,N,N,N,N,N,N,N,N,N,N,N,N,N,N,N,N,N,N,N,N,N,N,N,N,N,N,N,N,N,N,N,N,N
schneider-tap-5,10417,Schneider Tap 5,Lata/Botella,,N,,,,,,,0.00,,,,Y,Y,137.00,0.000,0.000,N,N,N,N,N,N,N,N,N,N,N,N,N,N,N,N,N,N,N,N,N,N,N,N,N,N,N,N,N,N,N,N,N,N,N,N,N,N,N,N,N,N,N,N,N,N,N,N,N,N,N,N,N,N,N,N,N
schneider-weisse-aventinus-eisbock-330-m-2,10163,Schneider Weisse Aventinus Eisbock 330 m,Lata/Botella,,N,,,,,,,0.00,,,,Y,Y,137.00,0.000,,N,N,N,N,N,N,N,N,N,N,N,N,N,N,N,N,N,N,N,N,N,N,N,N,N,N,N,N,N,N,N,N,N,N,N,N,N,N,N,N,N,N,N,N,N,N,N,N,N,N,N,N,N,N,N,N,N
schnitzlbaumer-export-hell-500ml-2,10143,Schnitzlbaumer Export Hell 500ml,Lata/Botella,,N,,,,,,,0.00,,,,Y,Y,105.00,0.000,,N,N,N,N,N,N,N,N,N,N,N,N,N,N,N,N,N,N,N,N,N,N,N,N,N,N,N,N,N,N,N,N,N,N,N,N,N,N,N,N,N,N,N,N,N,N,N,N,N,N,N,N,N,N,N,N,N
schoffenhofer-toronja-330-ml-2,92,Schofferhofer Toronja 330 ml,Lata/Botella,,N,,,,,,,0.00,,,,Y,Y,115.00,0.000,1000000.000,N,N,N,N,N,N,N,N,N,N,N,N,N,N,N,N,N,N,N,N,N,N,N,N,N,N,N,N,N,N,N,N,N,N,N,N,N,N,N,N,N,N,N,N,N,N,N,N,N,N,N,N,N,N,N,N,N
schoffenhofer-weiss-500-ml-2,91,Schofferhofer Weiss 500 ml,Lata/Botella,,N,,,,,,,97.00,,,,Y,Y,177.00,0.000,1000000.000,N,N,N,N,N,N,N,N,N,N,N,N,N,N,N,N,N,N,N,N,N,N,N,N,N,N,N,N,N,N,N,N,N,N,N,N,N,N,N,N,N,N,N,N,N,N,N,N,N,N,N,N,N,N,N,N,N
schöffenhofer-weizen-dunkel,10482,Schofferhofer Weizen Dunkel,Lata/Botella,,N,,,,,,,97.00,,,,Y,Y,177.00,-3.000,,N,N,N,N,N,N,N,N,N,N,N,N,N,N,N,N,N,N,N,N,N,N,N,N,N,N,N,N,N,N,N,N,N,N,N,N,N,N,N,N,N,N,N,N,N,N,N,N,N,N,N,N,N,N,N,N,N
schöffenhofer-sandia,10556,Schofferhofer-Sandia,Lata/Botella,,N,,,,,,,0.00,,,,Y,Y,129.00,0.000,,N,N,N,N,N,N,N,N,N,N,N,N,N,N,N,N,N,N,N,N,N,N,N,N,N,N,N,N,N,N,N,N,N,N,N,N,N,N,N,N,N,N,N,N,N,N,N,N,N,N,N,N,N,N,N,N,N
schuppenboer---maxima-2,10234,Schuppenboer - Maxima,Lata/Botella,,N,,,,,,,0.00,,,,Y,Y,265.00,0.000,,N,N,N,N,N,N,N,N,N,N,N,N,N,N,N,N,N,N,N,N,N,N,N,N,N,N,N,N,N,N,N,N,N,N,N,N,N,N,N,N,N,N,N,N,N,N,N,N,N,N,N,N,N,N,N,N,N
seef-bier,10688,Seef Bier,Lata/Botella,,N,,,,,,,97.00,,,,Y,Y,177.00,0.000,,N,N,N,N,N,N,N,N,N,N,N,N,N,N,N,N,N,N,N,N,N,N,N,N,N,N,N,N,N,N,N,N,N,N,N,N,N,N,N,N,N,N,N,N,N,N,N,N,N,N,N,N,N,N,N,N,N
seek-beer-local-riff-raff,10496,Seek Beer Local Riff Raff,Lata/Botella,,N,,,,,,,154.99,,,,Y,Y,261.00,0.000,,N,N,N,N,N,N,N,N,N,N,N,N,N,N,N,N,N,N,N,N,N,N,N,N,N,N,N,N,N,N,N,N,N,N,N,N,N,N,N,N,N,N,N,N,N,N,N,N,N,N,N,N,N,N,N,N,N
seek-beer-sentri-access-colab.-insurgente,10497,Seek Beer Sentri Access colab. Insurgente,Lata/Botella,,N,,,,,,,154.99,,,,Y,Y,261.00,0.000,,N,N,N,N,N,N,N,N,N,N,N,N,N,N,N,N,N,N,N,N,N,N,N,N,N,N,N,N,N,N,N,N,N,N,N,N,N,N,N,N,N,N,N,N,N,N,N,N,N,N,N,N,N,N,N,N,N
seek-beer-tumbling-dice,10499,Seek Beer Tumbling Dice,Lata/Botella,,N,,,,,,,154.99,,,,Y,Y,261.00,0.000,,N,N,N,N,N,N,N,N,N,N,N,N,N,N,N,N,N,N,N,N,N,N,N,N,N,N,N,N,N,N,N,N,N,N,N,N,N,N,N,N,N,N,N,N,N,N,N,N,N,N,N,N,N,N,N,N,N
seek-beer-vivid-expression,10498,Seek Beer Vivid Expression,Lata/Botella,,N,,,,,,,154.99,,,,Y,Y,261.00,0.000,,N,N,N,N,N,N,N,N,N,N,N,N,N,N,N,N,N,N,N,N,N,N,N,N,N,N,N,N,N,N,N,N,N,N,N,N,N,N,N,N,N,N,N,N,N,N,N,N,N,N,N,N,N,N,N,N,N
shepherd-neame-christmas-ale,10940,Shepherd Neame Christmas Ale,Lata/Botella,,N,,,,,,,90.00,,,,Y,Y,166.00,1.000,,N,N,N,N,N,N,N,N,N,N,N,N,N,N,N,N,N,N,N,N,N,N,N,N,N,N,N,N,N,N,N,N,N,N,N,N,N,N,N,N,N,N,N,N,N,N,N,N,N,N,N,N,N,N,N,N,N
shepherd-neame-double-stout,11182,Shepherd Neame Double Stout,Lata/Botella,,N,,,,,,,80.00,,,,Y,Y,149.00,2.000,,N,N,N,N,N,N,N,N,N,N,N,N,N,N,N,N,N,N,N,N,N,N,N,N,N,N,N,N,N,N,N,N,N,N,N,N,N,N,N,N,N,N,N,N,N,N,N,N,N,N,N,N,N,N,N,N,N
shepherd-neame-master-brew-_-1698-2,10383,Shepherd Neame Master Brew _ 1698,Lata/Botella,,N,,,,,,,0.00,,,,Y,Y,135.00,0.000,0.000,N,N,N,N,N,N,N,N,N,N,N,N,N,N,N,N,N,N,N,N,N,N,N,N,N,N,N,N,N,N,N,N,N,N,N,N,N,N,N,N,N,N,N,N,N,N,N,N,N,N,N,N,N,N,N,N,N
sierra-nevada---atomic-torpedo-lata-grande-2,10139,Sierra Nevada - Atomic Torpedo Lata Grande,Lata/Botella,,N,,,,,,,128.00,,,,Y,Y,222.00,4.000,1000000.000,N,N,N,N,N,N,N,N,N,N,N,N,N,N,N,N,N,N,N,N,N,N,N,N,N,N,N,N,N,N,N,N,N,N,N,N,N,N,N,N,N,N,N,N,N,N,N,N,N,N,N,N,N,N,N,N,N
sierra-nevada---hoptimum-2,10140,Sierra Nevada - Hoptimum,Lata/Botella,,N,,,,,,,0.00,,,,Y,Y,125.00,0.000,1000000.000,N,N,N,N,N,N,N,N,N,N,N,N,N,N,N,N,N,N,N,N,N,N,N,N,N,N,N,N,N,N,N,N,N,N,N,N,N,N,N,N,N,N,N,N,N,N,N,N,N,N,N,N,N,N,N,N,N
sierra-nevada---pale-ale-2,10315,Sierra Nevada - Pale Ale,Lata/Botella,,N,,,,,,,77.00,,,,Y,Y,144.00,1.000,,N,N,N,N,N,N,N,N,N,N,N,N,N,N,N,N,N,N,N,N,N,N,N,N,N,N,N,N,N,N,N,N,N,N,N,N,N,N,N,N,N,N,N,N,N,N,N,N,N,N,N,N,N,N,N,N,N
sierra-nevada---torpedo-2,10141,Sierra Nevada - Torpedo,Lata/Botella,,N,,,,,,,77.00,,,,Y,Y,144.00,1.000,1000000.000,N,N,N,N,N,N,N,N,N,N,N,N,N,N,N,N,N,N,N,N,N,N,N,N,N,N,N,N,N,N,N,N,N,N,N,N,N,N,N,N,N,N,N,N,N,N,N,N,N,N,N,N,N,N,N,N,N
sierra-nevada---trail-pass-golden-2,10314,Sierra Nevada - Trail Pass Golden,Lata/Botella,,N,,,,,,,0.00,,,,Y,Y,99.00,0.000,,N,N,N,N,N,N,N,N,N,N,N,N,N,N,N,N,N,N,N,N,N,N,N,N,N,N,N,N,N,N,N,N,N,N,N,N,N,N,N,N,N,N,N,N,N,N,N,N,N,N,N,N,N,N,N,N,N
sierra-nevada-atomic-torpedo-lata-chica,10531,Sierra Nevada Atomic Torpedo Lata Chica,Lata/Botella,,N,,,,,,,75.00,,,,Y,Y,141.00,0.000,,N,N,N,N,N,N,N,N,N,N,N,N,N,N,N,N,N,N,N,N,N,N,N,N,N,N,N,N,N,N,N,N,N,N,N,N,N,N,N,N,N,N,N,N,N,N,N,N,N,N,N,N,N,N,N,N,N
sierra-nevada-big-foot-2025,10514,Sierra Nevada Big Foot 2025,Lata/Botella,,N,,,,,,,80.00,,,,Y,Y,149.00,0.000,0.000,N,N,N,N,N,N,N,N,N,N,N,N,N,N,N,N,N,N,N,N,N,N,N,N,N,N,N,N,N,N,N,N,N,N,N,N,N,N,N,N,N,N,N,N,N,N,N,N,N,N,N,N,N,N,N,N,N
sierra-nevada-big-little-thing,10516,Sierra Nevada Big Little Thing,Lata/Botella,,N,,,,,,,114.00,,,,Y,Y,203.00,0.000,0.000,N,N,N,N,N,N,N,N,N,N,N,N,N,N,N,N,N,N,N,N,N,N,N,N,N,N,N,N,N,N,N,N,N,N,N,N,N,N,N,N,N,N,N,N,N,N,N,N,N,N,N,N,N,N,N,N,N
sierra-nevada-celebration-2,10355,Sierra Nevada Celebration,Lata/Botella,,N,,,,,,,75.00,,,,Y,Y,141.00,0.000,0.000,N,N,N,N,N,N,N,N,N,N,N,N,N,N,N,N,N,N,N,N,N,N,N,N,N,N,N,N,N,N,N,N,N,N,N,N,N,N,N,N,N,N,N,N,N,N,N,N,N,N,N,N,N,N,N,N,N
sierra-nevada-cosmic-little-thing-ipa,10776,Sierra Nevada Cosmic Little Thing IPA,Lata/Botella,,N,,,,,,,115.00,,,,Y,Y,205.00,0.000,,N,N,N,N,N,N,N,N,N,N,N,N,N,N,N,N,N,N,N,N,N,N,N,N,N,N,N,N,N,N,N,N,N,N,N,N,N,N,N,N,N,N,N,N,N,N,N,N,N,N,N,N,N,N,N,N,N
sierra-nevada-juicy-little-thing-2,96,Sierra Nevada Juicy Little Thing,Lata/Botella,,N,,,,,,,0.00,,,,Y,Y,120.00,0.000,1000000.000,N,N,N,N,N,N,N,N,N,N,N,N,N,N,N,N,N,N,N,N,N,N,N,N,N,N,N,N,N,N,N,N,N,N,N,N,N,N,N,N,N,N,N,N,N,N,N,N,N,N,N,N,N,N,N,N,N
sierra-nevada-narwhal-2,10212,Sierra Nevada Narwhal,Lata/Botella,,N,,,,,,,75.00,,,,Y,Y,141.00,0.000,0.000,N,N,N,N,N,N,N,N,N,N,N,N,N,N,N,N,N,N,N,N,N,N,N,N,N,N,N,N,N,N,N,N,N,N,N,N,N,N,N,N,N,N,N,N,N,N,N,N,N,N,N,N,N,N,N,N,N
sierra-nevada-narwhal-barrel-aged-lata,10713,Sierra Nevada Narwhal Barrel Aged Lata,Lata/Botella,,N,,,,,,,120.00,,,,Y,Y,211.00,0.000,,N,N,N,N,N,N,N,N,N,N,N,N,N,N,N,N,N,N,N,N,N,N,N,N,N,N,N,N,N,N,N,N,N,N,N,N,N,N,N,N,N,N,N,N,N,N,N,N,N,N,N,N,N,N,N,N,N
sierra-nevada-oktoberfest,10806,Sierra Nevada Oktoberfest,Lata/Botella,,N,,,,,,,75.00,,,,Y,Y,141.00,0.000,,N,N,N,N,N,N,N,N,N,N,N,N,N,N,N,N,N,N,N,N,N,N,N,N,N,N,N,N,N,N,N,N,N,N,N,N,N,N,N,N,N,N,N,N,N,N,N,N,N,N,N,N,N,N,N,N,N
spitfire-500-ml-2,98,Spitfire 500 ml,Lata/Botella,,N,,,,,,,0.00,,,,Y,Y,137.00,0.000,1000000.000,N,N,N,N,N,N,N,N,N,N,N,N,N,N,N,N,N,N,N,N,N,N,N,N,N,N,N,N,N,N,N,N,N,N,N,N,N,N,N,N,N,N,N,N,N,N,N,N,N,N,N,N,N,N,N,N,N
st-bernardus-abt-12-magnum-edition-2014-2,10360,St Bernardus ABT 12 Magnum Edition 2024,Lata/Botella,,N,,,,,,,650.00,,,,Y,Y,1470.00,3.000,0.000,N,N,N,N,N,N,N,N,N,N,N,N,N,N,N,N,N,N,N,N,N,N,N,N,N,N,N,N,N,N,N,N,N,N,N,N,N,N,N,N,N,N,N,N,N,N,N,N,N,N,N,N,N,N,N,N,N
st-bernardus-christmas-ale-2,10359,St Bernardus Christmas Ale,Lata/Botella,,N,,,,,,,0.00,,,,Y,Y,350.00,0.000,0.000,N,N,N,N,N,N,N,N,N,N,N,N,N,N,N,N,N,N,N,N,N,N,N,N,N,N,N,N,N,N,N,N,N,N,N,N,N,N,N,N,N,N,N,N,N,N,N,N,N,N,N,N,N,N,N,N,N
st-bernardus-watou-tripel-330-ml-botella-2,10159,St Bernardus Watou Tripel 330 ml,Lata/Botella,,N,,,,,,,67.89,,,,Y,Y,131.00,0.000,,N,N,N,N,N,N,N,N,N,N,N,N,N,N,N,N,N,N,N,N,N,N,N,N,N,N,N,N,N,N,N,N,N,N,N,N,N,N,N,N,N,N,N,N,N,N,N,N,N,N,N,N,N,N,N,N,N
st-bernardus-wit-330-ml-botella-2,10158,St Bernardus Wit 330 ml botella,Lata/Botella,,N,,,,,,,62.07,,,,Y,Y,118.00,6.000,,N,N,N,N,N,N,N,N,N,N,N,N,N,N,N,N,N,N,N,N,N,N,N,N,N,N,N,N,N,N,N,N,N,N,N,N,N,N,N,N,N,N,N,N,N,N,N,N,N,N,N,N,N,N,N,N,N
st-bernardus-watou-tokio,10695,St Bernardus-Watou Tokio,Lata/Botella,,N,,,,,,,65.00,,,,Y,Y,124.00,0.000,,N,N,N,N,N,N,N,N,N,N,N,N,N,N,N,N,N,N,N,N,N,N,N,N,N,N,N,N,N,N,N,N,N,N,N,N,N,N,N,N,N,N,N,N,N,N,N,N,N,N,N,N,N,N,N,N,N
st.-bernardus---abt-12-2,10049,St. Bernardus - Abt 12,Lata/Botella,,N,,,,,,,79.54,,,,Y,Y,149.00,6.000,1000000.000,N,N,N,N,N,N,N,N,N,N,N,N,N,N,N,N,N,N,N,N,N,N,N,N,N,N,N,N,N,N,N,N,N,N,N,N,N,N,N,N,N,N,N,N,N,N,N,N,N,N,N,N,N,N,N,N,N
st.-bernardus---abt-12-750ml,10585,St. Bernardus - Abt 12 750ml,Lata/Botella,,N,,,,,,,202.73,,,,Y,Y,334.00,0.000,,N,N,N,N,N,N,N,N,N,N,N,N,N,N,N,N,N,N,N,N,N,N,N,N,N,N,N,N,N,N,N,N,N,N,N,N,N,N,N,N,N,N,N,N,N,N,N,N,N,N,N,N,N,N,N,N,N
st.-bernardus-prior-8,10586,St. Bernardus Prior 8,Lata/Botella,,N,,,,,,,67.89,,,,Y,Y,131.00,4.000,,N,N,N,N,N,N,N,N,N,N,N,N,N,N,N,N,N,N,N,N,N,N,N,N,N,N,N,N,N,N,N,N,N,N,N,N,N,N,N,N,N,N,N,N,N,N,N,N,N,N,N,N,N,N,N,N,N
st.-bernardus-kombine,10612,St. Bernardus/Weihenstephaner Kombine,Lata/Botella,,N,,,,,,,67.00,,,,Y,Y,139.00,4.000,,N,N,N,N,N,N,N,N,N,N,N,N,N,N,N,N,N,N,N,N,N,N,N,N,N,N,N,N,N,N,N,N,N,N,N,N,N,N,N,N,N,N,N,N,N,N,N,N,N,N,N,N,N,N,N,N,N
st.-feuillien-cuvee-de-noel,10969,St. Feuillien Cuvee de Noel,Lata/Botella,,N,,,,,,,94.08,,,,Y,Y,172.00,1.000,,N,N,N,N,N,N,N,N,N,N,N,N,N,N,N,N,N,N,N,N,N,N,N,N,N,N,N,N,N,N,N,N,N,N,N,N,N,N,N,N,N,N,N,N,N,N,N,N,N,N,N,N,N,N,N,N,N
st.-feullien-grand-cru,10679,St. Feuillien Grand Cru,Lata/Botella,,N,,,,,,,90.20,,,,Y,Y,166.00,0.000,,N,N,N,N,N,N,N,N,N,N,N,N,N,N,N,N,N,N,N,N,N,N,N,N,N,N,N,N,N,N,N,N,N,N,N,N,N,N,N,N,N,N,N,N,N,N,N,N,N,N,N,N,N,N,N,N,N
st.-feullien-quadrupel,10678,St. Feuillien Quadrupel,Lata/Botella,,N,,,,,,,96.08,,,,Y,Y,175.00,0.000,,N,N,N,N,N,N,N,N,N,N,N,N,N,N,N,N,N,N,N,N,N,N,N,N,N,N,N,N,N,N,N,N,N,N,N,N,N,N,N,N,N,N,N,N,N,N,N,N,N,N,N,N,N,N,N,N,N
st.-feullien-tripel,10680,St. Feuillien Tripel,Lata/Botella,,N,,,,,,,91.17,,,,Y,Y,167.00,0.000,,N,N,N,N,N,N,N,N,N,N,N,N,N,N,N,N,N,N,N,N,N,N,N,N,N,N,N,N,N,N,N,N,N,N,N,N,N,N,N,N,N,N,N,N,N,N,N,N,N,N,N,N,N,N,N,N,N
st.-peter's---cream-stout-2,10099,St. Peter's - Cream Stout,Lata/Botella,,N,,,,,,,110.00,,,,Y,Y,198.00,3.000,1000000.000,N,N,N,N,N,N,N,N,N,N,N,N,N,N,N,N,N,N,N,N,N,N,N,N,N,N,N,N,N,N,N,N,N,N,N,N,N,N,N,N,N,N,N,N,N,N,N,N,N,N,N,N,N,N,N,N,N
st.-peter’s---christmas-ale,10257,St. Peter’s - Christmas Ale,Lata/Botella,,N,,,,,,,100.00,,,,Y,Y,182.00,0.000,,N,N,N,N,N,N,N,N,N,N,N,N,N,N,N,N,N,N,N,N,N,N,N,N,N,N,N,N,N,N,N,N,N,N,N,N,N,N,N,N,N,N,N,N,N,N,N,N,N,N,N,N,N,N,N,N,N
st.-peter’s---india-pale-ale,10258,St. Peter’s - India Pale Ale,Lata/Botella,,N,,,,,,,110.00,,,,Y,Y,198.00,4.000,,N,N,N,N,N,N,N,N,N,N,N,N,N,N,N,N,N,N,N,N,N,N,N,N,N,N,N,N,N,N,N,N,N,N,N,N,N,N,N,N,N,N,N,N,N,N,N,N,N,N,N,N,N,N,N,N,N
st.-peter’s---old-style-porter,10259,St. Peter’s - Old Style Porter,Lata/Botella,,N,,,,,,,110.00,,,,Y,Y,198.00,0.000,,N,N,N,N,N,N,N,N,N,N,N,N,N,N,N,N,N,N,N,N,N,N,N,N,N,N,N,N,N,N,N,N,N,N,N,N,N,N,N,N,N,N,N,N,N,N,N,N,N,N,N,N,N,N,N,N,N
st.-peter’s---whisky-beer,10260,St. Peter’s - Whisky Beer,Lata/Botella,,N,,,,,,,110.00,,,,Y,Y,198.00,4.000,,N,N,N,N,N,N,N,N,N,N,N,N,N,N,N,N,N,N,N,N,N,N,N,N,N,N,N,N,N,N,N,N,N,N,N,N,N,N,N,N,N,N,N,N,N,N,N,N,N,N,N,N,N,N,N,N,N
st.-peter’s-–-without-0.0,10395,St. Peter’s – Without 0.0,Lata/Botella,,N,,,,,,,79.00,,,,Y,Y,148.00,0.000,,N,N,N,N,N,N,N,N,N,N,N,N,N,N,N,N,N,N,N,N,N,N,N,N,N,N,N,N,N,N,N,N,N,N,N,N,N,N,N,N,N,N,N,N,N,N,N,N,N,N,N,N,N,N,N,N,N
st.-peters-honey-porter,10440,St. Peters Honey Porter,Lata/Botella,,N,,,,,,,110.00,,,,Y,Y,198.00,0.000,0.000,N,N,N,N,N,N,N,N,N,N,N,N,N,N,N,N,N,N,N,N,N,N,N,N,N,N,N,N,N,N,N,N,N,N,N,N,N,N,N,N,N,N,N,N,N,N,N,N,N,N,N,N,N,N,N,N,N
sta.-tomasa,10418,Sta. Tomasa,Lata/Botella,,N,,,,,,,55.26,,,,Y,Y,105.00,0.000,0.000,N,N,N,N,N,N,N,N,N,N,N,N,N,N,N,N,N,N,N,N,N,N,N,N,N,N,N,N,N,N,N,N,N,N,N,N,N,N,N,N,N,N,N,N,N,N,N,N,N,N,N,N,N,N,N,N,N
stiegl-goldbrau-2,10356,Stiegl Goldbrau,Lata/Botella,,N,,,,,,,0.00,,,,Y,Y,98.00,0.000,0.000,N,N,N,N,N,N,N,N,N,N,N,N,N,N,N,N,N,N,N,N,N,N,N,N,N,N,N,N,N,N,N,N,N,N,N,N,N,N,N,N,N,N,N,N,N,N,N,N,N,N,N,N,N,N,N,N,N
stiegl-hell,10576,Stiegl Hell,Lata/Botella,,N,,,,,,,48.50,,,,Y,Y,92.00,0.000,,N,N,N,N,N,N,N,N,N,N,N,N,N,N,N,N,N,N,N,N,N,N,N,N,N,N,N,N,N,N,N,N,N,N,N,N,N,N,N,N,N,N,N,N,N,N,N,N,N,N,N,N,N,N,N,N,N
stiegl-radler-grapefruit,10933,Stiegl Radler Grapefruit,Lata/Botella,,N,,,,,,,50.44,,,,Y,Y,110.00,3.000,,N,N,N,N,N,N,N,N,N,N,N,N,N,N,N,N,N,N,N,N,N,N,N,N,N,N,N,N,N,N,N,N,N,N,N,N,N,N,N,N,N,N,N,N,N,N,N,N,N,N,N,N,N,N,N,N,N
stiegl-radler-himbeere,10934,Stiegl Radler Himbeere,Lata/Botella,,N,,,,,,,50.44,,,,Y,Y,110.00,0.000,,N,N,N,N,N,N,N,N,N,N,N,N,N,N,N,N,N,N,N,N,N,N,N,N,N,N,N,N,N,N,N,N,N,N,N,N,N,N,N,N,N,N,N,N,N,N,N,N,N,N,N,N,N,N,N,N,N
stiegl-radler-zitrone-2,10033,Stiegl Radler Zitrone,Lata/Botella,,N,,,,,,,50.44,,,,Y,Y,110.00,0.000,1000000.000,N,N,N,N,N,N,N,N,N,N,N,N,N,N,N,N,N,N,N,N,N,N,N,N,N,N,N,N,N,N,N,N,N,N,N,N,N,N,N,N,N,N,N,N,N,N,N,N,N,N,N,N,N,N,N,N,N
stone---zumology-ipa-2,10317,Stone - Zumology IPA,Lata/Botella,,N,,,,,,,0.00,,,,Y,Y,146.00,0.000,,N,N,N,N,N,N,N,N,N,N,N,N,N,N,N,N,N,N,N,N,N,N,N,N,N,N,N,N,N,N,N,N,N,N,N,N,N,N,N,N,N,N,N,N,N,N,N,N,N,N,N,N,N,N,N,N,N
stone-28th-anniversary-355-ml-lata-2,10165,Stone 28th Anniversary 355 ml lata,Lata/Botella,,N,,,,,,,0.00,,,,Y,Y,150.00,0.000,,N,N,N,N,N,N,N,N,N,N,N,N,N,N,N,N,N,N,N,N,N,N,N,N,N,N,N,N,N,N,N,N,N,N,N,N,N,N,N,N,N,N,N,N,N,N,N,N,N,N,N,N,N,N,N,N,N
stone-arrogant-bastard-473-ml-lata-2,10160,Stone Arrogant Bastard 473 ml lata,Lata/Botella,,N,,,,,,,0.00,,,,Y,Y,135.00,0.000,,N,N,N,N,N,N,N,N,N,N,N,N,N,N,N,N,N,N,N,N,N,N,N,N,N,N,N,N,N,N,N,N,N,N,N,N,N,N,N,N,N,N,N,N,N,N,N,N,N,N,N,N,N,N,N,N,N
stone-brewing-buenavenza-2,10223,Stone brewing buenavenza,Lata/Botella,,N,,,,,,,0.00,,,,Y,Y,95.00,0.000,0.000,N,N,N,N,N,N,N,N,N,N,N,N,N,N,N,N,N,N,N,N,N,N,N,N,N,N,N,N,N,N,N,N,N,N,N,N,N,N,N,N,N,N,N,N,N,N,N,N,N,N,N,N,N,N,N,N,N
stone-delicious-hazy-ipa-2,10375,Stone Delicious Hazy IPA,Lata/Botella,,N,,,,,,,0.00,,,,Y,Y,106.00,0.000,0.000,N,N,N,N,N,N,N,N,N,N,N,N,N,N,N,N,N,N,N,N,N,N,N,N,N,N,N,N,N,N,N,N,N,N,N,N,N,N,N,N,N,N,N,N,N,N,N,N,N,N,N,N,N,N,N,N,N
stone-hazy-ipa-355-ml-lata-2,10156,Stone Hazy IPA 355 ml lata,Lata/Botella,,N,,,,,,,0.00,,,,Y,Y,120.00,0.000,,N,N,N,N,N,N,N,N,N,N,N,N,N,N,N,N,N,N,N,N,N,N,N,N,N,N,N,N,N,N,N,N,N,N,N,N,N,N,N,N,N,N,N,N,N,N,N,N,N,N,N,N,N,N,N,N,N
stone-ipa-355-ml-lata-2,10155,Stone IPA 355 ml lata,Lata/Botella,,N,,,,,,,0.00,,,,Y,Y,120.00,0.000,,N,N,N,N,N,N,N,N,N,N,N,N,N,N,N,N,N,N,N,N,N,N,N,N,N,N,N,N,N,N,N,N,N,N,N,N,N,N,N,N,N,N,N,N,N,N,N,N,N,N,N,N,N,N,N,N,N
stormtrooper---shadow-stout-2,10254,Stormtrooper - Shadow Stout,Lata/Botella,,N,,,,,,,89.00,,,,Y,Y,164.00,0.000,,N,N,N,N,N,N,N,N,N,N,N,N,N,N,N,N,N,N,N,N,N,N,N,N,N,N,N,N,N,N,N,N,N,N,N,N,N,N,N,N,N,N,N,N,N,N,N,N,N,N,N,N,N,N,N,N,N
stormtrooper---situation-normal-s.n.i.p.a-2,10255,Stormtrooper - Situation Normal S.N.I.P.A,Lata/Botella,,N,,,,,,,89.00,,,,Y,Y,164.00,0.000,,N,N,N,N,N,N,N,N,N,N,N,N,N,N,N,N,N,N,N,N,N,N,N,N,N,N,N,N,N,N,N,N,N,N,N,N,N,N,N,N,N,N,N,N,N,N,N,N,N,N,N,N,N,N,N,N,N
straffe-hendrik---xmas-blend-2,10240,Straffe Hendrik - Xmas Blend,Lata/Botella,,N,,,,,,,0.00,,,,Y,Y,722.00,0.000,,N,N,N,N,N,N,N,N,N,N,N,N,N,N,N,N,N,N,N,N,N,N,N,N,N,N,N,N,N,N,N,N,N,N,N,N,N,N,N,N,N,N,N,N,N,N,N,N,N,N,N,N,N,N,N,N,N
straffe-hendrik-quadrupel-2,10393,Straffe Hendrik Quadrupel,Lata/Botella,,N,,,,,,,134.00,,,,Y,Y,230.00,3.000,,N,N,N,N,N,N,N,N,N,N,N,N,N,N,N,N,N,N,N,N,N,N,N,N,N,N,N,N,N,N,N,N,N,N,N,N,N,N,N,N,N,N,N,N,N,N,N,N,N,N,N,N,N,N,N,N,N
straffe-hendrik-tripel-330-ml-2,80,Straffe Hendrik Tripel 330 ml,Lata/Botella,,N,,,,,,,123.00,,,,Y,Y,215.00,0.000,1000000.000,N,N,N,N,N,N,N,N,N,N,N,N,N,N,N,N,N,N,N,N,N,N,N,N,N,N,N,N,N,N,N,N,N,N,N,N,N,N,N,N,N,N,N,N,N,N,N,N,N,N,N,N,N,N,N,N,N
straffe-hendrik-wild-2022-2,10392,Straffe Hendrik Wild 2022,Lata/Botella,,N,,,,,,,123.00,,,,Y,Y,215.00,0.000,,N,N,N,N,N,N,N,N,N,N,N,N,N,N,N,N,N,N,N,N,N,N,N,N,N,N,N,N,N,N,N,N,N,N,N,N,N,N,N,N,N,N,N,N,N,N,N,N,N,N,N,N,N,N,N,N,N
straffe-hendrik-wild-2025-750ml,11068,Straffe Hendrik Wild 2025 750ml,Lata/Botella,,N,,,,,,,451.00,,,,Y,Y,684.00,1.000,,N,N,N,N,N,N,N,N,N,N,N,N,N,N,N,N,N,N,N,N,N,N,N,N,N,N,N,N,N,N,N,N,N,N,N,N,N,N,N,N,N,N,N,N,N,N,N,N,N,N,N,N,N,N,N,N,N
strongbow-2,10335,Strongbow,Lata/Botella,,N,,,,,,,0.00,,,,Y,Y,90.00,0.000,0.000,N,N,N,N,N,N,N,N,N,N,N,N,N,N,N,N,N,N,N,N,N,N,N,N,N,N,N,N,N,N,N,N,N,N,N,N,N,N,N,N,N,N,N,N,N,N,N,N,N,N,N,N,N,N,N,N,N
talcual-jamaica,10932,Talcual Jamaica,Lata/Botella,,N,,,,,,,33.64,,,,Y,Y,66.00,0.000,,N,N,N,N,N,N,N,N,N,N,N,N,N,N,N,N,N,N,N,N,N,N,N,N,N,N,N,N,N,N,N,N,N,N,N,N,N,N,N,N,N,N,N,N,N,N,N,N,N,N,N,N,N,N,N,N,N
talcual-pepino-con-sandia,10935,Talcual Pepino con Sandia,Lata/Botella,,N,,,,,,,33.64,,,,Y,Y,66.00,0.000,,N,N,N,N,N,N,N,N,N,N,N,N,N,N,N,N,N,N,N,N,N,N,N,N,N,N,N,N,N,N,N,N,N,N,N,N,N,N,N,N,N,N,N,N,N,N,N,N,N,N,N,N,N,N,N,N,N
talcual-toronja,10936,Talcual Toronja,Lata/Botella,,N,,,,,,,33.64,,,,Y,Y,66.00,0.000,,N,N,N,N,N,N,N,N,N,N,N,N,N,N,N,N,N,N,N,N,N,N,N,N,N,N,N,N,N,N,N,N,N,N,N,N,N,N,N,N,N,N,N,N,N,N,N,N,N,N,N,N,N,N,N,N,N
tete-de-mort-double-ipa,10613,Tete de Mort Double IPA,Lata/Botella,,N,,,,,,,100.00,,,,Y,Y,182.00,0.000,,N,N,N,N,N,N,N,N,N,N,N,N,N,N,N,N,N,N,N,N,N,N,N,N,N,N,N,N,N,N,N,N,N,N,N,N,N,N,N,N,N,N,N,N,N,N,N,N,N,N,N,N,N,N,N,N,N
tete-de-mort-triple-amber,10689,Tete de Mort Triple Amber,Lata/Botella,,N,,,,,,,100.00,,,,Y,Y,182.00,0.000,,N,N,N,N,N,N,N,N,N,N,N,N,N,N,N,N,N,N,N,N,N,N,N,N,N,N,N,N,N,N,N,N,N,N,N,N,N,N,N,N,N,N,N,N,N,N,N,N,N,N,N,N,N,N,N,N,N
tete-de-mort-triple-rec,10676,Tete de Mort Triple Red,Lata/Botella,,N,,,,,,,100.00,,,,Y,Y,185.00,0.000,,N,N,N,N,N,N,N,N,N,N,N,N,N,N,N,N,N,N,N,N,N,N,N,N,N,N,N,N,N,N,N,N,N,N,N,N,N,N,N,N,N,N,N,N,N,N,N,N,N,N,N,N,N,N,N,N,N
the-bruery-black-tuesday,11201,The Bruery Black Tuesday,Lata/Botella,,N,,,,,,,400.00,,,,Y,Y,620.00,1.000,,N,N,N,N,N,N,N,N,N,N,N,N,N,N,N,N,N,N,N,N,N,N,N,N,N,N,N,N,N,N,N,N,N,N,N,N,N,N,N,N,N,N,N,N,N,N,N,N,N,N,N,N,N,N,N,N,N
the-bruery-churriosity,11203,The Bruery Churriosity,Lata/Botella,,N,,,,,,,250.00,,,,Y,Y,405.00,2.000,,N,N,N,N,N,N,N,N,N,N,N,N,N,N,N,N,N,N,N,N,N,N,N,N,N,N,N,N,N,N,N,N,N,N,N,N,N,N,N,N,N,N,N,N,N,N,N,N,N,N,N,N,N,N,N,N,N
the-bruery-entincing-boysenberry,11194,The Bruery Entincing Boysenberry,Lata/Botella,,N,,,,,,,115.00,,,,Y,Y,205.00,2.000,,N,N,N,N,N,N,N,N,N,N,N,N,N,N,N,N,N,N,N,N,N,N,N,N,N,N,N,N,N,N,N,N,N,N,N,N,N,N,N,N,N,N,N,N,N,N,N,N,N,N,N,N,N,N,N,N,N
the-bruery-gingerbread,11195,The Bruery Gingerbread,Lata/Botella,,N,,,,,,,250.00,,,,Y,Y,405.00,1.000,,N,N,N,N,N,N,N,N,N,N,N,N,N,N,N,N,N,N,N,N,N,N,N,N,N,N,N,N,N,N,N,N,N,N,N,N,N,N,N,N,N,N,N,N,N,N,N,N,N,N,N,N,N,N,N,N,N
the-bruery-goses-are-red-473-ml-lata-2,10164,The Bruery Goses Are Red 473 ml lata,Lata/Botella,,N,,,,,,,0.00,,,,Y,Y,170.00,0.000,,N,N,N,N,N,N,N,N,N,N,N,N,N,N,N,N,N,N,N,N,N,N,N,N,N,N,N,N,N,N,N,N,N,N,N,N,N,N,N,N,N,N,N,N,N,N,N,N,N,N,N,N,N,N,N,N,N
the-bruery-light-out,11138,The Bruery Light Out,Lata/Botella,,N,,,,,,,210.00,,,,Y,Y,345.00,0.000,,N,N,N,N,N,N,N,N,N,N,N,N,N,N,N,N,N,N,N,N,N,N,N,N,N,N,N,N,N,N,N,N,N,N,N,N,N,N,N,N,N,N,N,N,N,N,N,N,N,N,N,N,N,N,N,N,N
the-bruery-midnight-autumn-maple,11204,The Bruery Midnight Autumn Maple,Lata/Botella,,N,,,,,,,290.00,,,,Y,Y,465.00,0.000,,N,N,N,N,N,N,N,N,N,N,N,N,N,N,N,N,N,N,N,N,N,N,N,N,N,N,N,N,N,N,N,N,N,N,N,N,N,N,N,N,N,N,N,N,N,N,N,N,N,N,N,N,N,N,N,N,N
the-bruery-peach-charm'd,11136,The Bruery Peach Charm'd,Lata/Botella,,N,,,,,,,270.00,,,,Y,Y,435.00,1.000,,N,N,N,N,N,N,N,N,N,N,N,N,N,N,N,N,N,N,N,N,N,N,N,N,N,N,N,N,N,N,N,N,N,N,N,N,N,N,N,N,N,N,N,N,N,N,N,N,N,N,N,N,N,N,N,N,N
the-bruery-rocky-road,11199,The Bruery Rocky Road,Lata/Botella,,N,,,,,,,250.00,,,,Y,Y,405.00,0.000,,N,N,N,N,N,N,N,N,N,N,N,N,N,N,N,N,N,N,N,N,N,N,N,N,N,N,N,N,N,N,N,N,N,N,N,N,N,N,N,N,N,N,N,N,N,N,N,N,N,N,N,N,N,N,N,N,N
the-bruery-shock-pop,11196,The Bruery Shock Pop,Lata/Botella,,N,,,,,,,290.00,,,,Y,Y,465.00,1.000,,N,N,N,N,N,N,N,N,N,N,N,N,N,N,N,N,N,N,N,N,N,N,N,N,N,N,N,N,N,N,N,N,N,N,N,N,N,N,N,N,N,N,N,N,N,N,N,N,N,N,N,N,N,N,N,N,N
the-bruery-so-happens-it's-tuesday,11197,The Bruery So Happens It's Tuesday,Lata/Botella,,N,,,,,,,250.00,,,,Y,Y,405.00,1.000,,N,N,N,N,N,N,N,N,N,N,N,N,N,N,N,N,N,N,N,N,N,N,N,N,N,N,N,N,N,N,N,N,N,N,N,N,N,N,N,N,N,N,N,N,N,N,N,N,N,N,N,N,N,N,N,N,N
the-bruery-sticky-bun,11202,The Bruery Sticky Bun,Lata/Botella,,N,,,,,,,270.00,,,,Y,Y,435.00,1.000,,N,N,N,N,N,N,N,N,N,N,N,N,N,N,N,N,N,N,N,N,N,N,N,N,N,N,N,N,N,N,N,N,N,N,N,N,N,N,N,N,N,N,N,N,N,N,N,N,N,N,N,N,N,N,N,N,N
the-bruery-stout,10495,The Bruery Stout,Lata/Botella,,N,,,,,,,148.99,,,,Y,Y,252.00,0.000,,N,N,N,N,N,N,N,N,N,N,N,N,N,N,N,N,N,N,N,N,N,N,N,N,N,N,N,N,N,N,N,N,N,N,N,N,N,N,N,N,N,N,N,N,N,N,N,N,N,N,N,N,N,N,N,N,N
the-bruery-strawberry-charm'd,11137,The Bruery Strawberry Charm'd,Lata/Botella,,N,,,,,,,270.00,,,,Y,Y,435.00,0.000,,N,N,N,N,N,N,N,N,N,N,N,N,N,N,N,N,N,N,N,N,N,N,N,N,N,N,N,N,N,N,N,N,N,N,N,N,N,N,N,N,N,N,N,N,N,N,N,N,N,N,N,N,N,N,N,N,N
the-bruery-tart-of-darkness:-cherry-nocturne,11198,The Bruery Tart Of Darkness: Cherry Nocturne,Lata/Botella,,N,,,,,,,290.00,,,,Y,Y,465.00,1.000,,N,N,N,N,N,N,N,N,N,N,N,N,N,N,N,N,N,N,N,N,N,N,N,N,N,N,N,N,N,N,N,N,N,N,N,N,N,N,N,N,N,N,N,N,N,N,N,N,N,N,N,N,N,N,N,N,N
the-bruery-toasted-delight,11208,The Bruery Toasted Delight,Lata/Botella,,N,,,,,,,290.00,,,,Y,Y,465.00,0.000,,N,N,N,N,N,N,N,N,N,N,N,N,N,N,N,N,N,N,N,N,N,N,N,N,N,N,N,N,N,N,N,N,N,N,N,N,N,N,N,N,N,N,N,N,N,N,N,N,N,N,N,N,N,N,N,N,N
the-bruery-vanilla-villain,11200,The Bruery Vanilla Villain,Lata/Botella,,N,,,,,,,390.00,,,,Y,Y,604.00,1.000,,N,N,N,N,N,N,N,N,N,N,N,N,N,N,N,N,N,N,N,N,N,N,N,N,N,N,N,N,N,N,N,N,N,N,N,N,N,N,N,N,N,N,N,N,N,N,N,N,N,N,N,N,N,N,N,N,N
the-veil-dusty-dusty-roadz-2,10337,The Veil Dusty Dusty Roadz,Lata/Botella,,N,,,,,,,0.00,,,,Y,Y,254.00,0.000,0.000,N,N,N,N,N,N,N,N,N,N,N,N,N,N,N,N,N,N,N,N,N,N,N,N,N,N,N,N,N,N,N,N,N,N,N,N,N,N,N,N,N,N,N,N,N,N,N,N,N,N,N,N,N,N,N,N,N
the-veil-flooded-flooded-2,10370,The Veil Flooded Flooded,Lata/Botella,,N,,,,,,,0.00,,,,Y,Y,278.00,0.000,0.000,N,N,N,N,N,N,N,N,N,N,N,N,N,N,N,N,N,N,N,N,N,N,N,N,N,N,N,N,N,N,N,N,N,N,N,N,N,N,N,N,N,N,N,N,N,N,N,N,N,N,N,N,N,N,N,N,N
the-veil-lock-lock-2,10369,The Veil Lock Lock,Lata/Botella,,N,,,,,,,0.00,,,,Y,Y,243.00,0.000,0.000,N,N,N,N,N,N,N,N,N,N,N,N,N,N,N,N,N,N,N,N,N,N,N,N,N,N,N,N,N,N,N,N,N,N,N,N,N,N,N,N,N,N,N,N,N,N,N,N,N,N,N,N,N,N,N,N,N
the-veil-needy-needy-2,10368,The Veil Needy Needy,Lata/Botella,,N,,,,,,,0.00,,,,Y,Y,243.00,0.000,0.000,N,N,N,N,N,N,N,N,N,N,N,N,N,N,N,N,N,N,N,N,N,N,N,N,N,N,N,N,N,N,N,N,N,N,N,N,N,N,N,N,N,N,N,N,N,N,N,N,N,N,N,N,N,N,N,N,N
thornbridge---cocoa-wonderland-2,10262,Thornbridge - Cocoa Wonderland,Lata/Botella,,N,,,,,,,90.00,,,,Y,Y,166.00,0.000,,N,N,N,N,N,N,N,N,N,N,N,N,N,N,N,N,N,N,N,N,N,N,N,N,N,N,N,N,N,N,N,N,N,N,N,N,N,N,N,N,N,N,N,N,N,N,N,N,N,N,N,N,N,N,N,N,N
thornbridge---days-of-creation-2,10062,THORNBRIDGE - Days of Creation,Lata/Botella,,N,,,,,,,0.00,,,,Y,Y,185.00,0.000,1000000.000,N,N,N,N,N,N,N,N,N,N,N,N,N,N,N,N,N,N,N,N,N,N,N,N,N,N,N,N,N,N,N,N,N,N,N,N,N,N,N,N,N,N,N,N,N,N,N,N,N,N,N,N,N,N,N,N,N
thornbridge---jaipur-2,10261,Thornbridge - Jaipur,Lata/Botella,,N,,,,,,,0.00,,,,Y,Y,152.00,0.000,,N,N,N,N,N,N,N,N,N,N,N,N,N,N,N,N,N,N,N,N,N,N,N,N,N,N,N,N,N,N,N,N,N,N,N,N,N,N,N,N,N,N,N,N,N,N,N,N,N,N,N,N,N,N,N,N,N
thornbridge---love-among-the-ruins-2,10063,THORNBRIDGE - Love Among the Ruins,Lata/Botella,,N,,,,,,,0.00,,,,Y,Y,185.00,0.000,1000000.000,N,N,N,N,N,N,N,N,N,N,N,N,N,N,N,N,N,N,N,N,N,N,N,N,N,N,N,N,N,N,N,N,N,N,N,N,N,N,N,N,N,N,N,N,N,N,N,N,N,N,N,N,N,N,N,N,N
thornbridge---stone-west-side-glory-2,10263,Thornbridge - Stone West Side Glory,Lata/Botella,,N,,,,,,,0.00,,,,Y,Y,155.00,0.000,,N,N,N,N,N,N,N,N,N,N,N,N,N,N,N,N,N,N,N,N,N,N,N,N,N,N,N,N,N,N,N,N,N,N,N,N,N,N,N,N,N,N,N,N,N,N,N,N,N,N,N,N,N,N,N,N,N
thornbridge---the-heart-of-desires-2,10061,THORNBRIDGE - The Heart of Desires,Lata/Botella,,N,,,,,,,0.00,,,,Y,Y,185.00,0.000,1000000.000,N,N,N,N,N,N,N,N,N,N,N,N,N,N,N,N,N,N,N,N,N,N,N,N,N,N,N,N,N,N,N,N,N,N,N,N,N,N,N,N,N,N,N,N,N,N,N,N,N,N,N,N,N,N,N,N,N
tilquin-oude-cassis-375-ml,11052,TILQUIN OUDE CASSIS 375 ML,Lata/Botella,,N,,,,,,,350.00,,,,Y,Y,670.00,0.000,,N,N,N,N,N,N,N,N,N,N,N,N,N,N,N,N,N,N,N,N,N,N,N,N,N,N,N,N,N,N,N,N,N,N,N,N,N,N,N,N,N,N,N,N,N,N,N,N,N,N,N,N,N,N,N,N,N
timmermans-blanche,10630,Timmermans Blanche,Lata/Botella,,N,,,,,,,85.00,,,,Y,Y,157.00,1.000,,N,N,N,N,N,N,N,N,N,N,N,N,N,N,N,N,N,N,N,N,N,N,N,N,N,N,N,N,N,N,N,N,N,N,N,N,N,N,N,N,N,N,N,N,N,N,N,N,N,N,N,N,N,N,N,N,N
timmermans-framboise-lambicus,10631,Timmermans Framboise Hibiscus,Lata/Botella,,N,,,,,,,85.00,,,,Y,Y,157.00,0.000,,N,N,N,N,N,N,N,N,N,N,N,N,N,N,N,N,N,N,N,N,N,N,N,N,N,N,N,N,N,N,N,N,N,N,N,N,N,N,N,N,N,N,N,N,N,N,N,N,N,N,N,N,N,N,N,N,N
timmermans-kriek-black-pepper,10690,Timmermans Kriek Black Pepper Lambicus,Lata/Botella,,N,,,,,,,85.00,,,,Y,Y,157.00,0.000,,N,N,N,N,N,N,N,N,N,N,N,N,N,N,N,N,N,N,N,N,N,N,N,N,N,N,N,N,N,N,N,N,N,N,N,N,N,N,N,N,N,N,N,N,N,N,N,N,N,N,N,N,N,N,N,N,N
timmermans-peche-cardamome,10646,Timmermans Peche Cardamome,Lata/Botella,,N,,,,,,,85.00,,,,Y,Y,157.00,0.000,,N,N,N,N,N,N,N,N,N,N,N,N,N,N,N,N,N,N,N,N,N,N,N,N,N,N,N,N,N,N,N,N,N,N,N,N,N,N,N,N,N,N,N,N,N,N,N,N,N,N,N,N,N,N,N,N,N
toppling-goliath-cyber-sue,10987,Toppling Goliath Cyber Sue,Lata/Botella,,N,,,,,,,80.00,,,,Y,Y,176.00,0.000,,N,N,N,N,N,N,N,N,N,N,N,N,N,N,N,N,N,N,N,N,N,N,N,N,N,N,N,N,N,N,N,N,N,N,N,N,N,N,N,N,N,N,N,N,N,N,N,N,N,N,N,N,N,N,N,N,N
toppling-goliath-king-sue,11187,Toppling Goliath King Sue,Lata/Botella,,N,,,,,,,116.00,,,,Y,Y,206.00,0.000,,N,N,N,N,N,N,N,N,N,N,N,N,N,N,N,N,N,N,N,N,N,N,N,N,N,N,N,N,N,N,N,N,N,N,N,N,N,N,N,N,N,N,N,N,N,N,N,N,N,N,N,N,N,N,N,N,N
toppling-goliath-pseudo-sue-krush,10988,Toppling Goliath Pseudo Sue Krush,Lata/Botella,,N,,,,,,,102.00,,,,Y,Y,195.00,1.000,,N,N,N,N,N,N,N,N,N,N,N,N,N,N,N,N,N,N,N,N,N,N,N,N,N,N,N,N,N,N,N,N,N,N,N,N,N,N,N,N,N,N,N,N,N,N,N,N,N,N,N,N,N,N,N,N,N
transpeninsular-7-long-years,10475,Transpeninsular 7 Long Years,Lata/Botella,,N,,,,,,,456.00,,,,Y,Y,691.00,0.000,0.000,N,N,N,N,N,N,N,N,N,N,N,N,N,N,N,N,N,N,N,N,N,N,N,N,N,N,N,N,N,N,N,N,N,N,N,N,N,N,N,N,N,N,N,N,N,N,N,N,N,N,N,N,N,N,N,N,N
tucher-bajuvator,10427,Tucher Bajuvator,Lata/Botella,,N,,,,,,,90.00,,,,Y,Y,166.00,0.000,0.000,N,N,N,N,N,N,N,N,N,N,N,N,N,N,N,N,N,N,N,N,N,N,N,N,N,N,N,N,N,N,N,N,N,N,N,N,N,N,N,N,N,N,N,N,N,N,N,N,N,N,N,N,N,N,N,N,N
val-dieu-grand-cru,10691,Val-Dieu Grand Cru,Lata/Botella,,N,,,,,,,126.00,,,,Y,Y,219.00,0.000,,N,N,N,N,N,N,N,N,N,N,N,N,N,N,N,N,N,N,N,N,N,N,N,N,N,N,N,N,N,N,N,N,N,N,N,N,N,N,N,N,N,N,N,N,N,N,N,N,N,N,N,N,N,N,N,N,N
val-dieu-triple,10692,Val-Dieu Triple,Lata/Botella,,N,,,,,,,90.00,,,,Y,Y,166.00,0.000,,N,N,N,N,N,N,N,N,N,N,N,N,N,N,N,N,N,N,N,N,N,N,N,N,N,N,N,N,N,N,N,N,N,N,N,N,N,N,N,N,N,N,N,N,N,N,N,N,N,N,N,N,N,N,N,N,N
vino-tinto--120,11010,Vino tinto -120,Lata/Botella,,N,,,,,,,0.00,,,,Y,Y,132.00,0.000,,N,N,N,N,N,N,N,N,N,N,N,N,N,N,N,N,N,N,N,N,N,N,N,N,N,N,N,N,N,N,N,N,N,N,N,N,N,N,N,N,N,N,N,N,N,N,N,N,N,N,N,N,N,N,N,N,N
vocation---lata-negra-life-&-death-2,10104,Vocation - Lata Negra Life & Death,Lata/Botella,,N,,,,,,,0.00,,,,Y,Y,137.00,0.000,1000000.000,N,N,N,N,N,N,N,N,N,N,N,N,N,N,N,N,N,N,N,N,N,N,N,N,N,N,N,N,N,N,N,N,N,N,N,N,N,N,N,N,N,N,N,N,N,N,N,N,N,N,N,N,N,N,N,N,N
vocation---lata-rosa-toucan-tropic-2,10103,Vocation - Lata Rosa Toucan Tropic,Lata/Botella,,N,,,,,,,0.00,,,,Y,Y,141.00,0.000,1000000.000,N,N,N,N,N,N,N,N,N,N,N,N,N,N,N,N,N,N,N,N,N,N,N,N,N,N,N,N,N,N,N,N,N,N,N,N,N,N,N,N,N,N,N,N,N,N,N,N,N,N,N,N,N,N,N,N,N
volfas---engelman-historic-unfiltered-2,10047,Volfas - Engelman Historic Unfiltered,Lata/Botella,,N,,,,,,,0.00,,,,Y,Y,105.00,0.000,1000000.000,N,N,N,N,N,N,N,N,N,N,N,N,N,N,N,N,N,N,N,N,N,N,N,N,N,N,N,N,N,N,N,N,N,N,N,N,N,N,N,N,N,N,N,N,N,N,N,N,N,N,N,N,N,N,N,N,N
volfas---engelman-ipa-2,10046,Volfas - Engelman IPA,Lata/Botella,,N,,,,,,,48.00,,,,Y,Y,105.00,4.000,1000000.000,N,N,N,N,N,N,N,N,N,N,N,N,N,N,N,N,N,N,N,N,N,N,N,N,N,N,N,N,N,N,N,N,N,N,N,N,N,N,N,N,N,N,N,N,N,N,N,N,N,N,N,N,N,N,N,N,N
volfas-blanc,10626,Volfas Blanc,Lata/Botella,,N,,,,,,,50.00,,,,Y,Y,110.00,6.000,,N,N,N,N,N,N,N,N,N,N,N,N,N,N,N,N,N,N,N,N,N,N,N,N,N,N,N,N,N,N,N,N,N,N,N,N,N,N,N,N,N,N,N,N,N,N,N,N,N,N,N,N,N,N,N,N,N
volfas-engelman-alcohol-free-568-ml-lata,10966,Volfas Engelman Alcohol Free 568 ml lata,Lata/Botella,,N,,,,,,,37.82,,,,Y,Y,98.00,2.000,,N,N,N,N,N,N,N,N,N,N,N,N,N,N,N,N,N,N,N,N,N,N,N,N,N,N,N,N,N,N,N,N,N,N,N,N,N,N,N,N,N,N,N,N,N,N,N,N,N,N,N,N,N,N,N,N,N
volfas-engelman-apa-568-ml-lata-2,10193,Volfas Engelman APA 568 ml lata,Lata/Botella,,N,,,,,,,48.00,,,,Y,Y,105.00,0.000,0.000,N,N,N,N,N,N,N,N,N,N,N,N,N,N,N,N,N,N,N,N,N,N,N,N,N,N,N,N,N,N,N,N,N,N,N,N,N,N,N,N,N,N,N,N,N,N,N,N,N,N,N,N,N,N,N,N,N
volfas-engelman-balta-pinta-2,10396,Volfas Engelman Balta Pinta,Lata/Botella,,N,,,,,,,48.00,,,,Y,Y,105.00,5.000,,N,N,N,N,N,N,N,N,N,N,N,N,N,N,N,N,N,N,N,N,N,N,N,N,N,N,N,N,N,N,N,N,N,N,N,N,N,N,N,N,N,N,N,N,N,N,N,N,N,N,N,N,N,N,N,N,N
volfas-engelman-baltic-porter-2,10397,Volfas Engelman Baltic Porter,Lata/Botella,,N,,,,,,,50.00,,,,Y,Y,109.00,4.000,,N,N,N,N,N,N,N,N,N,N,N,N,N,N,N,N,N,N,N,N,N,N,N,N,N,N,N,N,N,N,N,N,N,N,N,N,N,N,N,N,N,N,N,N,N,N,N,N,N,N,N,N,N,N,N,N,N
volfas-engelman-bohemijos-568-ml-lata-2,10181,Volfas Engelman Bohemijos 568 ml lata,Lata/Botella,,N,,,,,,,40.73,,,,Y,Y,105.00,6.000,,N,N,N,N,N,N,N,N,N,N,N,N,N,N,N,N,N,N,N,N,N,N,N,N,N,N,N,N,N,N,N,N,N,N,N,N,N,N,N,N,N,N,N,N,N,N,N,N,N,N,N,N,N,N,N,N,N
volfas-engelman-galaxy-dark-ale-568-ml-l-2,10180,Volfas Engelman Galaxy Dark Ale 568 ml l,Lata/Botella,,N,,,,,,,0.00,,,,Y,Y,105.00,0.000,,N,N,N,N,N,N,N,N,N,N,N,N,N,N,N,N,N,N,N,N,N,N,N,N,N,N,N,N,N,N,N,N,N,N,N,N,N,N,N,N,N,N,N,N,N,N,N,N,N,N,N,N,N,N,N,N,N
volfas-engelman-mango-milkshake-pale-ale-2,10182,Volfas Engelman Mango Milkshake Pale Ale,Lata/Botella,,N,,,,,,,48.00,,,,Y,Y,105.00,0.000,,N,N,N,N,N,N,N,N,N,N,N,N,N,N,N,N,N,N,N,N,N,N,N,N,N,N,N,N,N,N,N,N,N,N,N,N,N,N,N,N,N,N,N,N,N,N,N,N,N,N,N,N,N,N,N,N,N
volfas-engelman-neipa-500-ml-lata-2,10183,Volfas Engelman NEIPA 500 ml lata,Lata/Botella,,N,,,,,,,48.00,,,,Y,Y,105.00,4.000,,N,N,N,N,N,N,N,N,N,N,N,N,N,N,N,N,N,N,N,N,N,N,N,N,N,N,N,N,N,N,N,N,N,N,N,N,N,N,N,N,N,N,N,N,N,N,N,N,N,N,N,N,N,N,N,N,N
volfas-imperial-porteris,10479,Volfas Imperial Porteris,Lata/Botella,,N,,,,,,,57.00,,,,Y,Y,108.00,0.000,0.000,N,N,N,N,N,N,N,N,N,N,N,N,N,N,N,N,N,N,N,N,N,N,N,N,N,N,N,N,N,N,N,N,N,N,N,N,N,N,N,N,N,N,N,N,N,N,N,N,N,N,N,N,N,N,N,N,N
volfas--kriek,10739,Volfas- Kriek,Lata/Botella,,N,,,,,,,48.00,,,,Y,Y,105.00,3.000,,N,N,N,N,N,N,N,N,N,N,N,N,N,N,N,N,N,N,N,N,N,N,N,N,N,N,N,N,N,N,N,N,N,N,N,N,N,N,N,N,N,N,N,N,N,N,N,N,N,N,N,N,N,N,N,N,N
weihenstephaner--helles,10431,Weihenstephaner  Original Helles,Lata/Botella,,N,,,,,,,69.50,,,,Y,Y,135.00,6.000,0.000,N,N,N,N,N,N,N,N,N,N,N,N,N,N,N,N,N,N,N,N,N,N,N,N,N,N,N,N,N,N,N,N,N,N,N,N,N,N,N,N,N,N,N,N,N,N,N,N,N,N,N,N,N,N,N,N,N
weihenstephaner---hefeweissbier-2,10048,Weihenstephaner - Hefeweissbier,Lata/Botella,,N,,,,,,,69.00,,,,Y,Y,135.00,22.000,1000000.000,N,N,N,N,N,N,N,N,N,N,N,N,N,N,N,N,N,N,N,N,N,N,N,N,N,N,N,N,N,N,N,N,N,N,N,N,N,N,N,N,N,N,N,N,N,N,N,N,N,N,N,N,N,N,N,N,N
weihenstephaner---korbinian-2,10220,Weihenstephaner - Korbinian,Lata/Botella,,N,,,,,,,79.99,,,,Y,Y,149.00,4.000,,N,N,N,N,N,N,N,N,N,N,N,N,N,N,N,N,N,N,N,N,N,N,N,N,N,N,N,N,N,N,N,N,N,N,N,N,N,N,N,N,N,N,N,N,N,N,N,N,N,N,N,N,N,N,N,N,N
weihenstephaner---vitus-2,10219,Weihenstephaner - Vitus,Lata/Botella,,N,,,,,,,70.00,,,,Y,Y,140.00,0.000,,N,N,N,N,N,N,N,N,N,N,N,N,N,N,N,N,N,N,N,N,N,N,N,N,N,N,N,N,N,N,N,N,N,N,N,N,N,N,N,N,N,N,N,N,N,N,N,N,N,N,N,N,N,N,N,N,N
weihenstephaner-1516-kellerbier-500-ml-b-2,10157,Weihenstephaner 1516 Kellerbier 500 ml b,Lata/Botella,,N,,,,,,,69.50,,,,Y,Y,134.00,0.000,,N,N,N,N,N,N,N,N,N,N,N,N,N,N,N,N,N,N,N,N,N,N,N,N,N,N,N,N,N,N,N,N,N,N,N,N,N,N,N,N,N,N,N,N,N,N,N,N,N,N,N,N,N,N,N,N,N
weihenstephaner-alkoholfrei,11163,Weihenstephaner Alkoholfrei,Lata/Botella,,N,,,,,,,58.19,,,,Y,Y,120.00,0.000,,N,N,N,N,N,N,N,N,N,N,N,N,N,N,N,N,N,N,N,N,N,N,N,N,N,N,N,N,N,N,N,N,N,N,N,N,N,N,N,N,N,N,N,N,N,N,N,N,N,N,N,N,N,N,N,N,N
weihenstephaner-festbier,10786,Weihenstephaner Festbier,Lata/Botella,,N,,,,,,,67.00,,,,Y,Y,127.00,6.000,,N,N,N,N,N,N,N,N,N,N,N,N,N,N,N,N,N,N,N,N,N,N,N,N,N,N,N,N,N,N,N,N,N,N,N,N,N,N,N,N,N,N,N,N,N,N,N,N,N,N,N,N,N,N,N,N,N
weihenstephaner-hefeweissbier-dunkel,10669,Weihenstephaner Hefeweissbier Dunkel,Lata/Botella,,N,,,,,,,69.00,,,,Y,Y,135.00,3.000,,N,N,N,N,N,N,N,N,N,N,N,N,N,N,N,N,N,N,N,N,N,N,N,N,N,N,N,N,N,N,N,N,N,N,N,N,N,N,N,N,N,N,N,N,N,N,N,N,N,N,N,N,N,N,N,N,N
weihenstephaner-kristallweissbier,11151,Weihenstephaner Kristallweissbier,Lata/Botella,,N,,,,,,,66.92,,,,Y,Y,135.00,4.000,,N,N,N,N,N,N,N,N,N,N,N,N,N,N,N,N,N,N,N,N,N,N,N,N,N,N,N,N,N,N,N,N,N,N,N,N,N,N,N,N,N,N,N,N,N,N,N,N,N,N,N,N,N,N,N,N,N
weihenstephaner-pils,10415,Weihenstephaner Pils,Lata/Botella,,N,,,,,,,67.00,,,,Y,Y,134.00,6.000,0.000,N,N,N,N,N,N,N,N,N,N,N,N,N,N,N,N,N,N,N,N,N,N,N,N,N,N,N,N,N,N,N,N,N,N,N,N,N,N,N,N,N,N,N,N,N,N,N,N,N,N,N,N,N,N,N,N,N
weldwerks-coconut-cream-cheesecake-473-m-2,10172,Weldwerks Coconut Cream Cheesecake 473 m,Lata/Botella,,N,,,,,,,0.00,,,,Y,Y,202.00,0.000,,N,N,N,N,N,N,N,N,N,N,N,N,N,N,N,N,N,N,N,N,N,N,N,N,N,N,N,N,N,N,N,N,N,N,N,N,N,N,N,N,N,N,N,N,N,N,N,N,N,N,N,N,N,N,N,N,N
weldwerks-ddh-robo-boogie-473-ml-lata-2,10173,Weldwerks DDH Robo-Boogie 473 ml lata,Lata/Botella,,N,,,,,,,0.00,,,,Y,Y,218.00,0.000,,N,N,N,N,N,N,N,N,N,N,N,N,N,N,N,N,N,N,N,N,N,N,N,N,N,N,N,N,N,N,N,N,N,N,N,N,N,N,N,N,N,N,N,N,N,N,N,N,N,N,N,N,N,N,N,N,N
weldwerks-lazy-river-boba,10778,Weldwerks Lazy River Boba,Lata/Botella,,N,,,,,,,148.99,,,,Y,Y,252.00,0.000,,N,N,N,N,N,N,N,N,N,N,N,N,N,N,N,N,N,N,N,N,N,N,N,N,N,N,N,N,N,N,N,N,N,N,N,N,N,N,N,N,N,N,N,N,N,N,N,N,N,N,N,N,N,N,N,N,N
weldwerks-rocket-pop-parade,10790,Weldwerks Rocket Pop Parade,Lata/Botella,,N,,,,,,,152.00,,,,Y,Y,256.00,0.000,,N,N,N,N,N,N,N,N,N,N,N,N,N,N,N,N,N,N,N,N,N,N,N,N,N,N,N,N,N,N,N,N,N,N,N,N,N,N,N,N,N,N,N,N,N,N,N,N,N,N,N,N,N,N,N,N,N
weldwerks-bee's,10781,Weldwerks-bee's,Lata/Botella,,N,,,,,,,0.00,,,,Y,Y,246.00,0.000,,N,N,N,N,N,N,N,N,N,N,N,N,N,N,N,N,N,N,N,N,N,N,N,N,N,N,N,N,N,N,N,N,N,N,N,N,N,N,N,N,N,N,N,N,N,N,N,N,N,N,N,N,N,N,N,N,N
weldwerks-juicy-bits,10740,Weldwerks-Juicy bits,Lata/Botella,,N,,,,,,,137.00,,,,Y,Y,234.00,0.000,,N,N,N,N,N,N,N,N,N,N,N,N,N,N,N,N,N,N,N,N,N,N,N,N,N,N,N,N,N,N,N,N,N,N,N,N,N,N,N,N,N,N,N,N,N,N,N,N,N,N,N,N,N,N,N,N,N
weltenburger-kloster,11108,Weltenburger-Kloster,Lata/Botella,,N,,,,,,,40.00,,,,Y,Y,120.00,0.000,,N,N,N,N,N,N,N,N,N,N,N,N,N,N,N,N,N,N,N,N,N,N,N,N,N,N,N,N,N,N,N,N,N,N,N,N,N,N,N,N,N,N,N,N,N,N,N,N,N,N,N,N,N,N,N,N,N
welwerks-coconut-margarita,10820,Welwerks Coconut Margarita,Lata/Botella,,N,,,,,,,144.00,,,,Y,Y,244.00,0.000,,N,N,N,N,N,N,N,N,N,N,N,N,N,N,N,N,N,N,N,N,N,N,N,N,N,N,N,N,N,N,N,N,N,N,N,N,N,N,N,N,N,N,N,N,N,N,N,N,N,N,N,N,N,N,N,N,N
wendlandt---compawdres-2,10291,Wendlandt - Compawdres,Lata/Botella,,N,,,,,,,0.00,,,,Y,Y,131.00,0.000,,N,N,N,N,N,N,N,N,N,N,N,N,N,N,N,N,N,N,N,N,N,N,N,N,N,N,N,N,N,N,N,N,N,N,N,N,N,N,N,N,N,N,N,N,N,N,N,N,N,N,N,N,N,N,N,N,N
wendlandt-foca-parlante-2,111,Wendlandt Foca Parlante,Lata/Botella,,N,,,,,,,57.00,,,,Y,Y,115.00,2.000,999999.999,N,N,N,N,N,N,N,N,N,N,N,N,N,N,N,N,N,N,N,N,N,N,N,N,N,N,N,N,N,N,N,N,N,N,N,N,N,N,N,N,N,N,N,N,N,N,N,N,N,N,N,N,N,N,N,N,N
wendlandt-gol-de-oro,11171,Wendlandt Gol de Oro,Lata/Botella,,N,,,,,,,60.00,,,,Y,Y,114.00,2.000,,N,N,N,N,N,N,N,N,N,N,N,N,N,N,N,N,N,N,N,N,N,N,N,N,N,N,N,N,N,N,N,N,N,N,N,N,N,N,N,N,N,N,N,N,N,N,N,N,N,N,N,N,N,N,N,N,N
wendlandt-harry-polanco-2,112,Wendlandt Harry Polanco,Lata/Botella,,N,,,,,,,57.00,,,,Y,Y,115.00,13.000,999999.999,N,N,N,N,N,N,N,N,N,N,N,N,N,N,N,N,N,N,N,N,N,N,N,N,N,N,N,N,N,N,N,N,N,N,N,N,N,N,N,N,N,N,N,N,N,N,N,N,N,N,N,N,N,N,N,N,N
wendlandt-holy-boot,10478,Wendlandt Holy Boot,Lata/Botella,,N,,,,,,,82.00,,,,Y,Y,153.00,0.000,0.000,N,N,N,N,N,N,N,N,N,N,N,N,N,N,N,N,N,N,N,N,N,N,N,N,N,N,N,N,N,N,N,N,N,N,N,N,N,N,N,N,N,N,N,N,N,N,N,N,N,N,N,N,N,N,N,N,N
wendlandt-perro-del-mar-2,113,Wendlandt Perro del Mar,Lata/Botella,,N,,,,,,,57.00,,,,Y,Y,115.00,0.000,999999.999,N,N,N,N,N,N,N,N,N,N,N,N,N,N,N,N,N,N,N,N,N,N,N,N,N,N,N,N,N,N,N,N,N,N,N,N,N,N,N,N,N,N,N,N,N,N,N,N,N,N,N,N,N,N,N,N,N
wendlandt-perro-light,11172,Wendlandt Perro Lite,Lata/Botella,,N,,,,,,,57.00,,,,Y,Y,115.00,0.000,,N,N,N,N,N,N,N,N,N,N,N,N,N,N,N,N,N,N,N,N,N,N,N,N,N,N,N,N,N,N,N,N,N,N,N,N,N,N,N,N,N,N,N,N,N,N,N,N,N,N,N,N,N,N,N,N,N
wendlandt-shiosai,10803,Wendlandt Shiosai,Lata/Botella,,N,,,,,,,65.00,,,,Y,Y,124.00,0.000,,N,N,N,N,N,N,N,N,N,N,N,N,N,N,N,N,N,N,N,N,N,N,N,N,N,N,N,N,N,N,N,N,N,N,N,N,N,N,N,N,N,N,N,N,N,N,N,N,N,N,N,N,N,N,N,N,N
wendlandt-tuna-turner-2,115,Wendlandt Tuna Turner,Lata/Botella,,N,,,,,,,0.00,,,,Y,Y,115.00,0.000,1000000.000,N,N,N,N,N,N,N,N,N,N,N,N,N,N,N,N,N,N,N,N,N,N,N,N,N,N,N,N,N,N,N,N,N,N,N,N,N,N,N,N,N,N,N,N,N,N,N,N,N,N,N,N,N,N,N,N,N
wendlandt-vaquita-marina-2,114,Wendlandt Vaquita Marina,Lata/Botella,,N,,,,,,,57.00,,,,Y,Y,115.00,0.000,999999.999,N,N,N,N,N,N,N,N,N,N,N,N,N,N,N,N,N,N,N,N,N,N,N,N,N,N,N,N,N,N,N,N,N,N,N,N,N,N,N,N,N,N,N,N,N,N,N,N,N,N,N,N,N,N,N,N,N
wendlandt-vera-niega-2,116,Wendlandt Vera Niega,Lata/Botella,,N,,,,,,,0.00,,,,Y,Y,95.00,0.000,1000000.000,N,N,N,N,N,N,N,N,N,N,N,N,N,N,N,N,N,N,N,N,N,N,N,N,N,N,N,N,N,N,N,N,N,N,N,N,N,N,N,N,N,N,N,N,N,N,N,N,N,N,N,N,N,N,N,N,N
wendlandt-x-insurgente-tres-amigos,10673,Wendlandt x Insurgente-tres amigos,Lata/Botella,,N,,,,,,,0.00,,,,Y,Y,145.00,0.000,,N,N,N,N,N,N,N,N,N,N,N,N,N,N,N,N,N,N,N,N,N,N,N,N,N,N,N,N,N,N,N,N,N,N,N,N,N,N,N,N,N,N,N,N,N,N,N,N,N,N,N,N,N,N,N,N,N
wendlandt/farland-dark-matter-2,10409,Wendlandt/Farland Dark Matter,Lata/Botella,,N,,,,,,,82.00,,,,Y,Y,153.00,0.000,,N,N,N,N,N,N,N,N,N,N,N,N,N,N,N,N,N,N,N,N,N,N,N,N,N,N,N,N,N,N,N,N,N,N,N,N,N,N,N,N,N,N,N,N,N,N,N,N,N,N,N,N,N,N,N,N,N
westmalle---tripel-2,10051,Westmalle - Tripel,Lata/Botella,,N,,,,,,,96.02,,,,Y,Y,175.00,0.000,1000000.000,N,N,N,N,N,N,N,N,N,N,N,N,N,N,N,N,N,N,N,N,N,N,N,N,N,N,N,N,N,N,N,N,N,N,N,N,N,N,N,N,N,N,N,N,N,N,N,N,N,N,N,N,N,N,N,N,N
westmalle-dubbel,10570,Westmalle Dubbel,Lata/Botella,,N,,,,,,,86.33,,,,Y,Y,160.00,4.000,0.000,N,N,N,N,N,N,N,N,N,N,N,N,N,N,N,N,N,N,N,N,N,N,N,N,N,N,N,N,N,N,N,N,N,N,N,N,N,N,N,N,N,N,N,N,N,N,N,N,N,N,N,N,N,N,N,N,N
westmalle-extra,10568,Westmalle Extra,Lata/Botella,,N,,,,,,,81.48,,,,Y,Y,152.00,6.000,0.000,N,N,N,N,N,N,N,N,N,N,N,N,N,N,N,N,N,N,N,N,N,N,N,N,N,N,N,N,N,N,N,N,N,N,N,N,N,N,N,N,N,N,N,N,N,N,N,N,N,N,N,N,N,N,N,N,N
whisky-black-and-white-2,10205,Whisky Black and White,Lata/Botella,,N,,,,,,,0.00,,,,Y,Y,125.00,0.000,0.000,N,N,N,N,N,N,N,N,N,N,N,N,N,N,N,N,N,N,N,N,N,N,N,N,N,N,N,N,N,N,N,N,N,N,N,N,N,N,N,N,N,N,N,N,N,N,N,N,N,N,N,N,N,N,N,N,N
wychwood---hobgoblin-gold,10810,Wychwood - Hobgoblin Gold,Lata/Botella,,N,,,,,,,81.00,,,,Y,Y,151.00,5.000,,N,N,N,N,N,N,N,N,N,N,N,N,N,N,N,N,N,N,N,N,N,N,N,N,N,N,N,N,N,N,N,N,N,N,N,N,N,N,N,N,N,N,N,N,N,N,N,N,N,N,N,N,N,N,N,N,N
wychwood---hobgoblin-ipa-2,10101,Wychwood - Hobgoblin IPA,Lata/Botella,,N,,,,,,,105.00,,,,Y,Y,190.00,5.000,1000000.000,N,N,N,N,N,N,N,N,N,N,N,N,N,N,N,N,N,N,N,N,N,N,N,N,N,N,N,N,N,N,N,N,N,N,N,N,N,N,N,N,N,N,N,N,N,N,N,N,N,N,N,N,N,N,N,N,N
wychwood---hobgoblin-ruby-botella-2,10100,Wychwood - Hobgoblin Ruby Lata,Lata/Botella,,N,,,,,,,81.00,,,,Y,Y,151.00,11.000,1000000.000,N,N,N,N,N,N,N,N,N,N,N,N,N,N,N,N,N,N,N,N,N,N,N,N,N,N,N,N,N,N,N,N,N,N,N,N,N,N,N,N,N,N,N,N,N,N,N,N,N,N,N,N,N,N,N,N,N
wychwood---king-goblin-2,10102,Wychwood - King Goblin,Lata/Botella,,N,,,,,,,105.00,,,,Y,Y,190.00,-1.000,1000000.000,N,N,N,N,N,N,N,N,N,N,N,N,N,N,N,N,N,N,N,N,N,N,N,N,N,N,N,N,N,N,N,N,N,N,N,N,N,N,N,N,N,N,N,N,N,N,N,N,N,N,N,N,N,N,N,N,N
youngs---double-chocolate-2,10105,Youngs - Double Chocolate,Lata/Botella,,N,,,,,,,110.00,,,,Y,Y,198.00,0.000,1000000.000,N,N,N,N,N,N,N,N,N,N,N,N,N,N,N,N,N,N,N,N,N,N,N,N,N,N,N,N,N,N,N,N,N,N,N,N,N,N,N,N,N,N,N,N,N,N,N,N,N,N,N,N,N,N,N,N,N
zillertal-caguama,10609,Zillertal Caguama,Lata/Botella,,N,,,,,,,100.00,,,,Y,Y,245.00,0.000,,N,N,N,N,N,N,N,N,N,N,N,N,N,N,N,N,N,N,N,N,N,N,N,N,N,N,N,N,N,N,N,N,N,N,N,N,N,N,N,N,N,N,N,N,N,N,N,N,N,N,N,N,N,N,N,N,N
zorra---imperial-peanut-stout-(etiqueta-negra)-2,10279,Zorra - Imperial Peanut Stout (Etiqueta Negra),Lata/Botella,,N,,,,,,,0.00,,,,Y,Y,95.00,0.000,,N,N,N,N,N,N,N,N,N,N,N,N,N,N,N,N,N,N,N,N,N,N,N,N,N,N,N,N,N,N,N,N,N,N,N,N,N,N,N,N,N,N,N,N,N,N,N,N,N,N,N,N,N,N,N,N,N
zorra---rye-session-ipa-(etiqueta-verde-claro)-2,10280,Zorra - Rye Session IPA (Etiqueta Verde Claro),Lata/Botella,,N,,,,,,,0.00,,,,Y,Y,95.00,0.000,,N,N,N,N,N,N,N,N,N,N,N,N,N,N,N,N,N,N,N,N,N,N,N,N,N,N,N,N,N,N,N,N,N,N,N,N,N,N,N,N,N,N,N,N,N,N,N,N,N,N,N,N,N,N,N,N,N
zorra---terroir-2024-2,10298,Zorra - Terroir 2024,Lata/Botella,,N,,,,,,,0.00,,,,Y,Y,170.00,0.000,,N,N,N,N,N,N,N,N,N,N,N,N,N,N,N,N,N,N,N,N,N,N,N,N,N,N,N,N,N,N,N,N,N,N,N,N,N,N,N,N,N,N,N,N,N,N,N,N,N,N,N,N,N,N,N,N,N
zorra-10-años-ipa-citra,10385,Zorra 10 años IPA Citra,Lata/Botella,,N,,,,,,,95.00,,,,Y,Y,174.00,0.000,0.000,N,N,N,N,N,N,N,N,N,N,N,N,N,N,N,N,N,N,N,N,N,N,N,N,N,N,N,N,N,N,N,N,N,N,N,N,N,N,N,N,N,N,N,N,N,N,N,N,N,N,N,N,N,N,N,N,N
zorra-11-aniversario-doppio-vainilla,11030,Zorra 11 Aniversario Doppio Vainilla,Lata/Botella,,N,,,,,,,100.00,,,,Y,Y,182.00,0.000,,N,N,N,N,N,N,N,N,N,N,N,N,N,N,N,N,N,N,N,N,N,N,N,N,N,N,N,N,N,N,N,N,N,N,N,N,N,N,N,N,N,N,N,N,N,N,N,N,N,N,N,N,N,N,N,N,N
zorra-11-aniversario-super-ci,11005,Zorra 11 Aniversario Super Ci,Lata/Botella,,N,,,,,,,100.00,,,,Y,Y,182.00,0.000,,N,N,N,N,N,N,N,N,N,N,N,N,N,N,N,N,N,N,N,N,N,N,N,N,N,N,N,N,N,N,N,N,N,N,N,N,N,N,N,N,N,N,N,N,N,N,N,N,N,N,N,N,N,N,N,N,N
zorra-barley-pie-apple-pie,10941,Zorra Barley Pie Apple Pie,Lata/Botella,,N,,,,,,,100.00,,,,Y,Y,182.00,0.000,,N,N,N,N,N,N,N,N,N,N,N,N,N,N,N,N,N,N,N,N,N,N,N,N,N,N,N,N,N,N,N,N,N,N,N,N,N,N,N,N,N,N,N,N,N,N,N,N,N,N,N,N,N,N,N,N,N
zorra-berry-summer-ale,10420,Zorra Berry Summer Ale,Lata/Botella,,N,,,,,,,0.00,,,,Y,Y,97.00,0.000,0.000,N,N,N,N,N,N,N,N,N,N,N,N,N,N,N,N,N,N,N,N,N,N,N,N,N,N,N,N,N,N,N,N,N,N,N,N,N,N,N,N,N,N,N,N,N,N,N,N,N,N,N,N,N,N,N,N,N
zorra-mole-negro,11176,Zorra Mole Negro,Lata/Botella,,N,,,,,,,93.00,,,,Y,Y,170.00,0.000,,N,N,N,N,N,N,N,N,N,N,N,N,N,N,N,N,N,N,N,N,N,N,N,N,N,N,N,N,N,N,N,N,N,N,N,N,N,N,N,N,N,N,N,N,N,N,N,N,N,N,N,N,N,N,N,N,N
zorra-terroir-2025,10804,Zorra Terroir 2025,Lata/Botella,,N,,,,,,,100.00,,,,Y,Y,182.00,3.000,,N,N,N,N,N,N,N,N,N,N,N,N,N,N,N,N,N,N,N,N,N,N,N,N,N,N,N,N,N,N,N,N,N,N,N,N,N,N,N,N,N,N,N,N,N,N,N,N,N,N,N,N,N,N,N,N,N
zorra/cuatro-palos-la-conspiración,10421,Zorra/Cuatro Palos La Conspiración,Lata/Botella,,N,,,,,,,0.00,,,,Y,Y,136.00,0.000,0.000,N,N,N,N,N,N,N,N,N,N,N,N,N,N,N,N,N,N,N,N,N,N,N,N,N,N,N,N,N,N,N,N,N,N,N,N,N,N,N,N,N,N,N,N,N,N,N,N,N,N,N,N,N,N,N,N,N
